id_municipio,municipio,sigla_uf,regiao,status_dominio_modelo,n_alunos,probabilidade_media_risco,carga_risco_estimada,taxa_sinalizada_risco,taxa_risco_real,taxa_alfabetizacao_real,rank_probabilidade_risco_geral,rank_carga_risco_geral,percentil_risco_modelo,faixa_risco_relativo
3163409,São José do Goiabal,MG,Sudeste,DOMINIO_INTERMEDIARIO,50,0.363236584300512,18.161829215025598,0.0,0.14,0.86,2789,4100,0.494652891063984,ate_P50
3112505,Capim Branco,MG,Sudeste,DOMINIO_INTERMEDIARIO,110,0.3590074234483417,39.49081657931759,0.0,0.2181818181818181,0.7818181818181819,2905,2798,0.47362697117998914,ate_P50
3145406,Olaria,MG,Sudeste,DOMINIO_INTERMEDIARIO,17,0.3439627814135572,5.847367284030472,0.0,0.1176470588235294,0.8823529411764706,3246,5285,0.41181801703824544,ate_P50
3166600,Serra da Saudade,MG,Sudeste,DOMINIO_INTERMEDIARIO,10,0.3104366586775564,3.104366586775564,0.0,0.1,0.9,3986,5484,0.2776871488127606,ate_P50
3142502,Monjolos,MG,Sudeste,DOMINIO_INTERMEDIARIO,30,0.307100799032469,9.21302397097407,0.0,0.0666666666666666,0.9333333333333332,4043,4956,0.26735544680079754,ate_P50
4300471,Almirante Tamandaré do Sul,RS,Sul,DOMINIO_INTERMEDIARIO,11,0.264429434698182,2.908723781680002,0.0,0.6363636363636364,0.3636363636363636,4626,5495,0.1616820735907196,ate_P50
4310751,Ivorá,RS,Sul,DOMINIO_INTERMEDIARIO,15,0.2459010362274354,3.688515543411531,0.0,0.4,0.6,4876,5452,0.11636759108210984,ate_P50
4128625,Alto Paraíso,PR,Sul,DOMINIO_INTERMEDIARIO,44,0.2390609598599924,10.518682233839666,0.0,0.2954545454545454,0.7045454545454546,4957,4829,0.10168569874932028,ate_P50
4309258,Guabiju,RS,Sul,DOMINIO_INTERMEDIARIO,15,0.2342319320545011,3.5134789808175166,0.0,0.3333333333333333,0.6666666666666666,5024,5459,0.08954141743701287,ate_P50
4306759,Doutor Ricardo,RS,Sul,DOMINIO_INTERMEDIARIO,15,0.2332083200774929,3.4981248011623935,0.0,0.2,0.8,5040,5460,0.08664129055646184,ate_P50
4318432,São João do Polêsine,RS,Sul,DOMINIO_INTERMEDIARIO,13,0.2315787391171205,3.0105236085225666,0.0,0.0769230769230769,0.9230769230769232,5058,5489,0.08337864781584195,ate_P50
1200435,Santa Rosa do Purus,AC,Norte,FORA_DOMINIO_UF,58,0.5913088483591045,34.29591320482806,1.0,0.8448275862068966,0.1551724137931034,570,3025,0.8968642378104043,P75_P90
1200054,Assis Brasil,AC,Norte,FORA_DOMINIO_UF,103,0.5888094825470465,60.64737670234579,1.0,0.4951456310679611,0.5048543689320388,589,2071,0.8934203371397499,P75_P90
1200179,Capixaba,AC,Norte,FORA_DOMINIO_UF,151,0.5660135236303601,85.46804206818437,1.0,0.6423841059602649,0.3576158940397351,736,1562,0.8667754214246873,P75_P90
1200393,Porto Walter,AC,Norte,FORA_DOMINIO_UF,87,0.562243420425721,48.915177577037724,1.0,0.5977011494252874,0.4022988505747126,755,2431,0.863331520754033,P75_P90
1200500,Sena Madureira,AC,Norte,FORA_DOMINIO_UF,482,0.5611680806641058,270.483014880099,1.0,0.3443983402489626,0.6556016597510373,761,491,0.8622439731738264,P75_P90
1200609,Tarauacá,AC,Norte,FORA_DOMINIO_UF,619,0.5488832975489307,339.75876118278813,1.0,0.4943457189014539,0.505654281098546,814,374,0.8526373028820011,P75_P90
5300108,Brasília,DF,Centro-Oeste,FORA_DOMINIO_UF,22111,0.5450308642916151,12051.177440351901,1.0,0.4057256569128488,0.5942743430871512,835,3,0.8488308863512779,P75_P90
1200328,Jordão,AC,Norte,FORA_DOMINIO_UF,97,0.5415978735217131,52.534993731606164,1.0,0.6907216494845361,0.3092783505154639,856,2301,0.8450244698205547,P75_P90
1200401,Rio Branco,AC,Norte,FORA_DOMINIO_UF,4491,0.5407357348861359,2428.444185373636,1.0,0.451792473836562,0.548207526163438,860,31,0.8442994381004169,P75_P90
1200203,Cruzeiro do Sul,AC,Norte,FORA_DOMINIO_UF,1103,0.5373168611504469,592.6604978489429,1.0,0.4841341795104261,0.5158658204895739,882,208,0.8403117636396592,P75_P90
1200427,Rodrigues Alves,AC,Norte,FORA_DOMINIO_UF,143,0.5307510482135704,75.89739989454057,1.0,0.5874125874125874,0.4125874125874126,910,1739,0.835236541598695,P75_P90
1200344,Manoel Urbano,AC,Norte,FORA_DOMINIO_UF,189,0.5261570338972883,99.44367940658749,1.0,0.5661375661375662,0.4338624338624338,932,1355,0.8312488671379373,P75_P90
3516309,Francisco Morato,SP,Sudeste,FORA_DOMINIO_UF,2160,0.517096293861803,1116.9279947414946,0.9625,0.4902777777777777,0.5097222222222222,981,99,0.8223672285662498,P75_P90
1200302,Feijó,AC,Norte,FORA_DOMINIO_UF,391,0.5117212584284835,200.08301204553703,1.0,0.3580562659846547,0.6419437340153452,1012,681,0.8167482327351822,P75_P90
1200104,Brasiléia,AC,Norte,FORA_DOMINIO_UF,385,0.511660990960584,196.98948151982486,0.7974025974025974,0.5116883116883116,0.4883116883116883,1014,691,0.8163857168751133,P75_P90
1200351,Marechal Thaumaturgo,AC,Norte,FORA_DOMINIO_UF,136,0.4967154150831747,67.55329645131175,1.0,0.375,0.625,1085,1943,0.8035164038426681,P75_P90
3534401,Osasco,SP,Sudeste,FORA_DOMINIO_UF,6664,0.4954126725983904,3301.4300501956736,1.0,0.5081032412965186,0.4918967587034814,1091,19,0.8024288562624615,P75_P90
3513603,Cunha,SP,Sudeste,FORA_DOMINIO_UF,135,0.4916764371809227,66.37631901942456,1.0,0.4222222222222222,0.5777777777777777,1111,1956,0.7988036976617727,P75_P90
1200807,Porto Acre,AC,Norte,FORA_DOMINIO_UF,236,0.4911822614433705,115.91901370063545,1.0,0.6016949152542372,0.3983050847457627,1116,1155,0.7978974080116005,P75_P90
3513009,Cotia,SP,Sudeste,FORA_DOMINIO_UF,2899,0.4882898840863497,1415.5523739663279,1.0,0.5053466712659538,0.4946533287340462,1134,72,0.7946347652709806,P75_P90
3523107,Itaquaquecetuba,SP,Sudeste,FORA_DOMINIO_UF,4693,0.4862236733451495,2281.8476990087865,0.9648412529298956,0.4229703814191349,0.5770296185808651,1142,33,0.7931847018307051,P75_P90
3518800,Guarulhos,SP,Sudeste,FORA_DOMINIO_UF,13135,0.4855199983518086,6377.305178351005,1.0,0.5002664636467453,0.4997335363532547,1145,6,0.7926409280406018,P75_P90
1200450,Senador Guiomard,AC,Norte,FORA_DOMINIO_UF,280,0.4853400418831747,135.8952117272889,1.0,0.5142857142857142,0.4857142857142857,1146,992,0.7924596701105673,P75_P90
1200336,Mâncio Lima,AC,Norte,FORA_DOMINIO_UF,215,0.4807223479362383,103.35530480629123,1.0,0.6139534883720931,0.386046511627907,1175,1299,0.7872031901395686,P75_P90
3521200,Iporanga,SP,Sudeste,FORA_DOMINIO_UF,32,0.4732708361435754,15.144666756594413,1.0,0.34375,0.65625,1222,4389,0.7786840674279499,P75_P90
3549805,São José do Rio Preto,SP,Sudeste,FORA_DOMINIO_UF,3296,0.4707447166995602,1551.5745862417505,1.0,0.4299150485436893,0.5700849514563107,1240,60,0.7754214246873301,P75_P90
1200252,Epitaciolândia,AC,Norte,FORA_DOMINIO_UF,293,0.4706198924716336,137.89162849418864,1.0,0.4675767918088737,0.5324232081911263,1242,980,0.7750589088272611,P75_P90
1200138,Bujari,AC,Norte,FORA_DOMINIO_UF,176,0.4696975211101649,82.66676371538902,1.0,0.7443181818181818,0.2556818181818182,1251,1613,0.7734275874569513,P75_P90
3549904,São José dos Campos,SP,Sudeste,FORA_DOMINIO_UF,6763,0.4661591468517284,3152.634310158239,1.0,0.3538370545615851,0.6461629454384149,1282,22,0.7678085916258837,P75_P90
3506359,Bertioga,SP,Sudeste,FORA_DOMINIO_UF,963,0.4644157090642111,447.23232782883525,1.0,0.3011422637590862,0.6988577362409139,1295,282,0.765452238535436,P75_P90
3522505,Itapevi,SP,Sudeste,FORA_DOMINIO_UF,3253,0.4637774987035556,1508.6682032826664,1.0,0.4438979403627421,0.5561020596372579,1301,62,0.7643646909552293,P75_P90
3522109,Itanhaém,SP,Sudeste,FORA_DOMINIO_UF,1291,0.4631402523069063,597.9140657282161,1.0,0.5158791634391944,0.4841208365608055,1309,204,0.7629146275149538,P75_P90
3541000,Praia Grande,SP,Sudeste,FORA_DOMINIO_UF,3853,0.4624667869929406,1781.8845302838001,1.0,0.4887100960290683,0.5112899039709318,1311,50,0.7625521116548849,P75_P90
3504107,Atibaia,SP,Sudeste,FORA_DOMINIO_UF,1697,0.4615127953358064,783.1872136848635,0.9882144961697112,0.3464938126104891,0.6535061873895109,1317,150,0.7614645640746782,P75_P90
1200385,Plácido de Castro,AC,Norte,FORA_DOMINIO_UF,214,0.4600404294308789,98.44865189820808,1.0,0.6308411214953271,0.3691588785046729,1331,1366,0.7589269530541961,P75_P90
3552809,Taboão da Serra,SP,Sudeste,FORA_DOMINIO_UF,2465,0.456956837597604,1126.398604678094,0.9797160243407708,0.5066937119675456,0.4933062880324543,1356,97,0.7543955048033352,P75_P90
3528502,Mairiporã,SP,Sudeste,FORA_DOMINIO_UF,898,0.4537184324784886,407.43915236568273,1.0,0.3652561247216035,0.6347438752783965,1385,312,0.7491390248323364,P50_P75
3551009,São Vicente,SP,Sudeste,FORA_DOMINIO_UF,3048,0.4536282947264977,1382.659042326365,0.9803149606299212,0.5131233595800525,0.4868766404199475,1387,76,0.7487765089722676,P50_P75
3522208,Itapecerica da Serra,SP,Sudeste,FORA_DOMINIO_UF,1878,0.4453089777822618,836.2902602750877,0.941427050053248,0.4462193823216187,0.5537806176783813,1457,136,0.7360884538698568,P50_P75
3503901,Arujá,SP,Sudeste,FORA_DOMINIO_UF,1016,0.439933266416717,446.97219867938446,1.0,0.389763779527559,0.610236220472441,1516,283,0.7253942359978249,P50_P75
3548708,São Bernardo do Campo,SP,Sudeste,FORA_DOMINIO_UF,6727,0.4390732138461507,2953.645509543056,1.0,0.4569644715326297,0.5430355284673704,1520,24,0.7246692042776871,P50_P75
1200013,Acrelândia,AC,Norte,FORA_DOMINIO_UF,180,0.4358907181598083,78.46032926876549,1.0,0.4111111111111111,0.5888888888888889,1554,1702,0.7185064346565162,P50_P75
3516408,Franco da Rocha,SP,Sudeste,FORA_DOMINIO_UF,1792,0.4357435775123287,780.852490902093,0.9252232142857144,0.5161830357142857,0.4838169642857143,1556,152,0.7181439187964473,P50_P75
3552205,Sorocaba,SP,Sudeste,FORA_DOMINIO_UF,6334,0.434858459396854,2754.3934818196735,0.8468582254499526,0.4490053678560151,0.5509946321439848,1565,26,0.7165125974261374,P50_P75
3515707,Ferraz de Vasconcelos,SP,Sudeste,FORA_DOMINIO_UF,1961,0.4342106191393057,851.4870241321785,1.0,0.3477817440081591,0.6522182559918409,1573,132,0.7150625339858618,P50_P75
3547809,Santo André,SP,Sudeste,FORA_DOMINIO_UF,4506,0.4318842561251574,1946.0704580999593,0.8007101642254771,0.3903683976919662,0.6096316023080337,1603,43,0.7096247960848288,P50_P75
3539806,Poá,SP,Sudeste,FORA_DOMINIO_UF,1172,0.4308479584850327,504.9538073444583,1.0,0.4786689419795222,0.5213310580204779,1622,242,0.7061808954141744,P50_P75
3525003,Jandira,SP,Sudeste,FORA_DOMINIO_UF,912,0.4304865961635927,392.6037757011965,1.0,0.4868421052631579,0.5131578947368421,1626,328,0.7054558636940366,P50_P75
3509502,Campinas,SP,Sudeste,FORA_DOMINIO_UF,8899,0.4288953586615648,3816.7397967292654,1.0,0.3375660186537813,0.6624339813462187,1651,13,0.7009244154431756,P50_P75
3531100,Mongaguá,SP,Sudeste,FORA_DOMINIO_UF,748,0.4265617432742317,319.0681839691253,1.0,0.5788770053475936,0.4211229946524064,1684,404,0.6949429037520392,P50_P75
3552403,Sumaré,SP,Sudeste,FORA_DOMINIO_UF,2702,0.4260767028580574,1151.2592511224711,0.692079940784604,0.4189489267209474,0.5810510732790526,1691,94,0.693674098241798,P50_P75
3525201,Jarinu,SP,Sudeste,FORA_DOMINIO_UF,507,0.425279740706922,215.61682853840944,1.0,0.5581854043392505,0.4418145956607495,1697,637,0.6925865506615915,P50_P75
3556453,Vargem Grande Paulista,SP,Sudeste,FORA_DOMINIO_UF,545,0.4244564883883989,231.3287861716774,1.0,0.3559633027522936,0.6440366972477064,1706,592,0.6909552292912815,P50_P75
3543402,Ribeirão Preto,SP,Sudeste,FORA_DOMINIO_UF,4822,0.4226636818284731,2038.0842737768971,1.0,0.4381999170468685,0.5618000829531314,1728,37,0.6869675548305239,P50_P75
3520509,Indaiatuba,SP,Sudeste,FORA_DOMINIO_UF,2404,0.421683629226499,1013.7274446605036,1.0,0.3714642262895175,0.6285357737104825,1746,111,0.6837049120899039,P50_P75
3515103,Embu-Guaçu,SP,Sudeste,FORA_DOMINIO_UF,756,0.4207449977295824,318.0832182835643,1.0,0.4246031746031746,0.5753968253968254,1764,406,0.680442269349284,P50_P75
3542602,Registro,SP,Sudeste,FORA_DOMINIO_UF,514,0.4198398155798125,215.7976652080236,1.0,0.3560311284046693,0.6439688715953308,1776,636,0.6782671741888707,P50_P75
3555406,Ubatuba,SP,Sudeste,FORA_DOMINIO_UF,972,0.4193672974265132,407.62501309857083,1.0,0.6316872427983539,0.3683127572016461,1785,311,0.6766358528185608,P50_P75
3522307,Itapetininga,SP,Sudeste,FORA_DOMINIO_UF,1519,0.4175315908006107,634.2304864261276,0.8887425938117183,0.45687952600395,0.54312047399605,1801,197,0.6737357259380098,P50_P75
3538709,Piracicaba,SP,Sudeste,FORA_DOMINIO_UF,3598,0.4174779408905394,1502.0856313241609,0.8521400778210116,0.3966092273485269,0.603390772651473,1802,64,0.6735544680079754,P50_P75
3556354,Vargem,SP,Sudeste,FORA_DOMINIO_UF,86,0.4171933317034916,35.87862652650028,1.0,0.3372093023255814,0.6627906976744186,1805,2946,0.6730106942178721,P50_P75
3557006,Votorantim,SP,Sudeste,FORA_DOMINIO_UF,1103,0.4167798522470269,459.7081770284707,1.0,0.4514959202175884,0.5485040797824116,1812,273,0.671741888707631,P50_P75
3518701,Guarujá,SP,Sudeste,FORA_DOMINIO_UF,3023,0.4167101415528387,1259.7147579142313,0.6179292093946411,0.511081706913662,0.488918293086338,1814,88,0.6713793728475621,P50_P75
3541406,Presidente Prudente,SP,Sudeste,FORA_DOMINIO_UF,1708,0.4166415096347877,711.6236984562174,1.0,0.3881733021077283,0.6118266978922716,1817,172,0.6708355990574587,P50_P75
3550308,São Paulo,SP,Sudeste,FORA_DOMINIO_UF,94373,0.4163887726561969,39295.85764188327,0.4424040774374026,0.4340754241149481,0.5659245758850519,1823,1,0.6697480514772521,P50_P75
1200708,Xapuri,AC,Norte,FORA_DOMINIO_UF,205,0.4161493327091425,85.31061320537421,0.5170731707317073,0.4780487804878048,0.5219512195121951,1824,1566,0.6695667935472177,P50_P75
3509007,Caieiras,SP,Sudeste,FORA_DOMINIO_UF,1025,0.4155655083277405,425.954646035934,0.9746341463414634,0.4751219512195122,0.5248780487804878,1827,294,0.6690230197571144,P50_P75
3524402,Jacareí,SP,Sudeste,FORA_DOMINIO_UF,2047,0.4154573103915078,850.4411143714165,1.0,0.4807034684904738,0.5192965315095261,1829,133,0.6686605038970455,P50_P75
3515004,Embu das Artes,SP,Sudeste,FORA_DOMINIO_UF,2895,0.4144197382666779,1199.7451422820325,0.6718480138169257,0.5050086355785838,0.4949913644214162,1841,92,0.6664854087366322,P50_P75
3556503,Várzea Paulista,SP,Sudeste,FORA_DOMINIO_UF,1188,0.414240624014244,492.1178613289219,1.0,0.468013468013468,0.531986531986532,1844,252,0.6659416349465289,P50_P75
3531803,Monte Mor,SP,Sudeste,FORA_DOMINIO_UF,754,0.4132523585349057,311.5922783353189,1.0,0.5278514588859416,0.4721485411140583,1855,422,0.6639477977161501,P50_P75
3537206,Pedro de Toledo,SP,Sudeste,FORA_DOMINIO_UF,106,0.4130496992340582,43.78326811881017,1.0,0.5377358490566038,0.4622641509433962,1859,2610,0.6632227659960124,P50_P75
3505708,Barueri,SP,Sudeste,FORA_DOMINIO_UF,4293,0.412164721084663,1769.4231476164582,1.0,0.3167947822035872,0.6832052177964127,1865,52,0.6621352184158057,P50_P75
3519600,Ibitinga,SP,Sudeste,FORA_DOMINIO_UF,511,0.4112036365871216,210.12505829601915,1.0,0.5048923679060665,0.4951076320939334,1875,652,0.6603226391154613,P50_P75
3519709,Ibiúna,SP,Sudeste,FORA_DOMINIO_UF,963,0.4100578539128681,394.885713318092,1.0,0.4683281412253375,0.5316718587746625,1886,323,0.6583288018850825,P50_P75
3547304,Santana de Parnaíba,SP,Sudeste,FORA_DOMINIO_UF,1695,0.4099286145344791,694.8290016359421,0.0,0.3935103244837758,0.6064896755162242,1889,178,0.6577850280949792,P50_P75
3510500,Caraguatatuba,SP,Sudeste,FORA_DOMINIO_UF,1504,0.4097652875144864,616.2869924217875,0.0,0.4175531914893617,0.5824468085106383,1891,200,0.6574225122349103,P50_P75
3525904,Jundiaí,SP,Sudeste,FORA_DOMINIO_UF,3499,0.409256953830913,1431.9900814543646,0.0,0.294941411831952,0.705058588168048,1895,71,0.6566974805147725,P50_P75
3538006,Pindamonhangaba,SP,Sudeste,FORA_DOMINIO_UF,1412,0.4091189085802567,577.6758989153225,0.0,0.3597733711048159,0.6402266288951841,1900,215,0.6557911908646004,P50_P75
3506003,Bauru,SP,Sudeste,FORA_DOMINIO_UF,2786,0.408026437744615,1136.7616555564973,0.4504666188083273,0.4002153625269203,0.5997846374730796,1914,95,0.6532535798441181,P50_P75
3506607,Biritiba Mirim,SP,Sudeste,FORA_DOMINIO_UF,302,0.4076597676061857,123.11324981706808,0.0,0.4768211920529801,0.5231788079470199,1919,1089,0.652347290193946,P50_P75
3530607,Mogi das Cruzes,SP,Sudeste,FORA_DOMINIO_UF,4279,0.4068163527624769,1740.7671734706387,0.0,0.5188128067305445,0.4811871932694554,1932,53,0.6499909371034983,P50_P75
3510203,Capão Bonito,SP,Sudeste,FORA_DOMINIO_UF,504,0.4066028967244537,204.92785994912467,0.0,0.2539682539682539,0.746031746031746,1938,670,0.6489033895232916,P50_P75
3543907,Rio Claro,SP,Sudeste,FORA_DOMINIO_UF,1648,0.4060772475749692,669.2153040035492,0.0,0.4550970873786408,0.5449029126213593,1945,184,0.6476345840130505,P50_P75
3537602,Peruíbe,SP,Sudeste,FORA_DOMINIO_UF,715,0.405547121298851,289.9661917286785,0.0,0.5272727272727272,0.4727272727272727,1954,452,0.6460032626427407,P50_P75
3520301,Iguape,SP,Sudeste,FORA_DOMINIO_UF,290,0.4054139422347284,117.57004324807123,0.0,0.3793103448275862,0.6206896551724138,1956,1141,0.6456407467826717,P50_P75
3546801,Santa Isabel,SP,Sudeste,FORA_DOMINIO_UF,506,0.4053156042694612,205.08969576034738,0.0,0.3241106719367589,0.6758893280632411,1959,669,0.6450969729925684,P50_P75
3505807,Bastos,SP,Sudeste,FORA_DOMINIO_UF,221,0.4047014762877955,89.43902625960281,0.0,0.5294117647058824,0.4705882352941176,1968,1495,0.6434656516222584,P50_P75
3521002,Iperó,SP,Sudeste,FORA_DOMINIO_UF,380,0.4043212884334723,153.64208960471947,0.0,0.5578947368421052,0.4421052631578947,1972,880,0.6427406199021207,P50_P75
3502507,Aparecida,SP,Sudeste,FORA_DOMINIO_UF,321,0.4038791827719198,129.64521766978626,0.0,0.4610591900311526,0.5389408099688473,1980,1033,0.6412905564618452,P50_P75
3523909,Itu,SP,Sudeste,FORA_DOMINIO_UF,1577,0.4038044812509678,636.7996669327762,0.0,0.3804692454026633,0.6195307545973368,1981,196,0.6411092985318108,P50_P75
3543303,Ribeirão Pires,SP,Sudeste,FORA_DOMINIO_UF,1002,0.4035670938650795,404.37422805280966,0.4041916167664671,0.3293413173652694,0.6706586826347305,1984,315,0.6405655247417075,P50_P75
3552502,Suzano,SP,Sudeste,FORA_DOMINIO_UF,3638,0.4033551508500745,1467.406038792571,0.6316657504123144,0.4846069268829027,0.5153930731170973,1988,68,0.6398404930215696,P50_P75
3521150,Ipiguá,SP,Sudeste,FORA_DOMINIO_UF,68,0.4033223140461756,27.42591735513994,0.0,0.5735294117647058,0.4264705882352941,1990,3428,0.6394779771615008,P50_P75
3551702,Sertãozinho,SP,Sudeste,FORA_DOMINIO_UF,1386,0.4033029395079298,558.9778741579906,0.0,0.455988455988456,0.5440115440115441,1991,224,0.6392967192314664,P50_P75
3511102,Catanduva,SP,Sudeste,FORA_DOMINIO_UF,741,0.4027021590049041,298.40229982263395,0.0,0.2941970310391363,0.7058029689608637,2000,445,0.6376653978611564,P50_P75
3509205,Cajamar,SP,Sudeste,FORA_DOMINIO_UF,967,0.4019416947030164,388.67761877781686,0.0,0.4694932781799379,0.5305067218200621,2017,332,0.634584013050571,P50_P75
3536505,Paulínia,SP,Sudeste,FORA_DOMINIO_UF,1040,0.4006803155468698,416.70752816874455,0.0,0.3807692307692307,0.6192307692307693,2032,301,0.6318651441000543,P50_P75
3550704,São Sebastião,SP,Sudeste,FORA_DOMINIO_UF,985,0.3995606073383335,393.56719822825846,0.0,0.5604060913705584,0.4395939086294416,2045,327,0.6295087910096067,P50_P75
3554003,Tatuí,SP,Sudeste,FORA_DOMINIO_UF,1236,0.3990590916755748,493.23703731101045,0.0,0.4603559870550162,0.5396440129449838,2052,250,0.6282399854993655,P50_P75
3512803,Cosmópolis,SP,Sudeste,FORA_DOMINIO_UF,529,0.3988808942570588,211.0079930619841,0.0,0.4045368620037807,0.5954631379962193,2057,649,0.6273336958491934,P50_P75
3508504,Caçapava,SP,Sudeste,FORA_DOMINIO_UF,752,0.3987262805558924,299.84216297803107,0.0,0.550531914893617,0.449468085106383,2059,442,0.6269711799891245,P50_P75
3509700,Campos do Jordão,SP,Sudeste,FORA_DOMINIO_UF,442,0.3979513104772352,175.89447923093795,0.0,0.4298642533936652,0.5701357466063348,2073,773,0.6244335689686423,P50_P75
3548500,Santos,SP,Sudeste,FORA_DOMINIO_UF,2275,0.3979079103760922,905.2404961056097,0.0,0.4716483516483516,0.5283516483516484,2074,128,0.6242523110386079,P50_P75
3529005,Marília,SP,Sudeste,FORA_DOMINIO_UF,1666,0.3976768928766994,662.5297035325812,0.8085234093637454,0.3421368547418967,0.6578631452581032,2077,185,0.6237085372485046,P50_P75
3504602,Bady Bassitt,SP,Sudeste,FORA_DOMINIO_UF,255,0.3976195452081122,101.39298402806861,0.0,0.3843137254901961,0.615686274509804,2078,1330,0.6235272793184702,P50_P75
3524808,Jales,SP,Sudeste,FORA_DOMINIO_UF,385,0.3970089889820533,152.8484607580905,0.0,0.2935064935064935,0.7064935064935065,2091,886,0.6211709262280225,P50_P75
3506508,Birigui,SP,Sudeste,FORA_DOMINIO_UF,1037,0.3969967331322797,411.68561225817405,0.0,0.2179363548698167,0.7820636451301832,2092,309,0.6209896682979881,P50_P75
3526902,Limeira,SP,Sudeste,FORA_DOMINIO_UF,2425,0.3959898253070045,960.2753263694859,0.0,0.3678350515463917,0.6321649484536083,2106,117,0.6184520572775059,P50_P75
3540754,Potim,SP,Sudeste,FORA_DOMINIO_UF,197,0.3959810239219844,78.00826171263093,0.0,0.5279187817258884,0.4720812182741117,2107,1714,0.6182707993474714,P50_P75
3501707,Américo Brasiliense,SP,Sudeste,FORA_DOMINIO_UF,359,0.3956297679921681,142.03108670918834,0.0,0.2924791086350975,0.7075208913649025,2116,961,0.6166394779771615,P50_P75
3539103,Pirapora do Bom Jesus,SP,Sudeste,FORA_DOMINIO_UF,260,0.3955388642026622,102.84010469269218,0.0,0.5884615384615385,0.4115384615384615,2117,1305,0.616458220047127,P50_P75
3527207,Lorena,SP,Sudeste,FORA_DOMINIO_UF,656,0.3952920184983156,259.31156413489504,0.0,0.5198170731707317,0.4801829268292683,2119,513,0.6160957041870582,P50_P75
3540705,Porto Ferreira,SP,Sudeste,FORA_DOMINIO_UF,460,0.3949307403050712,181.66814054033276,0.0,0.4956521739130435,0.5043478260869565,2125,747,0.6150081566068516,P50_P75
3505401,Barra do Turvo,SP,Sudeste,FORA_DOMINIO_UF,55,0.3947107107184643,21.709089089515537,0.0,0.6545454545454545,0.3454545454545454,2128,3829,0.6144643828167482,P50_P75
3508405,Cabreúva,SP,Sudeste,FORA_DOMINIO_UF,668,0.3939741471791612,263.17473031567965,0.0,0.3547904191616766,0.6452095808383234,2142,505,0.6119267717962661,P50_P75
3513801,Diadema,SP,Sudeste,FORA_DOMINIO_UF,3765,0.3936010709513387,1481.9080321317904,0.0,0.4,0.6,2149,66,0.610657966286025,P50_P75
3545209,Salto,SP,Sudeste,FORA_DOMINIO_UF,1303,0.3934092483172522,512.6122505573796,0.0,0.3215656178050652,0.6784343821949348,2151,241,0.6102954504259561,P50_P75
3513405,Cruzeiro,SP,Sudeste,FORA_DOMINIO_UF,451,0.393255924743055,177.3584220591178,0.0,0.4368070953436807,0.5631929046563193,2155,770,0.6095704187058184,P50_P75
3540200,Pontal,SP,Sudeste,FORA_DOMINIO_UF,376,0.3930752461264892,147.79629254355993,0.0,0.3537234042553192,0.6462765957446809,2160,926,0.6086641290556462,P50_P75
3515350,Euclides da Cunha Paulista,SP,Sudeste,FORA_DOMINIO_UF,63,0.3924767985382554,24.72603830791009,0.0,0.3015873015873015,0.6984126984126984,2172,3605,0.6064890338952329,P50_P75
3505609,Barrinha,SP,Sudeste,FORA_DOMINIO_UF,356,0.3923507324680539,139.67686075862719,0.0,0.4859550561797753,0.5140449438202247,2174,968,0.606126518035164,P50_P75
3511508,Cerquilho,SP,Sudeste,FORA_DOMINIO_UF,396,0.3919012373487682,155.1928899901122,0.0,0.308080808080808,0.6919191919191919,2180,873,0.6050389704549574,P50_P75
3540853,Pracinha,SP,Sudeste,FORA_DOMINIO_UF,10,0.3917100853749188,3.9171008537491883,0.0,0.2,0.8,2183,5439,0.6044951966648541,P50_P75
3529401,Mauá,SP,Sudeste,FORA_DOMINIO_UF,3825,0.39161758173378,1497.9372501317084,0.0206535947712418,0.2666666666666666,0.7333333333333333,2186,65,0.6039514228747508,P50_P75
3556206,Valinhos,SP,Sudeste,FORA_DOMINIO_UF,829,0.3910490057938369,324.1796258030908,0.0,0.5150784077201448,0.4849215922798552,2198,394,0.6017763277143375,P50_P75
3514809,Eldorado,SP,Sudeste,FORA_DOMINIO_UF,85,0.3908462245019841,33.221929082668645,0.0,0.2470588235294117,0.7529411764705882,2200,3078,0.6014138118542687,P50_P75
3537800,Piedade,SP,Sudeste,FORA_DOMINIO_UF,622,0.3904598477404014,242.86602529452966,0.0,0.3665594855305466,0.6334405144694534,2210,553,0.5996012325539243,P50_P75
3502804,Araçatuba,SP,Sudeste,FORA_DOMINIO_UF,1479,0.3902445705966894,577.1717199125036,0.0,0.2582826233941853,0.7417173766058147,2213,216,0.5990574587638209,P50_P75
3518503,Guareí,SP,Sudeste,FORA_DOMINIO_UF,151,0.3901887331876899,58.91849871134117,0.0,0.3178807947019867,0.6821192052980133,2217,2125,0.5983324270436832,P50_P75
3548906,São Carlos,SP,Sudeste,FORA_DOMINIO_UF,2048,0.3901538616913288,799.0351087438414,0.0,0.37451171875,0.62548828125,2219,146,0.5979699111836143,P50_P75
3513108,Cravinhos,SP,Sudeste,FORA_DOMINIO_UF,335,0.3901074511003612,130.685996118621,0.0,0.4119402985074626,0.5880597014925373,2221,1021,0.5976073953235455,P50_P75
3509601,Campo Limpo Paulista,SP,Sudeste,FORA_DOMINIO_UF,846,0.3899915975003069,329.93289148525963,0.0,0.5094562647754137,0.4905437352245863,2223,384,0.5972448794634765,P50_P75
3554102,Taubaté,SP,Sudeste,FORA_DOMINIO_UF,2159,0.3896488191133958,841.2518004658215,0.0,0.4599351551644279,0.540064844835572,2230,135,0.5959760739532355,P50_P75
3510302,Capela do Alto,SP,Sudeste,FORA_DOMINIO_UF,284,0.3896112758214392,110.64960233328873,0.0,0.5246478873239436,0.4753521126760563,2231,1212,0.5957948160232011,P50_P75
3502101,Andradina,SP,Sudeste,FORA_DOMINIO_UF,487,0.3894983569287236,189.68569982428838,0.0,0.3470225872689938,0.6529774127310062,2233,712,0.5954323001631321,P50_P75
3544004,Rio das Pedras,SP,Sudeste,FORA_DOMINIO_UF,292,0.3887843963380996,113.52504373072507,0.0,0.410958904109589,0.589041095890411,2244,1181,0.5934384629327533,P50_P75
3524006,Itupeva,SP,Sudeste,FORA_DOMINIO_UF,646,0.3885149265527721,250.98064255309077,0.0,0.5170278637770898,0.4829721362229102,2252,532,0.5919883994924778,P50_P75
3502754,Araçariguama,SP,Sudeste,FORA_DOMINIO_UF,226,0.3877953309911468,87.64174480399919,0.0,0.4557522123893805,0.5442477876106194,2267,1526,0.5892695305419612,P50_P75
3525102,Jardinópolis,SP,Sudeste,FORA_DOMINIO_UF,402,0.3876627306551506,155.84041772337054,0.0,0.5422885572139303,0.4577114427860697,2272,866,0.588363240891789,P50_P75
3527108,Lins,SP,Sudeste,FORA_DOMINIO_UF,631,0.387471373035876,244.49443638563775,0.0,0.1854199683042789,0.8145800316957211,2277,549,0.5874569512416168,P50_P75
3526209,Juquitiba,SP,Sudeste,FORA_DOMINIO_UF,349,0.3873374967155457,135.18078635372544,0.0,0.3638968481375358,0.6361031518624641,2280,997,0.5869131774515135,P50_P75
3505351,Barra do Chapéu,SP,Sudeste,FORA_DOMINIO_UF,49,0.3873316354477296,18.97925013693875,0.0,0.3469387755102041,0.6530612244897959,2281,4029,0.5867319195214791,P50_P75
3506102,Bebedouro,SP,Sudeste,FORA_DOMINIO_UF,567,0.3872692781595682,219.58168071647515,0.0,0.4462081128747795,0.5537918871252204,2284,628,0.5861881457313758,P50_P75
3551801,Sete Barras,SP,Sudeste,FORA_DOMINIO_UF,143,0.3868604376371938,55.321042582118714,0.0,0.4755244755244755,0.5244755244755245,2292,2218,0.5847380822911002,P50_P75
3504909,Bananal,SP,Sudeste,FORA_DOMINIO_UF,70,0.3865856115224649,27.060992806572543,0.0,0.4,0.6,2298,3447,0.5836505347108936,P50_P75
3552106,Socorro,SP,Sudeste,FORA_DOMINIO_UF,247,0.3865777817906954,95.48471210230177,0.0,0.388663967611336,0.611336032388664,2299,1412,0.5834692767808591,P50_P75
3541505,Presidente Venceslau,SP,Sudeste,FORA_DOMINIO_UF,254,0.3860601806526075,98.0592858857623,0.0,0.2362204724409448,0.7637795275590551,2306,1374,0.5822004712706181,P50_P75
3519071,Hortolândia,SP,Sudeste,FORA_DOMINIO_UF,2413,0.3849508083369644,928.886300517095,0.0,0.4463323663489432,0.5536676336510568,2329,122,0.578031538879826,P50_P75
3525300,Jaú,SP,Sudeste,FORA_DOMINIO_UF,1024,0.3846552555839833,393.8869817179989,0.0,0.44921875,0.55078125,2336,326,0.576762733369585,P50_P75
3501905,Amparo,SP,Sudeste,FORA_DOMINIO_UF,481,0.384388387856898,184.89081455916792,0.0,0.3742203742203742,0.6257796257796258,2341,733,0.5758564437194127,P50_P75
3548609,São Bento do Sapucaí,SP,Sudeste,FORA_DOMINIO_UF,75,0.3838079980885709,28.78559985664282,0.0,0.4133333333333333,0.5866666666666667,2349,3344,0.5744063802791373,P50_P75
3550209,São Miguel Arcanjo,SP,Sudeste,FORA_DOMINIO_UF,315,0.3837248389950989,120.87332428345616,0.0,0.2603174603174603,0.7396825396825397,2351,1110,0.5740438644190683,P50_P75
3530706,Mogi Guaçu,SP,Sudeste,FORA_DOMINIO_UF,1351,0.3833081230861565,517.8492742893975,0.0,0.3634344929681717,0.6365655070318282,2358,238,0.5727750589088273,P50_P75
3545308,Salto de Pirapora,SP,Sudeste,FORA_DOMINIO_UF,468,0.3828262167495082,179.16266943876983,0.0,0.532051282051282,0.4679487179487179,2366,762,0.5713249954685518,P50_P75
3502903,Araçoiaba da Serra,SP,Sudeste,FORA_DOMINIO_UF,374,0.3828119256056748,143.17166017652238,0.0,0.4358288770053476,0.5641711229946524,2367,952,0.5711437375385173,P50_P75
3504503,Avaré,SP,Sudeste,FORA_DOMINIO_UF,813,0.3827638417295128,311.1870033260939,0.0,0.4735547355473555,0.5264452644526445,2368,424,0.5709624796084829,P50_P75
3557105,Votuporanga,SP,Sudeste,FORA_DOMINIO_UF,743,0.3827070811874278,284.35136132225887,0.0,0.3808882907133243,0.6191117092866757,2369,458,0.5707812216784485,P50_P75
3532827,Nova Campina,SP,Sudeste,FORA_DOMINIO_UF,109,0.3825251301382414,41.69523918506832,0.0,0.3853211009174312,0.6146788990825688,2370,2703,0.570599963748414,P50_P75
3548203,Santo Antônio do Pinhal,SP,Sudeste,FORA_DOMINIO_UF,72,0.3818913359155345,27.496176185918483,0.0,0.2638888888888889,0.7361111111111112,2378,3421,0.5691499003081385,P50_P75
3514106,Dois Córregos,SP,Sudeste,FORA_DOMINIO_UF,249,0.3818520942813564,95.08117147605775,0.0,0.4257028112449799,0.5742971887550201,2379,1419,0.5689686423781041,P50_P75
3503802,Artur Nogueira,SP,Sudeste,FORA_DOMINIO_UF,505,0.3817058898958234,192.7614743973908,0.0,0.4554455445544554,0.5445544554455446,2382,702,0.5684248685880007,P50_P75
3524600,Jacupiranga,SP,Sudeste,FORA_DOMINIO_UF,129,0.3814829763139602,49.21130394450087,0.0,0.4496124031007752,0.5503875968992248,2387,2419,0.5675185789378285,P50_P75
3509254,Cajati,SP,Sudeste,FORA_DOMINIO_UF,385,0.381476357809869,146.86839775679957,0.0,0.4259740259740259,0.574025974025974,2388,937,0.5673373210077941,P50_P75
3548807,São Caetano do Sul,SP,Sudeste,FORA_DOMINIO_UF,1096,0.3812886341246667,417.8923430006347,0.0,0.3375912408759124,0.6624087591240876,2394,299,0.5662497734275874,P50_P75
3551504,Serrana,SP,Sudeste,FORA_DOMINIO_UF,493,0.3807960374696877,187.73244647255603,0.0,0.5537525354969574,0.4462474645030426,2407,722,0.5638934203371397,P50_P75
3525508,Joanópolis,SP,Sudeste,FORA_DOMINIO_UF,134,0.3806236090899438,51.00356361805247,0.0,0.417910447761194,0.582089552238806,2410,2349,0.5633496465470365,P50_P75
3507001,Boituva,SP,Sudeste,FORA_DOMINIO_UF,647,0.380407846215542,246.1238765014557,0.0,0.3013910355486862,0.6986089644513137,2413,541,0.5628058727569332,P50_P75
3533403,Nova Odessa,SP,Sudeste,FORA_DOMINIO_UF,491,0.3800582548331257,186.60860312306474,0.0,0.4175152749490835,0.5824847250509165,2419,727,0.5617183251767265,P50_P75
3523404,Itatiba,SP,Sudeste,FORA_DOMINIO_UF,1007,0.3798623648754361,382.52140142956415,0.0,0.2671300893743793,0.7328699106256207,2423,338,0.5609932934565888,P50_P75
3530300,Mirassol,SP,Sudeste,FORA_DOMINIO_UF,489,0.3795107199718603,185.58074206623968,0.0,0.3865030674846625,0.6134969325153374,2433,729,0.5591807141562444,P50_P75
3537701,Piacatu,SP,Sudeste,FORA_DOMINIO_UF,62,0.3791566059640341,23.507709569770114,0.0,0.2419354838709677,0.7580645161290323,2439,3693,0.5580931665760377,P50_P75
3526704,Leme,SP,Sudeste,FORA_DOMINIO_UF,993,0.3790799881814574,376.42642826418717,0.0,0.3806646525679758,0.6193353474320241,2440,348,0.5579119086460033,P50_P75
3518404,Guaratinguetá,SP,Sudeste,FORA_DOMINIO_UF,904,0.3786519799962133,342.30138991657685,0.0,0.4402654867256637,0.5597345132743363,2451,372,0.5559180714156244,P50_P75
3556404,Vargem Grande do Sul,SP,Sudeste,FORA_DOMINIO_UF,370,0.3782920083307225,139.96804308236733,0.0,0.3810810810810811,0.6189189189189189,2458,967,0.5546492659053833,P50_P75
3507159,Bom Sucesso de Itararé,SP,Sudeste,FORA_DOMINIO_UF,54,0.3781973334177055,20.422656004556096,0.0,0.4444444444444444,0.5555555555555556,2460,3931,0.5542867500453145,P50_P75
3549508,São José da Bela Vista,SP,Sudeste,FORA_DOMINIO_UF,81,0.3778995582330535,30.609864216877334,0.0,0.4938271604938271,0.5061728395061729,2465,3225,0.5533804603951423,P50_P75
3510609,Carapicuíba,SP,Sudeste,FORA_DOMINIO_UF,3977,0.3778070214720626,1502.5385243943929,0.2195121951219512,0.420165954236862,0.579834045763138,2470,63,0.5524741707449701,P50_P75
3520004,Igaraçu do Tietê,SP,Sudeste,FORA_DOMINIO_UF,209,0.3777490365261682,78.94954863396916,0.0,0.2248803827751196,0.7751196172248804,2473,1692,0.5519303969548668,P50_P75
3508603,Cachoeira Paulista,SP,Sudeste,FORA_DOMINIO_UF,229,0.3775314380967945,86.45469932416594,0.0,0.5851528384279476,0.4148471615720524,2479,1548,0.5508428493746601,P50_P75
3554805,Tremembé,SP,Sudeste,FORA_DOMINIO_UF,312,0.3773716681083526,117.739960449806,0.0,0.4615384615384615,0.5384615384615384,2484,1138,0.549936559724488,P50_P75
3536208,Pariquera-Açu,SP,Sudeste,FORA_DOMINIO_UF,173,0.3766321576298059,65.15736326995642,0.0,0.3872832369942196,0.6127167630057804,2494,1981,0.5481239804241436,P50_P75
3553708,Taquaritinga,SP,Sudeste,FORA_DOMINIO_UF,406,0.3766245081597137,152.90955031284378,0.0,0.2635467980295566,0.7364532019704434,2495,884,0.5479427224941091,P50_P75
3529708,Miguelópolis,SP,Sudeste,FORA_DOMINIO_UF,155,0.3765891962676586,58.37132542148708,0.0,0.6903225806451613,0.3096774193548387,2496,2137,0.5477614645640747,P50_P75
3544103,Rio Grande da Serra,SP,Sudeste,FORA_DOMINIO_UF,394,0.3765165480652397,148.34751993770445,0.0355329949238578,0.383248730964467,0.616751269035533,2498,922,0.5473989487040058,P50_P75
3503208,Araraquara,SP,Sudeste,FORA_DOMINIO_UF,1853,0.3762245137426269,697.1440239650876,0.0,0.3372908796546141,0.6627091203453859,2499,177,0.5472176907739713,P50_P75
3516200,Franca,SP,Sudeste,FORA_DOMINIO_UF,3344,0.3759018833711177,1257.0158979930175,0.0,0.2888755980861244,0.7111244019138756,2509,89,0.545405111473627,P50_P75
3517604,Guapiara,SP,Sudeste,FORA_DOMINIO_UF,144,0.3757388146354333,54.1063893075024,0.0,0.3958333333333333,0.6041666666666666,2514,2250,0.5444988218234548,P50_P75
3523206,Itararé,SP,Sudeste,FORA_DOMINIO_UF,486,0.3757212861114608,182.60054505016993,0.0,0.4670781893004115,0.5329218106995884,2515,742,0.5443175638934203,P50_P75
3539509,Pitangueiras,SP,Sudeste,FORA_DOMINIO_UF,339,0.3757198778784727,127.36903860080226,0.0,0.3274336283185841,0.672566371681416,2516,1049,0.5441363059633859,P50_P75
3550100,São Manuel,SP,Sudeste,FORA_DOMINIO_UF,414,0.375107334967605,155.29443667658848,0.0,0.393719806763285,0.606280193236715,2522,872,0.5430487583831792,P50_P75
3526407,Laranjal Paulista,SP,Sudeste,FORA_DOMINIO_UF,271,0.3749856698238027,101.62111652225053,0.0,0.4022140221402214,0.5977859778597786,2525,1326,0.542504984593076,P50_P75
3532306,Natividade da Serra,SP,Sudeste,FORA_DOMINIO_UF,64,0.374635638765884,23.976680881016577,0.0,0.421875,0.578125,2536,3664,0.5405111473626971,P50_P75
3501301,Álvares Machado,SP,Sudeste,FORA_DOMINIO_UF,247,0.3743850890788555,92.47311700247731,0.0,0.2753036437246963,0.7246963562753036,2540,1457,0.5397861156425594,P50_P75
3520202,Igaratá,SP,Sudeste,FORA_DOMINIO_UF,130,0.3741312712377398,48.637065260906176,0.0,0.4923076923076923,0.5076923076923077,2547,2444,0.5385173101323183,P50_P75
3546009,Santa Branca,SP,Sudeste,FORA_DOMINIO_UF,106,0.3738235416507303,39.62529541497741,0.0,0.5094339622641509,0.490566037735849,2549,2792,0.5381547942722494,P50_P75
3550605,São Roque,SP,Sudeste,FORA_DOMINIO_UF,725,0.373800740089752,271.0055365650702,0.0,0.4841379310344827,0.5158620689655172,2551,488,0.5377922784121806,P50_P75
3508009,Buri,SP,Sudeste,FORA_DOMINIO_UF,278,0.3736940810573667,103.88695453394794,0.0,0.3669064748201439,0.6330935251798561,2553,1290,0.5374297625521116,P50_P75
3529302,Matão,SP,Sudeste,FORA_DOMINIO_UF,673,0.3731142224489759,251.10587170816078,0.0,0.2808320950965824,0.7191679049034175,2568,530,0.5347108936015951,P50_P75
3545001,Salesópolis,SP,Sudeste,FORA_DOMINIO_UF,198,0.3723549292425958,73.72627599003397,0.0,0.3484848484848485,0.6515151515151515,2579,1792,0.5327170563712162,P50_P75
3549102,São João da Boa Vista,SP,Sudeste,FORA_DOMINIO_UF,627,0.3719813164569723,233.23228541852163,0.0,0.3827751196172249,0.6172248803827751,2588,587,0.5310857350009063,P50_P75
3520103,Igarapava,SP,Sudeste,FORA_DOMINIO_UF,209,0.3719713596123656,77.74201415898442,0.0,0.4401913875598086,0.5598086124401914,2590,1716,0.5307232191408374,P50_P75
3517505,Guapiaçu,SP,Sudeste,FORA_DOMINIO_UF,186,0.3718407301611167,69.1623758099677,0.0,0.2849462365591398,0.7150537634408602,2595,1901,0.5298169294906652,P50_P75
3523503,Itatinga,SP,Sudeste,FORA_DOMINIO_UF,210,0.3716790770048452,78.05260617101749,0.0,0.4571428571428571,0.5428571428571428,2599,1713,0.5290918977705275,P50_P75
3545803,Santa Bárbara d'Oeste,SP,Sudeste,FORA_DOMINIO_UF,1579,0.3716404370246737,586.8202500619598,0.0,0.3305889803673211,0.6694110196326789,2601,211,0.5287293819104586,P50_P75
3540606,Porto Feliz,SP,Sudeste,FORA_DOMINIO_UF,519,0.3712744341984554,192.69143134899835,0.0,0.2986512524084778,0.7013487475915221,2610,703,0.5270980605401486,P50_P75
3549607,São José do Barreiro,SP,Sudeste,FORA_DOMINIO_UF,34,0.3710963115831563,12.617274593827315,0.0,0.4705882352941176,0.5294117647058824,2612,4615,0.5267355446800798,P50_P75
3538600,Piracaia,SP,Sudeste,FORA_DOMINIO_UF,277,0.3709838661612404,102.76253092666359,0.0,0.4259927797833935,0.5740072202166066,2613,1306,0.5265542867500453,P50_P75
3532405,Nazaré Paulista,SP,Sudeste,FORA_DOMINIO_UF,211,0.3709417138816138,78.26870162902051,0.0,0.3981042654028436,0.6018957345971564,2615,1707,0.5261917708899765,P50_P75
3507100,Bom Jesus dos Perdões,SP,Sudeste,FORA_DOMINIO_UF,292,0.370790144091066,108.27072207459126,0.0,0.4623287671232877,0.5376712328767124,2617,1238,0.5258292550299075,P50_P75
3539202,Pirapozinho,SP,Sudeste,FORA_DOMINIO_UF,230,0.370635669066484,85.24620388529132,0.0,0.3043478260869565,0.6956521739130435,2619,1569,0.5254667391698387,P50_P75
3515509,Fernandópolis,SP,Sudeste,FORA_DOMINIO_UF,509,0.3705835510328749,188.6270274757333,0.0,0.3850687622789784,0.6149312377210217,2621,717,0.5251042233097698,P50_P75
3541901,Queluz,SP,Sudeste,FORA_DOMINIO_UF,95,0.3704945159710787,35.196979017252474,0.0,0.3263157894736842,0.6736842105263158,2624,2975,0.5245604495196665,P50_P75
3530102,Mirandópolis,SP,Sudeste,FORA_DOMINIO_UF,162,0.3695011849689396,59.85919196496821,0.0,0.4629629629629629,0.5370370370370371,2639,2096,0.5218415805691499,P50_P75
3535408,Panorama,SP,Sudeste,FORA_DOMINIO_UF,171,0.3694908549572344,63.18293619768708,0.0,0.0760233918128654,0.9239766081871345,2640,2018,0.5216603226391154,P50_P75
3530805,Mogi Mirim,SP,Sudeste,FORA_DOMINIO_UF,657,0.36940860539297,242.70145374318128,0.0,0.4185692541856925,0.5814307458143074,2641,554,0.521479064709081,P50_P75
3534708,Ourinhos,SP,Sudeste,FORA_DOMINIO_UF,919,0.368914158026545,339.0321112263948,0.0,0.4613710554951034,0.5386289445048966,2647,376,0.5203915171288744,P50_P75
3532157,Nantes,SP,Sudeste,FORA_DOMINIO_UF,40,0.3686802096421125,14.7472083856845,0.0,0.625,0.375,2650,4412,0.519847743338771,P50_P75
3533908,Olímpia,SP,Sudeste,FORA_DOMINIO_UF,541,0.3681876530977048,199.1895203258583,0.0,0.2513863216266174,0.7486136783733827,2656,684,0.5187601957585645,P50_P75
3548005,Santo Antônio de Posse,SP,Sudeste,FORA_DOMINIO_UF,213,0.3680923783126922,78.40367658060345,0.0,0.3849765258215962,0.6150234741784038,2659,1704,0.5182164219684611,P50_P75
3556107,Valentim Gentil,SP,Sudeste,FORA_DOMINIO_UF,134,0.3677946637336297,49.28448494030638,0.0,0.1417910447761194,0.8582089552238806,2663,2412,0.5174913902483234,P50_P75
3512209,Conchal,SP,Sudeste,FORA_DOMINIO_UF,337,0.3675244488230066,123.85573925335322,0.0,0.4451038575667655,0.5548961424332344,2676,1084,0.5151350371578757,P50_P75
3502200,Angatuba,SP,Sudeste,FORA_DOMINIO_UF,232,0.3672393753700098,85.19953508584227,0.0,0.3922413793103448,0.6077586206896551,2683,1570,0.5138662316476346,P50_P75
3524709,Jaguariúna,SP,Sudeste,FORA_DOMINIO_UF,546,0.367178003140155,200.4791897145246,0.0,0.2967032967032967,0.7032967032967034,2686,679,0.5133224578575313,P50_P75
3514908,Elias Fausto,SP,Sudeste,FORA_DOMINIO_UF,207,0.3671126140423052,75.99231110675719,0.0,0.4347826086956521,0.5652173913043478,2687,1738,0.5131411999274968,P50_P75
3513504,Cubatão,SP,Sudeste,FORA_DOMINIO_UF,1093,0.3667663300320429,400.8755987250229,0.0,0.5489478499542544,0.4510521500457456,2691,319,0.512416168207359,P50_P75
3518305,Guararema,SP,Sudeste,FORA_DOMINIO_UF,385,0.3664394191414666,141.07917636946465,0.0,0.2311688311688311,0.7688311688311689,2699,962,0.5109661047670836,P50_P75
3501152,Alumínio,SP,Sudeste,FORA_DOMINIO_UF,189,0.366398264066503,69.24927190856907,0.0,0.4603174603174603,0.5396825396825397,2701,1896,0.5106035889070146,P50_P75
3546603,Santa Fé do Sul,SP,Sudeste,FORA_DOMINIO_UF,338,0.3660878660490051,123.73769872456373,0.0,0.4585798816568047,0.5414201183431953,2709,1086,0.5091535254667392,P50_P75
3533502,Novo Horizonte,SP,Sudeste,FORA_DOMINIO_UF,357,0.3660215392503553,130.66968951237683,0.0,0.2464985994397759,0.7535014005602241,2711,1022,0.5087910096066703,P50_P75
3533254,Novais,SP,Sudeste,FORA_DOMINIO_UF,78,0.3658611416197389,28.537169046339635,0.0,0.358974358974359,0.6410256410256411,2715,3356,0.5080659778865325,P50_P75
3519303,Ibaté,SP,Sudeste,FORA_DOMINIO_UF,394,0.3657059837217993,144.08815758638892,0.0,0.3071065989847715,0.6928934010152284,2719,950,0.5073409461663948,P50_P75
3528403,Mairinque,SP,Sudeste,FORA_DOMINIO_UF,466,0.3656324708963241,170.38473143768704,0.0,0.5064377682403434,0.4935622317596566,2722,800,0.5067971723762915,P50_P75
3518602,Guariba,SP,Sudeste,FORA_DOMINIO_UF,380,0.3655439719600042,138.9067093448016,0.0,0.2131578947368421,0.7868421052631579,2724,973,0.5064346565162225,P50_P75
3500709,Agudos,SP,Sudeste,FORA_DOMINIO_UF,330,0.3649088089214021,120.41990694406269,0.0,0.3484848484848485,0.6515151515151515,2738,1114,0.5038970454957404,P50_P75
3510807,Casa Branca,SP,Sudeste,FORA_DOMINIO_UF,217,0.364897555961064,79.18276964355088,0.0,0.3778801843317972,0.6221198156682027,2740,1686,0.5035345296356716,P50_P75
3534302,Orlândia,SP,Sudeste,FORA_DOMINIO_UF,293,0.3648453750845414,106.89969489977064,0.0,0.4300341296928328,0.5699658703071673,2741,1256,0.5033532717056372,P50_P75
3537909,Pilar do Sul,SP,Sudeste,FORA_DOMINIO_UF,316,0.3646734904343073,115.2368229772411,0.0,0.3670886075949367,0.6329113924050633,2747,1167,0.5022657241254305,P50_P75
3538105,Pindorama,SP,Sudeste,FORA_DOMINIO_UF,113,0.3645121421675458,41.18987206493267,0.0,0.3716814159292035,0.6283185840707964,2751,2726,0.5015406924052928,P50_P75
3526100,Juquiá,SP,Sudeste,FORA_DOMINIO_UF,194,0.364512124137872,70.71535208274716,0.0,0.4484536082474227,0.5515463917525774,2752,1858,0.5013594344752583,P50_P75
3535101,Palmares Paulista,SP,Sudeste,FORA_DOMINIO_UF,98,0.3644423513709344,35.71535043435157,0.0,0.2244897959183673,0.7755102040816326,2754,2952,0.5009969186151895,P50_P75
3503109,Arandu,SP,Sudeste,FORA_DOMINIO_UF,81,0.3643493803439095,29.51229980785667,0.0,0.4320987654320987,0.5679012345679012,2756,3293,0.5006344027551205,P50_P75
3537107,Pedreira,SP,Sudeste,FORA_DOMINIO_UF,411,0.363873419697986,149.55197549587223,0.0,0.0583941605839416,0.9416058394160584,2774,912,0.4973717600145006,ate_P50
3509106,Caiuá,SP,Sudeste,FORA_DOMINIO_UF,27,0.3637864964108528,9.822235403093027,0.0,0.1851851851851851,0.8148148148148148,2778,4892,0.4966467282943629,ate_P50
3522653,Itapirapuã Paulista,SP,Sudeste,FORA_DOMINIO_UF,57,0.3637776093172851,20.73532373108525,0.0,0.7017543859649122,0.2982456140350877,2780,3907,0.496284212434294,ate_P50
3519006,Herculândia,SP,Sudeste,FORA_DOMINIO_UF,86,0.3636220659507566,31.271497671765065,0.0,0.1860465116279069,0.813953488372093,2782,3193,0.49592169657422513,ate_P50
3552007,Silveiras,SP,Sudeste,FORA_DOMINIO_UF,70,0.3635974488524096,25.451821419668672,0.0,0.5285714285714286,0.4714285714285714,2784,3553,0.4955591807141562,ate_P50
3522158,Itaoca,SP,Sudeste,FORA_DOMINIO_UF,27,0.3633340005618083,9.810018015168824,0.0,0.4814814814814814,0.5185185185185185,2787,4893,0.49501540692405294,ate_P50
3553807,Taquarituba,SP,Sudeste,FORA_DOMINIO_UF,229,0.3631391065062974,83.1588553899421,0.0,0.4279475982532751,0.5720524017467249,2793,1602,0.4939278593438463,ate_P50
3507605,Bragança Paulista,SP,Sudeste,FORA_DOMINIO_UF,1425,0.3630010515851329,517.2764985088144,0.0,0.4659649122807017,0.5340350877192982,2797,239,0.49320282762370854,ate_P50
3524303,Jaboticabal,SP,Sudeste,FORA_DOMINIO_UF,449,0.3629659842397473,162.97172692364654,0.0,0.4164810690423162,0.5835189309576837,2798,834,0.4930215696936741,ate_P50
3531407,Monte Aprazível,SP,Sudeste,FORA_DOMINIO_UF,154,0.3628603499576285,55.88049389347479,0.0,0.3181818181818182,0.6818181818181818,2801,2202,0.49247779590357077,ate_P50
3556305,Valparaíso,SP,Sudeste,FORA_DOMINIO_UF,269,0.3627523034600493,97.58036963075325,0.0,0.2936802973977695,0.7063197026022305,2803,1382,0.4921152800435019,ate_P50
3505500,Barretos,SP,Sudeste,FORA_DOMINIO_UF,1117,0.3626495203964058,405.0795142827853,0.0,0.4118173679498657,0.5881826320501343,2804,314,0.4919340221134675,ate_P50
3500501,Águas de Lindóia,SP,Sudeste,FORA_DOMINIO_UF,182,0.3625430654834923,65.9828379179956,0.0,0.554945054945055,0.445054945054945,2808,1965,0.4912089903933297,ate_P50
3536604,Paulo de Faria,SP,Sudeste,FORA_DOMINIO_UF,60,0.3625405749425815,21.75243449655489,0.0,0.2,0.8,2810,3827,0.49084647453326086,ate_P50
3511003,Castilho,SP,Sudeste,FORA_DOMINIO_UF,209,0.3623866307280317,75.73880582215862,0.0,0.5406698564593302,0.4593301435406698,2813,1745,0.4903027007431575,ate_P50
3522703,Itápolis,SP,Sudeste,FORA_DOMINIO_UF,325,0.3620210912790398,117.65685466568794,0.0,0.24,0.76,2822,1139,0.48867137937284755,ate_P50
3500105,Adamantina,SP,Sudeste,FORA_DOMINIO_UF,200,0.3619756913333838,72.39513826667677,0.0,0.34,0.66,2824,1821,0.4883088635127787,ate_P50
3503604,Areiópolis,SP,Sudeste,FORA_DOMINIO_UF,131,0.3619432852085963,47.41457036232612,0.0,0.2519083969465648,0.7480916030534351,2825,2490,0.48812760558274426,ate_P50
3507506,Botucatu,SP,Sudeste,FORA_DOMINIO_UF,1152,0.3617856067593675,416.77701898679135,0.0,0.4279513888888889,0.5720486111111112,2834,300,0.4864962842124343,ate_P50
3553005,Taguaí,SP,Sudeste,FORA_DOMINIO_UF,134,0.3615318367973046,48.44526613083882,0.0,0.2761194029850746,0.7238805970149254,2838,2452,0.4857712524922965,ate_P50
3503505,Areias,SP,Sudeste,FORA_DOMINIO_UF,30,0.3615174187464857,10.84552256239457,0.0,0.4333333333333333,0.5666666666666667,2840,4796,0.48540873663222767,ate_P50
3553500,Tapiraí,SP,Sudeste,FORA_DOMINIO_UF,103,0.3613874564145137,37.22290801069491,0.0,0.4271844660194174,0.5728155339805825,2843,2886,0.4848649628421243,ate_P50
3520426,Ilha Comprida,SP,Sudeste,FORA_DOMINIO_UF,167,0.3612744517366331,60.33283344001772,0.0,0.3233532934131736,0.6766467065868264,2845,2083,0.48450244698205547,ate_P50
3509957,Canas,SP,Sudeste,FORA_DOMINIO_UF,53,0.3610821880471933,19.137355966501243,0.0,0.5094339622641509,0.490566037735849,2850,4013,0.48359615733188327,ate_P50
3509908,Cananéia,SP,Sudeste,FORA_DOMINIO_UF,120,0.3607898140557045,43.29477768668454,0.0,0.4,0.6,2858,2637,0.4821460938916078,ate_P50
3505906,Batatais,SP,Sudeste,FORA_DOMINIO_UF,475,0.3606815861015823,171.3237533982516,0.0,0.4105263157894737,0.5894736842105263,2860,794,0.4817835780315389,ate_P50
3543006,Ribeirão Branco,SP,Sudeste,FORA_DOMINIO_UF,230,0.3606218894881556,82.94303458227579,0.0,0.3521739130434783,0.6478260869565218,2863,1606,0.4812398042414356,ate_P50
3536703,Pederneiras,SP,Sudeste,FORA_DOMINIO_UF,400,0.3604576067151336,144.18304268605345,0.0,0.535,0.465,2867,949,0.4805147725212978,ate_P50
3534807,Ouro Verde,SP,Sudeste,FORA_DOMINIO_UF,88,0.3602834715337725,31.70494549497198,0.0,0.2386363636363636,0.7613636363636364,2871,3169,0.47978974080116005,ate_P50
3536109,Pardinho,SP,Sudeste,FORA_DOMINIO_UF,95,0.3601772685332596,34.216840510659665,0.0,0.431578947368421,0.5684210526315789,2874,3030,0.4792459670110567,ate_P50
3550407,São Pedro,SP,Sudeste,FORA_DOMINIO_UF,326,0.3601281748849811,117.40178501250384,0.0,0.4110429447852761,0.588957055214724,2875,1143,0.4790647090810223,ate_P50
3510401,Capivari,SP,Sudeste,FORA_DOMINIO_UF,567,0.3601099018648908,204.18231435739307,0.0,0.3333333333333333,0.6666666666666666,2876,672,0.47888345115098785,ate_P50
3538808,Piraju,SP,Sudeste,FORA_DOMINIO_UF,281,0.3600600373874598,101.1768705058762,0.0,0.2846975088967972,0.7153024911032029,2878,1333,0.478520935290919,ate_P50
3553302,Tambaú,SP,Sudeste,FORA_DOMINIO_UF,189,0.3595694260396449,67.95862152149289,0.0,0.3968253968253968,0.6031746031746031,2889,1930,0.47652709806054017,ate_P50
3521606,Irapuru,SP,Sudeste,FORA_DOMINIO_UF,47,0.3595353784450127,16.8981627869156,0.0,0.0425531914893617,0.9574468085106383,2890,4207,0.4763458401305057,ate_P50
3542206,Rancharia,SP,Sudeste,FORA_DOMINIO_UF,346,0.359378970719039,124.3451238687875,0.0,0.4017341040462427,0.5982658959537572,2893,1078,0.4758020663404024,ate_P50
3535606,Paraibuna,SP,Sudeste,FORA_DOMINIO_UF,183,0.3593260973941659,65.75667582313235,0.0,0.4153005464480874,0.5846994535519126,2897,1972,0.4750770346202646,ate_P50
3530508,Mococa,SP,Sudeste,FORA_DOMINIO_UF,507,0.3592988164764975,182.16449995358423,0.0,0.291913214990138,0.7080867850098619,2899,745,0.47471451876019577,ate_P50
3526803,Lençóis Paulista,SP,Sudeste,FORA_DOMINIO_UF,607,0.3585477476352644,217.6384828146055,0.0,0.3640856672158155,0.6359143327841845,2919,632,0.471089360159507,ate_P50
3514007,Dobrada,SP,Sudeste,FORA_DOMINIO_UF,92,0.3584546278752507,32.97782576452306,0.0,0.0652173913043478,0.9347826086956522,2921,3098,0.4707268442994381,ate_P50
3530003,Mira Estrela,SP,Sudeste,FORA_DOMINIO_UF,29,0.358401928325059,10.393655921426712,0.0,0.0689655172413793,0.9310344827586208,2923,4843,0.4703643284393692,ate_P50
3505302,Barra Bonita,SP,Sudeste,FORA_DOMINIO_UF,210,0.3581053953097259,75.20213301504243,0.0,0.1904761904761904,0.8095238095238095,2928,1762,0.469458038789197,ate_P50
3549409,São Joaquim da Barra,SP,Sudeste,FORA_DOMINIO_UF,416,0.3578624428902431,148.87077624234112,0.0,0.3173076923076923,0.6826923076923077,2931,919,0.4689142649990937,ate_P50
3518206,Guararapes,SP,Sudeste,FORA_DOMINIO_UF,241,0.357829364842383,86.2368769270143,0.0,0.2780082987551867,0.7219917012448133,2932,1554,0.4687330070690593,ate_P50
3539301,Pirassununga,SP,Sudeste,FORA_DOMINIO_UF,460,0.357151518666856,164.28969858675376,0.0,0.4326086956521739,0.5673913043478261,2944,823,0.466557911908646,ate_P50
3503307,Araras,SP,Sudeste,FORA_DOMINIO_UF,1043,0.3567115574477972,372.0501544180525,0.0,0.3470757430488974,0.6529242569511026,2951,350,0.46528910639840493,ate_P50
3531308,Monte Alto,SP,Sudeste,FORA_DOMINIO_UF,304,0.3564701023918201,108.36691112711331,0.0,0.4111842105263157,0.5888157894736842,2958,1236,0.4640203008881639,ate_P50
3553401,Tanabi,SP,Sudeste,FORA_DOMINIO_UF,233,0.3559304367282104,82.93179175767303,0.0,0.2575107296137339,0.7424892703862661,2967,1607,0.4623889795178539,ate_P50
3543253,Ribeirão Grande,SP,Sudeste,FORA_DOMINIO_UF,82,0.3558587723288551,29.180419330966117,0.0,0.3902439024390244,0.6097560975609756,2969,3315,0.46202646365778505,ate_P50
3511607,Cesário Lange,SP,Sudeste,FORA_DOMINIO_UF,264,0.355824200544467,93.93758894373929,0.0,0.4886363636363636,0.5113636363636364,2971,1432,0.46166394779771613,ate_P50
3550001,São Luiz do Paraitinga,SP,Sudeste,FORA_DOMINIO_UF,88,0.3556922868938273,31.300921246656802,0.0,0.4090909090909091,0.5909090909090909,2973,3190,0.4613014319376473,ate_P50
3554508,Tietê,SP,Sudeste,FORA_DOMINIO_UF,301,0.3555099142206943,107.00848418042898,0.0,0.3687707641196013,0.6312292358803987,2979,1255,0.46021388435744065,ate_P50
3504008,Assis,SP,Sudeste,FORA_DOMINIO_UF,869,0.3553929350147879,308.8364605278507,0.0,0.4487917146144994,0.5512082853855006,2983,427,0.4594888526373029,ate_P50
3522802,Itaporanga,SP,Sudeste,FORA_DOMINIO_UF,122,0.3552311333380888,43.33819826724684,0.0,0.2950819672131147,0.7049180327868853,2989,2634,0.45840130505709625,ate_P50
3512308,Conchas,SP,Sudeste,FORA_DOMINIO_UF,144,0.3550267368389866,51.123850104814075,0.0,0.3055555555555556,0.6944444444444444,2993,2342,0.4576762733369585,ate_P50
3508801,Cafelândia,SP,Sudeste,FORA_DOMINIO_UF,178,0.3549712370803988,63.184880200310985,0.0,0.398876404494382,0.601123595505618,2996,2017,0.4571324995468552,ate_P50
3541653,Quadra,SP,Sudeste,FORA_DOMINIO_UF,59,0.354828817622828,20.93490023974685,0.0,0.3389830508474576,0.6610169491525424,3000,3895,0.45640746782671743,ate_P50
3505203,Bariri,SP,Sudeste,FORA_DOMINIO_UF,259,0.3547493830584467,91.8800902121377,0.0,0.2702702702702703,0.7297297297297297,3001,1464,0.456226209896683,ate_P50
3535903,Paranapuã,SP,Sudeste,FORA_DOMINIO_UF,58,0.3544118005618051,20.555884432584698,0.0,0.1724137931034483,0.8275862068965517,3004,3919,0.45568243610657966,ate_P50
3517307,Guaimbê,SP,Sudeste,FORA_DOMINIO_UF,49,0.3543802430345434,17.364631908692626,0.0,0.1632653061224489,0.8367346938775511,3005,4168,0.45550117817654523,ate_P50
3528908,Mariápolis,SP,Sudeste,FORA_DOMINIO_UF,31,0.3543355315103521,10.984401476820914,0.0,0.5161290322580645,0.4838709677419355,3006,4775,0.4553199202465108,ate_P50
3521408,Iracemápolis,SP,Sudeste,FORA_DOMINIO_UF,237,0.3538601015050186,83.8648440566894,0.0,0.3713080168776371,0.6286919831223629,3014,1590,0.45386985680623526,ate_P50
3504800,Bálsamo,SP,Sudeste,FORA_DOMINIO_UF,72,0.3538317556554898,25.475886407195265,0.0,0.1666666666666666,0.8333333333333334,3016,3552,0.4535073409461664,ate_P50
3500402,Águas da Prata,SP,Sudeste,FORA_DOMINIO_UF,53,0.3538060624808623,18.751721311485703,0.0,0.3962264150943396,0.6037735849056604,3018,4052,0.4531448250860975,ate_P50
3535507,Paraguaçu Paulista,SP,Sudeste,FORA_DOMINIO_UF,404,0.3537845520790638,142.92895903994176,0.0,0.4257425742574257,0.5742574257425742,3019,956,0.45296356715606306,ate_P50
3547601,Santa Rosa de Viterbo,SP,Sudeste,FORA_DOMINIO_UF,199,0.3536737245977623,70.3810711949547,0.0,0.2462311557788944,0.7537688442211056,3021,1867,0.4526010512959942,ate_P50
3549953,São Lourenço da Serra,SP,Sudeste,FORA_DOMINIO_UF,137,0.3536303015208148,48.44735130835163,0.0,0.4160583941605839,0.583941605839416,3023,2451,0.45223853543592535,ate_P50
3509452,Campina do Monte Alegre,SP,Sudeste,FORA_DOMINIO_UF,65,0.3533789297120582,22.969630431283782,0.0,0.5692307692307692,0.4307692307692308,3029,3733,0.45115098785571867,ate_P50
3522604,Itapira,SP,Sudeste,FORA_DOMINIO_UF,520,0.3533051995420087,183.71870376184452,0.0,0.3692307692307692,0.6307692307692307,3030,735,0.45096972992568424,ate_P50
3542701,Restinga,SP,Sudeste,FORA_DOMINIO_UF,105,0.3532589698618739,37.092191835496756,0.0,0.4476190476190476,0.5523809523809524,3032,2893,0.4506072140656154,ate_P50
3551108,Sarapuí,SP,Sudeste,FORA_DOMINIO_UF,107,0.353085680884598,37.780167854651985,0.0,0.4672897196261682,0.5327102803738317,3037,2861,0.4497009244154432,ate_P50
3537503,Pereiras,SP,Sudeste,FORA_DOMINIO_UF,98,0.3530627385106552,34.60014837404421,0.0,0.3265306122448979,0.673469387755102,3039,3005,0.4493384085553743,ate_P50
3511706,Charqueada,SP,Sudeste,FORA_DOMINIO_UF,183,0.3528832832742867,64.57764083919446,0.0,0.3770491803278688,0.6229508196721312,3043,1991,0.44861337683523655,ate_P50
3519055,Holambra,SP,Sudeste,FORA_DOMINIO_UF,143,0.3528074869967145,50.451470640530175,0.0,0.3846153846153846,0.6153846153846154,3044,2367,0.4484321189052021,ate_P50
3538204,Pinhalzinho,SP,Sudeste,FORA_DOMINIO_UF,138,0.352758425596103,48.68066273226221,0.0,0.2101449275362318,0.7898550724637681,3045,2441,0.44825086097516764,ate_P50
3541604,Promissão,SP,Sudeste,FORA_DOMINIO_UF,273,0.3525612187015041,96.24921270551062,0.0,0.2673992673992674,0.7326007326007326,3054,1402,0.44661953960485773,ate_P50
3554656,Torre de Pedra,SP,Sudeste,FORA_DOMINIO_UF,26,0.3518769046492026,9.148799520879269,0.0,0.6923076923076923,0.3076923076923077,3071,4963,0.4435381547942723,ate_P50
3532009,Morungaba,SP,Sudeste,FORA_DOMINIO_UF,128,0.3515146713978666,44.99387793892692,0.0,0.53125,0.46875,3079,2567,0.44208809135399674,ate_P50
3551405,Serra Azul,SP,Sudeste,FORA_DOMINIO_UF,91,0.3513853542551112,31.97606723721512,0.0,0.5384615384615384,0.4615384615384615,3082,3151,0.4415443175638934,ate_P50
3500303,Aguaí,SP,Sudeste,FORA_DOMINIO_UF,355,0.3512602619518012,124.69739299288943,0.0,0.3830985915492957,0.6169014084507042,3088,1074,0.44045676998368677,ate_P50
3501608,Americana,SP,Sudeste,FORA_DOMINIO_UF,1516,0.3511996284126658,532.4186366736013,0.0,0.3502638522427441,0.649736147757256,3089,236,0.44027551205365234,ate_P50
3529906,Miracatu,SP,Sudeste,FORA_DOMINIO_UF,230,0.351195250756051,80.77490767389173,0.0,0.3521739130434783,0.6478260869565218,3090,1656,0.4400942541236179,ate_P50
3514403,Dracena,SP,Sudeste,FORA_DOMINIO_UF,327,0.3509859182044887,114.77239525286781,0.0,0.3730886850152905,0.6269113149847095,3094,1172,0.43936922240348014,ate_P50
3551603,Serra Negra,SP,Sudeste,FORA_DOMINIO_UF,267,0.3508217551497598,93.66940862498586,0.0,0.3033707865168539,0.6966292134831461,3102,1438,0.43791915896320466,ate_P50
3512407,Cordeirópolis,SP,Sudeste,FORA_DOMINIO_UF,324,0.3502304953267053,113.47468048585252,0.0,0.3024691358024691,0.6975308641975309,3112,1182,0.43610657966286026,ate_P50
3517208,Guaiçara,SP,Sudeste,FORA_DOMINIO_UF,126,0.3501666574817829,44.120998842704644,0.0,0.3968253968253968,0.6031746031746031,3113,2596,0.43592532173282583,ate_P50
3549250,São João de Iracema,SP,Sudeste,FORA_DOMINIO_UF,18,0.3500568188186292,6.301022738735326,0.0,0.5555555555555556,0.4444444444444444,3116,5246,0.4353815479427225,ate_P50
3506706,Boa Esperança do Sul,SP,Sudeste,FORA_DOMINIO_UF,141,0.3499310591837566,49.34027934490968,0.0,0.4468085106382978,0.5531914893617021,3118,2407,0.43501903208265363,ate_P50
3513702,Descalvado,SP,Sudeste,FORA_DOMINIO_UF,233,0.3499186180815653,81.53103801300472,0.0,0.1931330472103004,0.8068669527896996,3119,1638,0.43483777415261915,ate_P50
3540804,Potirendaba,SP,Sudeste,FORA_DOMINIO_UF,196,0.3491416906325391,68.43177136397766,0.0,0.3775510204081632,0.6224489795918368,3128,1915,0.43320645278230924,ate_P50
3526605,Lavrinhas,SP,Sudeste,FORA_DOMINIO_UF,83,0.3489856344934684,28.96580766295788,0.0,0.5421686746987951,0.4578313253012048,3131,3336,0.4326626789922059,ate_P50
3517000,Getulina,SP,Sudeste,FORA_DOMINIO_UF,48,0.3488131534770041,16.743031366896197,0.0,0.3333333333333333,0.6666666666666666,3133,4222,0.43230016313213704,ate_P50
3536307,Patrocínio Paulista,SP,Sudeste,FORA_DOMINIO_UF,190,0.3477075706086123,66.06443841563633,0.0,0.331578947368421,0.6684210526315789,3155,1961,0.4283124886713794,ate_P50
3542800,Ribeira,SP,Sudeste,FORA_DOMINIO_UF,24,0.3475225873946475,8.34054209747154,0.0,0.4583333333333333,0.5416666666666666,3159,5039,0.4275874569512416,ate_P50
3508702,Caconde,SP,Sudeste,FORA_DOMINIO_UF,164,0.3473378632457977,56.96340957231082,0.0,0.2926829268292683,0.7073170731707317,3167,2173,0.4261373935109661,ate_P50
3527405,Lucélia,SP,Sudeste,FORA_DOMINIO_UF,152,0.3472134571102609,52.77644548075966,0.0,0.3157894736842105,0.6842105263157895,3168,2289,0.42595613558093165,ate_P50
3531902,Morro Agudo,SP,Sudeste,FORA_DOMINIO_UF,279,0.3470722906355821,96.8331690873274,0.0,0.5519713261648745,0.4480286738351254,3174,1395,0.424868588000725,ate_P50
3516903,General Salgado,SP,Sudeste,FORA_DOMINIO_UF,96,0.3468360280080064,33.29625868876862,0.0,0.3125,0.6875,3178,3076,0.42414355628058725,ate_P50
3533700,Ocauçu,SP,Sudeste,FORA_DOMINIO_UF,52,0.3465159952701816,18.018831754049444,0.0,0.0961538461538461,0.903846153846154,3189,4114,0.4221497190502084,ate_P50
3507902,Brotas,SP,Sudeste,FORA_DOMINIO_UF,216,0.3464987130097081,74.84372201009694,0.0,0.4398148148148148,0.5601851851851852,3191,1774,0.42178720319013957,ate_P50
3549706,São José do Rio Pardo,SP,Sudeste,FORA_DOMINIO_UF,415,0.346418629697277,143.76373132436996,0.0,0.3204819277108434,0.6795180722891566,3193,951,0.4214246873300707,ate_P50
3524501,Jaci,SP,Sudeste,FORA_DOMINIO_UF,97,0.3461294725922544,33.57455884144868,0.0,0.3298969072164948,0.6701030927835051,3198,3059,0.4205183976798985,ate_P50
3557204,Chavantes,SP,Sudeste,FORA_DOMINIO_UF,112,0.3460027498891088,38.75230798758018,0.0,0.4910714285714285,0.5089285714285714,3200,2829,0.4201558818198296,ate_P50
3515186,Espírito Santo do Pinhal,SP,Sudeste,FORA_DOMINIO_UF,292,0.3458422982547466,100.98595109038601,0.0,0.2397260273972602,0.7602739726027398,3204,1338,0.4194308500996919,ate_P50
3542404,Regente Feijó,SP,Sudeste,FORA_DOMINIO_UF,170,0.3458141788364881,58.78841040220297,0.0,0.3941176470588235,0.6058823529411764,3205,2127,0.4192495921696574,ate_P50
3552908,Taciba,SP,Sudeste,FORA_DOMINIO_UF,76,0.3452502053609284,26.239015607430556,0.0,0.3289473684210526,0.6710526315789473,3217,3502,0.41707449700924415,ate_P50
3513900,Divinolândia,SP,Sudeste,FORA_DOMINIO_UF,83,0.3451019542269157,28.643462200834,0.0,0.3855421686746988,0.6144578313253012,3221,3352,0.4163494652891064,ate_P50
3500600,Águas de São Pedro,SP,Sudeste,FORA_DOMINIO_UF,42,0.3445153811453967,14.469646008106661,0.0,0.1904761904761904,0.8095238095238095,3236,4439,0.41363059633858984,ate_P50
3539400,Piratininga,SP,Sudeste,FORA_DOMINIO_UF,102,0.3444401772280175,35.132898077257785,0.0,0.5588235294117647,0.4411764705882353,3238,2980,0.4132680804785209,ate_P50
3524105,Ituverava,SP,Sudeste,FORA_DOMINIO_UF,285,0.3441216768893461,98.07467791346363,0.0,0.4982456140350877,0.5017543859649123,3243,1372,0.41236179082834873,ate_P50
3522901,Itapuí,SP,Sudeste,FORA_DOMINIO_UF,147,0.3439952344828868,50.567299468984366,0.0,0.4693877551020408,0.5306122448979592,3245,2362,0.41199927496827987,ate_P50
3514601,Dumont,SP,Sudeste,FORA_DOMINIO_UF,87,0.3438912100695032,29.91853527604678,0.0,0.3563218390804598,0.6436781609195402,3249,3270,0.4112742432481421,ate_P50
3505104,Barbosa,SP,Sudeste,FORA_DOMINIO_UF,74,0.3437415954686081,25.436878064677,0.0,0.3513513513513513,0.6486486486486487,3252,3556,0.4107304694580388,ate_P50
3555000,Tupã,SP,Sudeste,FORA_DOMINIO_UF,536,0.343640221245099,184.19115858737308,0.0,0.4477611940298507,0.5522388059701493,3253,734,0.41054921152800433,ate_P50
3506904,Bofete,SP,Sudeste,FORA_DOMINIO_UF,115,0.3428644437515553,39.429411031428856,0.0,0.3130434782608696,0.6869565217391305,3269,2804,0.4076490846474533,ate_P50
3534906,Pacaembu,SP,Sudeste,FORA_DOMINIO_UF,80,0.3428341380462555,27.426731043700443,0.0,0.4625,0.5375,3270,3427,0.4074678267174189,ate_P50
3536802,Pedra Bela,SP,Sudeste,FORA_DOMINIO_UF,41,0.3427947807950781,14.054586012598202,0.0,0.5121951219512195,0.4878048780487805,3271,4479,0.40728656878738445,ate_P50
3537305,Penápolis,SP,Sudeste,FORA_DOMINIO_UF,535,0.342729027770439,183.36002985718488,0.0,0.3663551401869159,0.6336448598130842,3274,736,0.4067427949972811,ate_P50
3503158,Arapeí,SP,Sudeste,FORA_DOMINIO_UF,24,0.3426721860825006,8.224132465980015,0.0,0.625,0.375,3276,5054,0.40638027913721225,ate_P50
3511300,Cedral,SP,Sudeste,FORA_DOMINIO_UF,143,0.3425522946140533,48.98497812980962,0.0,0.4545454545454545,0.5454545454545454,3278,2427,0.4060177632771434,ate_P50
3546702,Santa Gertrudes,SP,Sudeste,FORA_DOMINIO_UF,290,0.3424011953335576,99.2963466467317,0.0,0.3586206896551724,0.6413793103448275,3281,1357,0.40547398948704005,ate_P50
3520400,Ilhabela,SP,Sudeste,FORA_DOMINIO_UF,410,0.3423739712395296,140.37332820820714,0.0,0.5658536585365853,0.4341463414634146,3283,964,0.4051114736269712,ate_P50
3538907,Pirajuí,SP,Sudeste,FORA_DOMINIO_UF,145,0.3422819893381617,49.630888454033446,0.0,0.5310344827586206,0.4689655172413793,3284,2399,0.40493021569693677,ate_P50
3523602,Itirapina,SP,Sudeste,FORA_DOMINIO_UF,160,0.3420489561390742,54.727832982251876,0.0,0.3,0.7,3287,2231,0.4043864419068334,ate_P50
3501509,Alvinlândia,SP,Sudeste,FORA_DOMINIO_UF,48,0.3419194333413216,16.412132800383436,0.0,0.0833333333333333,0.9166666666666666,3291,4259,0.40366141018669566,ate_P50
3516507,Gabriel Monteiro,SP,Sudeste,FORA_DOMINIO_UF,28,0.3416296815606087,9.565631083697044,0.0,0.1428571428571428,0.8571428571428571,3295,4924,0.4029363784665579,ate_P50
3551900,Severínia,SP,Sudeste,FORA_DOMINIO_UF,161,0.3415667951181154,54.992254014016574,0.0,0.391304347826087,0.6086956521739131,3300,2226,0.40203008881638574,ate_P50
3543709,Rincão,SP,Sudeste,FORA_DOMINIO_UF,89,0.34113936424413,30.36140341772757,0.0,0.2359550561797752,0.7640449438202247,3310,3238,0.40021750951604135,ate_P50
3510005,Cândido Mota,SP,Sudeste,FORA_DOMINIO_UF,268,0.3410663764759049,91.4057888955425,0.0,0.3208955223880597,0.6791044776119403,3313,1470,0.399673735725938,ate_P50
3502705,Apiaí,SP,Sudeste,FORA_DOMINIO_UF,263,0.3409904396399305,89.68048562530171,0.0,0.2547528517110266,0.7452471482889734,3315,1494,0.39931121986586915,ate_P50
3551306,Sebastianópolis do Sul,SP,Sudeste,FORA_DOMINIO_UF,34,0.3409236070433294,11.5914026394732,0.0,0.2352941176470588,0.7647058823529411,3318,4717,0.3987674460757658,ate_P50
3526308,Lagoinha,SP,Sudeste,FORA_DOMINIO_UF,63,0.340373445803714,21.44352708563398,0.0,0.3492063492063492,0.6507936507936508,3325,3854,0.39749864056552475,ate_P50
3523305,Itariri,SP,Sudeste,FORA_DOMINIO_UF,201,0.3403673982776535,68.41384705380835,0.0,0.3582089552238806,0.6417910447761194,3326,1917,0.3973173826354903,ate_P50
3504404,Avanhandava,SP,Sudeste,FORA_DOMINIO_UF,118,0.3403364133779046,40.159696778592746,0.0,0.2288135593220339,0.7711864406779662,3327,2768,0.39713612470545584,ate_P50
3507803,Brodowski,SP,Sudeste,FORA_DOMINIO_UF,239,0.3400345729915044,81.26826294496955,0.0,0.4602510460251046,0.5397489539748954,3333,1646,0.3960485771252492,ate_P50
3519105,Iacanga,SP,Sudeste,FORA_DOMINIO_UF,88,0.3398993104451591,29.911139319173998,0.0,0.0227272727272727,0.9772727272727272,3339,3271,0.3949610295450426,ate_P50
3546405,Santa Cruz do Rio Pardo,SP,Sudeste,FORA_DOMINIO_UF,388,0.3398013638869593,131.8429291881402,0.0,0.2938144329896907,0.7061855670103093,3340,1014,0.39477977161500816,ate_P50
3537008,Pedregulho,SP,Sudeste,FORA_DOMINIO_UF,170,0.3395996286985023,57.731936878745394,0.0,0.4823529411764706,0.5176470588235295,3345,2152,0.39387348196483596,ate_P50
3532900,Nova Europa,SP,Sudeste,FORA_DOMINIO_UF,86,0.3394442481833488,29.192205343767995,0.0,0.313953488372093,0.686046511627907,3346,3312,0.39369222403480153,ate_P50
3556701,Vinhedo,SP,Sudeste,FORA_DOMINIO_UF,660,0.3392802022496847,223.9249334847919,0.0,0.4409090909090909,0.5590909090909091,3347,612,0.3935109661047671,ate_P50
3546306,Santa Cruz das Palmeiras,SP,Sudeste,FORA_DOMINIO_UF,278,0.3391809416670192,94.29230178343133,0.0,0.3992805755395683,0.6007194244604317,3350,1427,0.39296719231466376,ate_P50
3548302,Santo Expedito,SP,Sudeste,FORA_DOMINIO_UF,28,0.3391393586280959,9.495902041586685,0.0,0.0,1.0,3353,4934,0.3924234185245605,ate_P50
3532702,Nipoã,SP,Sudeste,FORA_DOMINIO_UF,57,0.3386227672198131,19.30149773152935,0.0,0.1929824561403508,0.8070175438596491,3362,4000,0.3907920971542505,ate_P50
3552700,Tabatinga,SP,Sudeste,FORA_DOMINIO_UF,171,0.3383680335912006,57.860933744095306,0.0,0.3801169590643274,0.6198830409356725,3365,2149,0.39024832336414716,ate_P50
3525607,João Ramalho,SP,Sudeste,FORA_DOMINIO_UF,60,0.3378789008398714,20.272734050392284,0.0,0.35,0.65,3374,3937,0.38861700199383725,ate_P50
3554953,Tuiuti,SP,Sudeste,FORA_DOMINIO_UF,65,0.3378078857804318,21.957512575728067,0.0,0.4461538461538462,0.5538461538461539,3375,3816,0.38843574406380277,ate_P50
3509403,Cajuru,SP,Sudeste,FORA_DOMINIO_UF,218,0.3377650544341969,73.63278186665492,0.0,0.4495412844036697,0.5504587155963303,3378,1795,0.3878919702736995,ate_P50
3535002,Palestina,SP,Sudeste,FORA_DOMINIO_UF,130,0.3375185439621242,43.877410715076145,0.0,0.2769230769230769,0.7230769230769231,3387,2607,0.3862606489033895,ate_P50
3533007,Nova Granada,SP,Sudeste,FORA_DOMINIO_UF,181,0.3371983920078709,61.03290895342463,0.0,0.4033149171270718,0.5966850828729282,3395,2059,0.38481058546311403,ate_P50
3532108,Murutinga do Sul,SP,Sudeste,FORA_DOMINIO_UF,32,0.3371944403292327,10.790222090535446,0.0,0.0,1.0,3396,4801,0.38462932753307955,ate_P50
3542305,Redenção da Serra,SP,Sudeste,FORA_DOMINIO_UF,51,0.3368867919757426,17.181226390762873,0.0,0.1568627450980392,0.8431372549019608,3400,4178,0.38390429581294183,ate_P50
3541208,Presidente Bernardes,SP,Sudeste,FORA_DOMINIO_UF,64,0.3368424153571208,21.55791458285573,0.0,0.203125,0.796875,3402,3846,0.3835417799528729,ate_P50
3515152,Engenheiro Coelho,SP,Sudeste,FORA_DOMINIO_UF,181,0.3364934314768855,60.90531109731627,0.0,0.5193370165745856,0.4806629834254143,3410,2065,0.38209171651259743,ate_P50
3519253,Iaras,SP,Sudeste,FORA_DOMINIO_UF,54,0.3363287082754923,18.161750246876586,0.0,0.5740740740740741,0.4259259259259259,3414,4101,0.38136668479245966,ate_P50
3516705,Garça,SP,Sudeste,FORA_DOMINIO_UF,303,0.3362179821866067,101.87404860254183,0.0,0.4224422442244224,0.5775577557755776,3418,1321,0.3806416530723219,ate_P50
3536000,Parapuã,SP,Sudeste,FORA_DOMINIO_UF,98,0.3359338706104966,32.92151931982867,0.0,0.2653061224489796,0.7346938775510204,3426,3106,0.3791915896320464,ate_P50
3523701,Itirapuã,SP,Sudeste,FORA_DOMINIO_UF,48,0.3358025949759387,16.118524558845056,0.0,0.1875,0.8125,3429,4286,0.37864781584194307,ate_P50
3532058,Motuca,SP,Sudeste,FORA_DOMINIO_UF,41,0.3356570737731523,13.761940024699244,0.0,0.2195121951219512,0.7804878048780488,3434,4506,0.37774152619177087,ate_P50
3545159,Saltinho,SP,Sudeste,FORA_DOMINIO_UF,101,0.3354949375844097,33.88498869602538,0.0,0.3564356435643564,0.6435643564356436,3436,3047,0.377379010331702,ate_P50
3512001,Colina,SP,Sudeste,FORA_DOMINIO_UF,188,0.3354165304813276,63.05830773048959,0.0,0.4202127659574468,0.5797872340425532,3438,2023,0.37701649447163316,ate_P50
3535804,Paranapanema,SP,Sudeste,FORA_DOMINIO_UF,212,0.3353226217079263,71.08839580208038,0.0,0.5660377358490566,0.4339622641509434,3441,1848,0.3764727206815298,ate_P50
3556602,Vera Cruz,SP,Sudeste,FORA_DOMINIO_UF,94,0.3352935722416867,31.517595790718552,0.0,0.4893617021276595,0.5106382978723404,3442,3179,0.3762914627514954,ate_P50
3504305,Avaí,SP,Sudeste,FORA_DOMINIO_UF,44,0.3352397405174414,14.75054858276742,0.0,0.3636363636363636,0.6363636363636364,3444,4411,0.3759289468914265,ate_P50
3509304,Cajobi,SP,Sudeste,FORA_DOMINIO_UF,96,0.3352206603162611,32.18118339036106,0.0,0.3958333333333333,0.6041666666666666,3446,3146,0.3755664310313576,ate_P50
3525805,Júlio Mesquita,SP,Sudeste,FORA_DOMINIO_UF,49,0.3351853705342424,16.42408315617788,0.0,0.4489795918367347,0.5510204081632653,3447,4254,0.3753851731013232,ate_P50
3553609,Tapiratiba,SP,Sudeste,FORA_DOMINIO_UF,111,0.3350791361008116,37.19378410719008,0.0,0.1981981981981982,0.8018018018018018,3452,2889,0.374478883451151,ate_P50
3545407,Salto Grande,SP,Sudeste,FORA_DOMINIO_UF,91,0.3350134955281938,30.486228093065638,0.0,0.5494505494505495,0.4505494505494505,3453,3233,0.37429762552111656,ate_P50
3517901,Guaraci,SP,Sudeste,FORA_DOMINIO_UF,101,0.3349937811802171,33.834371899201926,0.0,0.2673267326732673,0.7326732673267327,3455,3052,0.37393510966104765,ate_P50
3520608,Indiana,SP,Sudeste,FORA_DOMINIO_UF,34,0.3348514723399703,11.38495005955899,0.0,0.2941176470588235,0.7058823529411765,3458,4739,0.37339133587094436,ate_P50
3521804,Itaí,SP,Sudeste,FORA_DOMINIO_UF,282,0.3348087807116093,94.41607616067382,0.0,0.5283687943262412,0.4716312056737589,3460,1426,0.37302882001087545,ate_P50
3500550,Águas de Santa Bárbara,SP,Sudeste,FORA_DOMINIO_UF,104,0.3347662205733616,34.81568693962961,0.0,0.5096153846153846,0.4903846153846153,3461,2995,0.372847562080841,ate_P50
3528809,Maracaí,SP,Sudeste,FORA_DOMINIO_UF,110,0.3346169396381279,36.80786336019407,0.0,0.0909090909090909,0.9090909090909092,3464,2901,0.37230378829073774,ate_P50
3555356,Ubarana,SP,Sudeste,FORA_DOMINIO_UF,69,0.334407758138565,23.074135311560983,0.0,0.2608695652173913,0.7391304347826086,3468,3721,0.37157875657059997,ate_P50
3545605,Santa Adélia,SP,Sudeste,FORA_DOMINIO_UF,120,0.3341840837975613,40.10209005570736,0.0,0.3583333333333333,0.6416666666666667,3472,2774,0.3708537248504622,ate_P50
3541703,Quatá,SP,Sudeste,FORA_DOMINIO_UF,110,0.3341000264467447,36.75100290914192,0.0,0.3181818181818182,0.6818181818181818,3474,2906,0.37049120899039334,ate_P50
3503000,Aramina,SP,Sudeste,FORA_DOMINIO_UF,54,0.3336441727322685,18.016785327542497,0.0,0.2777777777777778,0.7222222222222222,3484,4115,0.36867862969004894,ate_P50
3527702,Luiziânia,SP,Sudeste,FORA_DOMINIO_UF,47,0.3336041972896968,15.67939727261575,0.0,0.4468085106382978,0.5531914893617021,3485,4326,0.3684973717600145,ate_P50
3540507,Porangaba,SP,Sudeste,FORA_DOMINIO_UF,82,0.3335196743068535,27.348613293161986,0.0,0.3902439024390244,0.6097560975609756,3488,3432,0.3679535979699112,ate_P50
3521309,Ipuã,SP,Sudeste,FORA_DOMINIO_UF,143,0.3335052093581551,47.69124493821618,0.0,0.3566433566433566,0.6433566433566433,3489,2481,0.36777234003987674,ate_P50
3508108,Buritama,SP,Sudeste,FORA_DOMINIO_UF,161,0.333229255116711,53.649910073790466,0.0,0.3229813664596273,0.6770186335403726,3495,2264,0.3666847924596701,ate_P50
3539004,Pirangi,SP,Sudeste,FORA_DOMINIO_UF,103,0.3329080448156903,34.2895286160161,0.0,0.2427184466019417,0.7572815533980582,3503,3027,0.3652347290193946,ate_P50
3512704,Corumbataí,SP,Sudeste,FORA_DOMINIO_UF,44,0.3327771595124288,14.642195018546868,0.0,0.1590909090909091,0.8409090909090909,3505,4428,0.3648722131593257,ate_P50
3538501,Piquete,SP,Sudeste,FORA_DOMINIO_UF,87,0.3327705744389598,28.951039976189502,0.0,0.2988505747126437,0.7011494252873564,3506,3337,0.3646909552292913,ate_P50
3547700,Santo Anastácio,SP,Sudeste,FORA_DOMINIO_UF,87,0.3327616692000812,28.950265220407065,0.0,0.2068965517241379,0.7931034482758621,3507,3338,0.36450969729925686,ate_P50
3532868,Nova Castilho,SP,Sudeste,FORA_DOMINIO_UF,12,0.3327593764330044,3.993112517196053,0.0,0.75,0.25,3508,5433,0.3643284393692224,ate_P50
3544301,Roseira,SP,Sudeste,FORA_DOMINIO_UF,129,0.3327232972308765,42.92130534278307,0.0,0.3255813953488372,0.6744186046511628,3511,2650,0.3637846655791191,ate_P50
3529203,Martinópolis,SP,Sudeste,FORA_DOMINIO_UF,193,0.332679154287913,64.20707677756721,0.0,0.3678756476683937,0.6321243523316062,3512,1998,0.36360340764908466,ate_P50
3510708,Cardoso,SP,Sudeste,FORA_DOMINIO_UF,97,0.3324904288316023,32.25157159666542,0.0,0.4020618556701031,0.5979381443298969,3516,3142,0.3628783759289469,ate_P50
3527306,Louveira,SP,Sudeste,FORA_DOMINIO_UF,624,0.3324878908113123,207.47244386625889,0.0,0.4198717948717949,0.5801282051282052,3517,661,0.36269711799891247,ate_P50
3510153,Canitar,SP,Sudeste,FORA_DOMINIO_UF,87,0.3319971946199218,28.883755931933194,0.0,0.2068965517241379,0.7931034482758621,3524,3339,0.36142831248867135,ate_P50
3508306,Cabrália Paulista,SP,Sudeste,FORA_DOMINIO_UF,49,0.3318804943941986,16.26214422531573,0.0,0.2244897959183673,0.7755102040816326,3526,4272,0.3610657966286025,ate_P50
3520442,Ilha Solteira,SP,Sudeste,FORA_DOMINIO_UF,209,0.3316904342757998,69.32330076364217,0.0,0.1961722488038277,0.8038277511961722,3530,1894,0.36034076490846473,ate_P50
3500758,Alambari,SP,Sudeste,FORA_DOMINIO_UF,62,0.3316244790852483,20.560717703285395,0.0,0.3709677419354839,0.6290322580645161,3532,3916,0.35997824904839587,ate_P50
3507704,Braúna,SP,Sudeste,FORA_DOMINIO_UF,54,0.3315649522075059,17.90450741920532,0.0,0.2592592592592592,0.7407407407407407,3536,4123,0.3592532173282581,ate_P50
3501806,Américo de Campos,SP,Sudeste,FORA_DOMINIO_UF,37,0.3312871506320992,12.25762457338767,0.0,0.2162162162162162,0.7837837837837838,3543,4651,0.35798441181801705,ate_P50
3516002,Flórida Paulista,SP,Sudeste,FORA_DOMINIO_UF,84,0.3308889869236352,27.79467490158536,0.0,0.4523809523809524,0.5476190476190477,3546,3402,0.3574406380279137,ate_P50
3538303,Piquerobi,SP,Sudeste,FORA_DOMINIO_UF,36,0.3305812099402051,11.900923557847385,0.0,0.5555555555555556,0.4444444444444444,3548,4692,0.35707812216784485,ate_P50
3525706,José Bonifácio,SP,Sudeste,FORA_DOMINIO_UF,320,0.3301199035302262,105.63836912967238,0.0,0.40625,0.59375,3564,1267,0.3541779952872938,ate_P50
3517703,Guará,SP,Sudeste,FORA_DOMINIO_UF,180,0.3300928907182578,59.416720329286406,0.0,0.2222222222222222,0.7777777777777778,3565,2107,0.3539967373572594,ate_P50
3544202,Riolândia,SP,Sudeste,FORA_DOMINIO_UF,85,0.3300107809247156,28.050916378600824,0.0,0.1529411764705882,0.8470588235294118,3567,3388,0.3536342214971905,ate_P50
3534203,Orindiúva,SP,Sudeste,FORA_DOMINIO_UF,77,0.3297132423643937,25.387919662058316,0.0,0.5194805194805194,0.4805194805194805,3570,3561,0.3530904477070872,ate_P50
3513850,Dirce Reis,SP,Sudeste,FORA_DOMINIO_UF,13,0.3295935925907124,4.284716703679261,0.0,0.1538461538461538,0.8461538461538461,3573,5413,0.35254667391698385,ate_P50
3519808,Icém,SP,Sudeste,FORA_DOMINIO_UF,50,0.3292466887046449,16.462334435232247,0.0,0.18,0.82,3577,4251,0.35173101323182887,ate_P50
3536406,Paulicéia,SP,Sudeste,FORA_DOMINIO_UF,112,0.3292466887046449,36.87562913492023,0.0,0.2410714285714285,0.7589285714285714,3577,2899,0.35173101323182887,ate_P50
3501103,Alto Alegre,SP,Sudeste,FORA_DOMINIO_UF,39,0.3289221496008762,12.82796383443417,0.0,0.282051282051282,0.717948717948718,3586,4592,0.35019032082653617,ate_P50
3528106,Macaubal,SP,Sudeste,FORA_DOMINIO_UF,54,0.3287933237191983,17.754839480836708,0.0,0.037037037037037,0.9629629629629628,3589,4134,0.34964654703643283,ate_P50
3511201,Catiguá,SP,Sudeste,FORA_DOMINIO_UF,66,0.3286614393195076,21.6916549950875,0.0,0.1515151515151515,0.8484848484848485,3590,3833,0.3494652891063984,ate_P50
3541307,Presidente Epitácio,SP,Sudeste,FORA_DOMINIO_UF,407,0.3283763838582076,133.6491882302905,0.0,0.2776412776412776,0.7223587223587223,3595,1006,0.3485589994562262,ate_P50
3534609,Osvaldo Cruz,SP,Sudeste,FORA_DOMINIO_UF,223,0.3283032590188908,73.21162676121264,0.0,0.4080717488789238,0.5919282511210763,3598,1803,0.3480152256661229,ate_P50
3550902,São Simão,SP,Sudeste,FORA_DOMINIO_UF,83,0.3282682683384029,27.24626627208744,0.0,0.3253012048192771,0.6746987951807228,3599,3437,0.34783396773608843,ate_P50
3546900,Santa Lúcia,SP,Sudeste,FORA_DOMINIO_UF,93,0.328148836944703,30.51784183585738,0.0,0.2903225806451613,0.7096774193548387,3606,3232,0.3465651622258474,ate_P50
3530409,Mirassolândia,SP,Sudeste,FORA_DOMINIO_UF,48,0.3281104317906285,15.749300725950167,0.0,0.4375,0.5625,3608,4323,0.3462026463657785,ate_P50
3522406,Itapeva,SP,Sudeste,FORA_DOMINIO_UF,980,0.3280991173041387,321.53713495805596,0.0,0.4357142857142857,0.5642857142857143,3609,401,0.34602138843574404,ate_P50
3518107,Guarantã,SP,Sudeste,FORA_DOMINIO_UF,55,0.3271850687968232,17.995178783825274,0.0,0.5272727272727272,0.4727272727272727,3628,4118,0.3425774877650897,ate_P50
3531704,Monteiro Lobato,SP,Sudeste,FORA_DOMINIO_UF,51,0.3271237738017724,16.683312463890392,0.0,0.4901960784313725,0.5098039215686274,3629,4231,0.3423962298350553,ate_P50
3506300,Bernardino de Campos,SP,Sudeste,FORA_DOMINIO_UF,92,0.327107815770383,30.093919050875236,0.0,0.5217391304347826,0.4782608695652174,3630,3256,0.34221497190502087,ate_P50
3520905,Ipaussu,SP,Sudeste,FORA_DOMINIO_UF,140,0.3268492594213449,45.758896318988285,0.0,0.45,0.55,3638,2537,0.34076490846474533,ate_P50
3542909,Ribeirão Bonito,SP,Sudeste,FORA_DOMINIO_UF,101,0.3267385530137795,33.00059385439173,0.0,0.4554455445544554,0.5445544554455446,3640,3096,0.3404023926046765,ate_P50
3514304,Dourado,SP,Sudeste,FORA_DOMINIO_UF,79,0.3266838272218905,25.80802235052935,0.0,0.2784810126582278,0.7215189873417721,3642,3527,0.34003987674460756,ate_P50
3556008,Urupês,SP,Sudeste,FORA_DOMINIO_UF,114,0.3266339013847055,37.236264757856425,0.0,0.3421052631578947,0.6578947368421053,3644,2885,0.3396773608845387,ate_P50
3507308,Boracéia,SP,Sudeste,FORA_DOMINIO_UF,66,0.3266153754791462,21.55661478162365,0.0,0.3333333333333333,0.6666666666666666,3645,3847,0.3394961029545043,ate_P50
3539707,Platina,SP,Sudeste,FORA_DOMINIO_UF,39,0.3264944214094635,12.733282434969077,0.0,0.1538461538461538,0.8461538461538461,3646,4603,0.33931484502446985,ate_P50
3555604,Uchoa,SP,Sudeste,FORA_DOMINIO_UF,98,0.3261218544095091,31.95994173213189,0.0,0.1224489795918367,0.8775510204081632,3655,3152,0.3376835236541599,ate_P50
3542008,Quintana,SP,Sudeste,FORA_DOMINIO_UF,68,0.3261098771711287,22.17547164763675,0.0,0.3529411764705882,0.6470588235294118,3656,3790,0.33750226572412545,ate_P50
3515400,Fartura,SP,Sudeste,FORA_DOMINIO_UF,158,0.3260871116651637,51.52176364309586,0.0,0.170886075949367,0.8291139240506329,3657,2329,0.33732100779409097,ate_P50
3500907,Altair,SP,Sudeste,FORA_DOMINIO_UF,27,0.3260582499068689,8.80357274748546,0.0,0.3703703703703703,0.6296296296296297,3659,4997,0.3369584919340221,ate_P50
3511409,Cerqueira César,SP,Sudeste,FORA_DOMINIO_UF,236,0.3258710007841091,76.90555618504975,0.0,0.597457627118644,0.4025423728813559,3663,1727,0.33623346021388434,ate_P50
3539905,Poloni,SP,Sudeste,FORA_DOMINIO_UF,45,0.3257440639029537,14.658482875632917,0.0,0.4222222222222222,0.5777777777777777,3666,4426,0.33568968642378105,ate_P50
3554607,Timburi,SP,Sudeste,FORA_DOMINIO_UF,29,0.3255524322562408,9.441020535430983,0.0,0.4137931034482758,0.5862068965517241,3670,4937,0.3349646547036433,ate_P50
3501400,Álvaro de Carvalho,SP,Sudeste,FORA_DOMINIO_UF,30,0.3254081876591911,9.762245629775734,0.0,0.4,0.6,3675,4899,0.3340583650534711,ate_P50
3556800,Viradouro,SP,Sudeste,FORA_DOMINIO_UF,159,0.3250066898488414,51.67606368596578,0.0,0.3962264150943396,0.6037735849056604,3686,2327,0.33206452782309226,ate_P50
3537404,Pereira Barreto,SP,Sudeste,FORA_DOMINIO_UF,205,0.3247486151376245,66.57346610321302,0.0,0.1609756097560975,0.8390243902439024,3688,1953,0.3317020119630234,ate_P50
3547403,Santa Rita d'Oeste,SP,Sudeste,FORA_DOMINIO_UF,17,0.3247402134243745,5.520583628214366,0.0,0.4705882352941176,0.5294117647058824,3690,5322,0.3313394961029545,ate_P50
3521507,Irapuã,SP,Sudeste,FORA_DOMINIO_UF,76,0.3244727754317016,24.659930932809324,0.0,0.2368421052631578,0.7631578947368421,3695,3611,0.3304332064527823,ate_P50
3508900,Caiabu,SP,Sudeste,FORA_DOMINIO_UF,24,0.3242658541359722,7.782380499263333,0.0,0.3333333333333333,0.6666666666666666,3697,5104,0.33007069059271343,ate_P50
3506805,Bocaina,SP,Sudeste,FORA_DOMINIO_UF,69,0.3241684130274049,22.36762049889094,0.0,0.5072463768115942,0.4927536231884058,3700,3780,0.3295269168026101,ate_P50
3535309,Palmital,SP,Sudeste,FORA_DOMINIO_UF,170,0.3239169249974565,55.065877249567606,0.0,0.3941176470588235,0.6058823529411764,3708,2225,0.3280768533623346,ate_P50
3524204,Jaborandi,SP,Sudeste,FORA_DOMINIO_UF,67,0.3238437406589167,21.69753062414742,0.0,0.3283582089552239,0.6716417910447762,3712,3832,0.32735182164219684,ate_P50
3529500,Mendonça,SP,Sudeste,FORA_DOMINIO_UF,65,0.3236984221192097,21.04039743774863,0.0,0.2153846153846154,0.7846153846153846,3715,3884,0.32680804785209355,ate_P50
3540101,Pongaí,SP,Sudeste,FORA_DOMINIO_UF,33,0.3236329834224161,10.67988845293973,0.0,0.0909090909090909,0.9090909090909092,3716,4811,0.32662678992205907,ate_P50
3534104,Oriente,SP,Sudeste,FORA_DOMINIO_UF,43,0.3235736650078029,13.913667595335523,0.0,0.6046511627906976,0.3953488372093023,3718,4497,0.3262642740619902,ate_P50
3552601,Tabapuã,SP,Sudeste,FORA_DOMINIO_UF,85,0.3234567964928496,27.493827701892215,0.0,0.0117647058823529,0.9882352941176472,3719,3422,0.3260830161319558,ate_P50
3512100,Colômbia,SP,Sudeste,FORA_DOMINIO_UF,107,0.3231337040031919,34.57530632834153,0.0,0.2710280373831775,0.7289719626168224,3724,3007,0.3251767264817836,ate_P50
3527801,Lupércio,SP,Sudeste,FORA_DOMINIO_UF,36,0.3228946169387479,11.624206209794924,0.0,0.3888888888888889,0.6111111111111112,3731,4713,0.32390792097154253,ate_P50
3526506,Lavínia,SP,Sudeste,FORA_DOMINIO_UF,35,0.3225739421728451,11.290087976049577,0.0,0.4,0.6,3737,4747,0.32282037339133585,ate_P50
3526001,Junqueirópolis,SP,Sudeste,FORA_DOMINIO_UF,191,0.3223832899432105,61.57520837915321,0.0,0.193717277486911,0.806282722513089,3741,2047,0.32209534167119813,ate_P50
3544806,Sales,SP,Sudeste,FORA_DOMINIO_UF,69,0.3223753834101808,22.243901455302474,0.0,0.3188405797101449,0.6811594202898551,3742,3786,0.3219140837411637,ate_P50
3504206,Auriflama,SP,Sudeste,FORA_DOMINIO_UF,100,0.3223314253591245,32.23314253591245,0.0,0.22,0.78,3744,3143,0.3215515678810948,ate_P50
3501004,Altinópolis,SP,Sudeste,FORA_DOMINIO_UF,164,0.3222263480996905,52.84512108834924,0.0,0.3231707317073171,0.676829268292683,3745,2287,0.32137030995106036,ate_P50
3554300,Teodoro Sampaio,SP,Sudeste,FORA_DOMINIO_UF,223,0.3222263251589226,71.85647051043973,0.0,0.2780269058295964,0.7219730941704036,3746,1834,0.32118905202102593,ate_P50
3554201,Tejupá,SP,Sudeste,FORA_DOMINIO_UF,64,0.322195928127382,20.62053940015245,0.0,0.40625,0.59375,3748,3913,0.320826536160957,ate_P50
3557303,Estiva Gerbi,SP,Sudeste,FORA_DOMINIO_UF,84,0.3219137097923442,27.04075162255691,0.0,0.4761904761904761,0.5238095238095238,3753,3448,0.3199202465107848,ate_P50
3548401,Santópolis do Aguapeí,SP,Sudeste,FORA_DOMINIO_UF,62,0.321770350702639,19.949761743563617,0.0,0.2258064516129032,0.7741935483870968,3755,3959,0.31955773065071597,ate_P50
3542503,Reginópolis,SP,Sudeste,FORA_DOMINIO_UF,71,0.3217642071941946,22.845258710787814,0.0,0.1549295774647887,0.8450704225352113,3756,3739,0.31937647272068154,ate_P50
3503406,Arealva,SP,Sudeste,FORA_DOMINIO_UF,86,0.3215462088121543,27.65297395784527,0.0,0.2093023255813953,0.7906976744186046,3759,3411,0.3188326989305782,ate_P50
3547106,Santa Mercedes,SP,Sudeste,FORA_DOMINIO_UF,36,0.3212529345071464,11.565105642257272,0.0,0.1944444444444444,0.8055555555555556,3766,4722,0.31756389342033714,ate_P50
3553906,Tarabai,SP,Sudeste,FORA_DOMINIO_UF,78,0.3211422086280561,25.049092272988375,0.0,0.3205128205128205,0.6794871794871795,3770,3583,0.31683886170019937,ate_P50
3513306,Cruzália,SP,Sudeste,FORA_DOMINIO_UF,17,0.3210135906452245,5.457231040968816,0.0,0.5294117647058824,0.4705882352941176,3771,5331,0.31665760377016494,ate_P50
3547502,Santa Rita do Passa Quatro,SP,Sudeste,FORA_DOMINIO_UF,158,0.3209688149535896,50.71307276266715,0.0,0.3164556962025316,0.6835443037974683,3772,2359,0.3164763458401305,ate_P50
3533809,Óleo,SP,Sudeste,FORA_DOMINIO_UF,20,0.3209586721179531,6.419173442359062,0.0,0.3,0.7,3773,5236,0.3162950879100961,ate_P50
3516804,Gastão Vidigal,SP,Sudeste,FORA_DOMINIO_UF,30,0.3208894519659752,9.626683558979256,0.0,0.4666666666666667,0.5333333333333333,3775,4911,0.31593257205002717,ate_P50
3515657,Fernão,SP,Sudeste,FORA_DOMINIO_UF,25,0.3208166416711836,8.02041604177959,0.0,0.56,0.44,3778,5081,0.3153887982599239,ate_P50
3517406,Guaíra,SP,Sudeste,FORA_DOMINIO_UF,306,0.3206748767412766,98.12651228283063,0.0,0.4640522875816993,0.5359477124183006,3784,1371,0.31430125067971726,ate_P50
3531209,Monte Alegre do Sul,SP,Sudeste,FORA_DOMINIO_UF,60,0.3205832132139511,19.234992792837065,0.0,0.4333333333333333,0.5666666666666667,3785,4008,0.3141199927496828,ate_P50
3515194,Espírito Santo do Turvo,SP,Sudeste,FORA_DOMINIO_UF,48,0.320001396734337,15.360067043248176,0.0,0.4375,0.5625,3791,4363,0.31303244516947615,ate_P50
3539608,Planalto,SP,Sudeste,FORA_DOMINIO_UF,50,0.319994151685059,15.99970758425295,0.0,0.16,0.84,3792,4294,0.3128511872394417,ate_P50
3528007,Macatuba,SP,Sudeste,FORA_DOMINIO_UF,182,0.3198863304617749,58.21931214404303,0.0,0.3736263736263736,0.6263736263736264,3798,2140,0.3117636396592351,ate_P50
3501202,Álvares Florence,SP,Sudeste,FORA_DOMINIO_UF,22,0.3194170125137392,7.027174275302263,0.0,0.2727272727272727,0.7272727272727273,3816,5183,0.3085009969186152,ate_P50
3509809,Campos Novos Paulista,SP,Sudeste,FORA_DOMINIO_UF,61,0.3193752758192184,19.481891824972323,0.0,0.1311475409836065,0.8688524590163934,3818,3984,0.3081384810585463,ate_P50
3514957,Embaúba,SP,Sudeste,FORA_DOMINIO_UF,26,0.3193452873443503,8.302977470953108,0.0,0.2692307692307692,0.7307692307692307,3819,5040,0.30795722312851187,ate_P50
3532207,Narandiba,SP,Sudeste,FORA_DOMINIO_UF,85,0.3192967816120846,27.140226437027188,0.0,0.388235294117647,0.611764705882353,3821,3442,0.307594707268443,ate_P50
3547908,Santo Antônio da Alegria,SP,Sudeste,FORA_DOMINIO_UF,64,0.3189110713037433,20.41030856343957,0.0,0.328125,0.671875,3825,3932,0.30686967554830524,ate_P50
3505005,Barão de Antonina,SP,Sudeste,FORA_DOMINIO_UF,40,0.3184186645716832,12.73674658286733,0.0,0.35,0.65,3832,4601,0.3056008700380642,ate_P50
3506409,Bilac,SP,Sudeste,FORA_DOMINIO_UF,68,0.318326017560731,21.646169194129705,0.0,0.25,0.75,3836,3837,0.3048758383179264,ate_P50
3556958,Vitória Brasil,SP,Sudeste,FORA_DOMINIO_UF,14,0.3177400245141558,4.448360343198181,0.0,0.0,1.0,3840,5400,0.30415080659778865,ate_P50
3521903,Itajobi,SP,Sudeste,FORA_DOMINIO_UF,147,0.3173379046261672,46.64867198004657,0.0,0.1700680272108843,0.8299319727891157,3850,2510,0.30233822729744425,ate_P50
3502408,Anhumas,SP,Sudeste,FORA_DOMINIO_UF,40,0.3172966791313232,12.691867165252928,0.0,0.425,0.575,3852,4607,0.3019757114373754,ate_P50
3514700,Echaporã,SP,Sudeste,FORA_DOMINIO_UF,83,0.3172823743711053,26.33443707280174,0.0,0.0481927710843373,0.9518072289156626,3853,3495,0.30170382454232375,ate_P50
3555505,Ubirajara,SP,Sudeste,FORA_DOMINIO_UF,66,0.3172823743711053,20.94063670849295,0.0,0.4393939393939394,0.5606060606060606,3853,3894,0.30170382454232375,ate_P50
3544251,Rosana,SP,Sudeste,FORA_DOMINIO_UF,159,0.3168786462984799,50.383704761458304,0.0,0.1761006289308176,0.8238993710691824,3858,2371,0.30088816385716877,ate_P50
3554706,Torrinha,SP,Sudeste,FORA_DOMINIO_UF,89,0.3162963573627143,28.15037580528157,0.0,0.3370786516853932,0.6629213483146067,3861,3385,0.3003443900670654,ate_P50
3502606,Aparecida d'Oeste,SP,Sudeste,FORA_DOMINIO_UF,38,0.3161916649688449,12.015283268816106,0.0,0.131578947368421,0.868421052631579,3864,4676,0.29980061627696214,ate_P50
3512506,Coroados,SP,Sudeste,FORA_DOMINIO_UF,57,0.3161221079069001,18.018960150693307,0.0,0.2631578947368421,0.7368421052631579,3866,4113,0.2994381004168932,ate_P50
3555109,Tupi Paulista,SP,Sudeste,FORA_DOMINIO_UF,122,0.3160618476186776,38.559545409478666,0.0,0.0655737704918032,0.9344262295081968,3867,2836,0.2992568424868588,ate_P50
3513207,Cristais Paulista,SP,Sudeste,FORA_DOMINIO_UF,90,0.31604337248124,28.443903523311597,0.0,0.5,0.5,3870,3363,0.29871306869675546,ate_P50
3554755,Trabiju,SP,Sudeste,FORA_DOMINIO_UF,19,0.3160358720323436,6.0046815686145285,0.0,0.5263157894736842,0.4736842105263157,3871,5273,0.29853181076672103,ate_P50
3521705,Itaberá,SP,Sudeste,FORA_DOMINIO_UF,152,0.31590128867274,48.01699587825647,0.0,0.1381578947368421,0.8618421052631579,3873,2471,0.29816929490665217,ate_P50
3549300,São João do Pau d'Alho,SP,Sudeste,FORA_DOMINIO_UF,14,0.3158456053855951,4.4218384753983315,0.0,0.0,1.0,3875,5401,0.2978067790465833,ate_P50
3550506,São Pedro do Turvo,SP,Sudeste,FORA_DOMINIO_UF,84,0.3153736660815287,26.491387950848413,0.0,0.2857142857142857,0.7142857142857143,3884,3482,0.29617545767627335,ate_P50
3548104,Santo Antônio do Jardim,SP,Sudeste,FORA_DOMINIO_UF,69,0.3152754367760618,21.754005137548262,0.0,0.2753623188405797,0.7246376811594203,3889,3826,0.29526916802610115,ate_P50
3528601,Manduri,SP,Sudeste,FORA_DOMINIO_UF,112,0.3149750149712954,35.27720167678508,0.0,0.3482142857142857,0.6517857142857143,3895,2970,0.2941816204458945,ate_P50
3528700,Marabá Paulista,SP,Sudeste,FORA_DOMINIO_UF,29,0.3149491650534464,9.133525786549946,0.0,0.5172413793103449,0.4827586206896552,3897,4966,0.2938191045858256,ate_P50
3544400,Rubiácea,SP,Sudeste,FORA_DOMINIO_UF,28,0.3149233611064549,8.817854110980738,0.0,0.1785714285714285,0.8214285714285714,3898,4995,0.2936378466557912,ate_P50
3535200,Palmeira d'Oeste,SP,Sudeste,FORA_DOMINIO_UF,76,0.314747991167555,23.92084732873418,0.0,0.1578947368421052,0.8421052631578947,3904,3669,0.29255029907558455,ate_P50
3512902,Cosmorama,SP,Sudeste,FORA_DOMINIO_UF,68,0.3144880795693755,21.385189410717537,0.0,0.4411764705882353,0.5588235294117647,3908,3859,0.2918252673554468,ate_P50
3554904,Três Fronteiras,SP,Sudeste,FORA_DOMINIO_UF,76,0.3144612925756509,23.89905823574947,0.0,0.3026315789473684,0.6973684210526315,3909,3674,0.29164400942541235,ate_P50
3531506,Monte Azul Paulista,SP,Sudeste,FORA_DOMINIO_UF,125,0.3140700567459203,39.25875709324004,0.0,0.448,0.552,3916,2815,0.2903752039151713,ate_P50
3532603,Nhandeara,SP,Sudeste,FORA_DOMINIO_UF,70,0.3140518076146934,21.98362653302854,0.0,0.3,0.7,3917,3813,0.29019394598513687,ate_P50
3556909,Vista Alegre do Alto,SP,Sudeste,FORA_DOMINIO_UF,87,0.3137996589445592,27.30057032817665,0.0,0.4712643678160919,0.5287356321839081,3921,3435,0.2894689142649991,ate_P50
3507407,Borborema,SP,Sudeste,FORA_DOMINIO_UF,118,0.3135924897547605,37.00391379106174,0.0,0.1440677966101695,0.8559322033898306,3925,2895,0.28874388254486133,ate_P50
3520806,Inúbia Paulista,SP,Sudeste,FORA_DOMINIO_UF,39,0.3134573353470646,12.22483607853552,0.0,0.0512820512820512,0.9487179487179488,3927,4654,0.2883813666847925,ate_P50
3500808,Alfredo Marcondes,SP,Sudeste,FORA_DOMINIO_UF,36,0.3132224893894826,11.276009618021373,0.0,0.25,0.75,3931,4750,0.2876563349646547,ate_P50
3522000,Itaju,SP,Sudeste,FORA_DOMINIO_UF,38,0.3130070287398722,11.894267092115143,0.0,0.5526315789473685,0.4473684210526316,3934,4694,0.28711256117455136,ate_P50
3515301,Estrela do Norte,SP,Sudeste,FORA_DOMINIO_UF,28,0.3125418468539666,8.751171711911065,0.0,0.1071428571428571,0.8928571428571429,3946,5001,0.2849374660141381,ate_P50
3531001,Monções,SP,Sudeste,FORA_DOMINIO_UF,26,0.3125290940620353,8.125756445612916,0.0,0.1923076923076923,0.8076923076923077,3947,5064,0.2847562080841037,ate_P50
3518859,Guatapará,SP,Sudeste,FORA_DOMINIO_UF,59,0.3124906431184837,18.436947943990535,0.0,0.6610169491525424,0.3389830508474576,3948,4081,0.28457495015406925,ate_P50
3535705,Paraíso,SP,Sudeste,FORA_DOMINIO_UF,46,0.3123968748264747,14.370256242017836,0.0,0.1304347826086956,0.8695652173913043,3950,4445,0.28421243429400034,ate_P50
3553203,Taiúva,SP,Sudeste,FORA_DOMINIO_UF,61,0.312364889101712,19.054258235204433,0.0,0.4262295081967213,0.5737704918032787,3951,4021,0.2840311763639659,ate_P50
3543808,Rinópolis,SP,Sudeste,FORA_DOMINIO_UF,85,0.3120625656278294,26.5253180783655,0.0,0.3647058823529411,0.6352941176470588,3955,3479,0.2833061446438282,ate_P50
3532504,Neves Paulista,SP,Sudeste,FORA_DOMINIO_UF,78,0.3118033610708058,24.320662163522854,0.0,0.2564102564102564,0.7435897435897436,3958,3636,0.28276237085372485,ate_P50
3529807,Mineiros do Tietê,SP,Sudeste,FORA_DOMINIO_UF,97,0.3117689616640803,30.241589281415788,0.0,0.3195876288659793,0.6804123711340206,3960,3245,0.282399854993656,ate_P50
3502309,Anhembi,SP,Sudeste,FORA_DOMINIO_UF,66,0.3114814955059646,20.557778703393662,0.0,0.5303030303030303,0.4696969696969697,3965,3918,0.2814935653434838,ate_P50
3541059,Pratânia,SP,Sudeste,FORA_DOMINIO_UF,82,0.3111883076593381,25.517441228065724,0.0,0.4268292682926829,0.573170731707317,3969,3549,0.28076853362334603,ate_P50
3544905,Sales Oliveira,SP,Sudeste,FORA_DOMINIO_UF,95,0.3109819083669867,29.543281294863736,0.0,0.5052631578947369,0.4947368421052631,3973,3289,0.28004350190320826,ate_P50
3553856,Taquarivaí,SP,Sudeste,FORA_DOMINIO_UF,83,0.3107662440280248,25.793598254326056,0.0,0.5301204819277109,0.4698795180722891,3980,3530,0.2787746963929672,ate_P50
3540903,Pradópolis,SP,Sudeste,FORA_DOMINIO_UF,191,0.3102950534236595,59.26635520391896,0.0,0.3717277486910995,0.6282722513089005,3987,2112,0.2775058908827261,ate_P50
3549201,São João das Duas Pontes,SP,Sudeste,FORA_DOMINIO_UF,10,0.310061000541882,3.10061000541882,0.0,0.2,0.8,3988,5485,0.27732463295269166,ate_P50
3523800,Itobi,SP,Sudeste,FORA_DOMINIO_UF,69,0.3099367399560037,21.385635056964254,0.0,0.3043478260869565,0.6956521739130435,3991,3858,0.2767808591625884,ate_P50
3553104,Taiaçu,SP,Sudeste,FORA_DOMINIO_UF,46,0.3098892677035009,14.25490631436104,0.0,0.6086956521739131,0.391304347826087,3994,4457,0.27623708537248504,ate_P50
3545100,Salmourão,SP,Sudeste,FORA_DOMINIO_UF,54,0.309790889383772,16.728708026723687,0.0,0.3703703703703703,0.6296296296296297,3995,4224,0.2760558274424506,ate_P50
3518909,Guzolândia,SP,Sudeste,FORA_DOMINIO_UF,42,0.3097218853215504,13.008319183505119,0.0,0.1904761904761904,0.8095238095238095,3998,4574,0.27551205365234727,ate_P50
3541109,Presidente Alves,SP,Sudeste,FORA_DOMINIO_UF,23,0.3097174987656288,7.123502471609463,0.0,0.391304347826087,0.6086956521739131,3999,5173,0.27533079572231284,ate_P50
3504701,Balbinos,SP,Sudeste,FORA_DOMINIO_UF,10,0.3095184637380049,3.095184637380049,0.0,0.0,1.0,4002,5486,0.27478702193220955,ate_P50
3519907,Iepê,SP,Sudeste,FORA_DOMINIO_UF,82,0.3094548732647835,25.375299607712247,0.0,0.4634146341463415,0.5365853658536586,4003,3562,0.27460576400217507,ate_P50
3515202,Estrela d'Oeste,SP,Sudeste,FORA_DOMINIO_UF,79,0.3092809316999689,24.433193604297543,0.0,0.4050632911392405,0.5949367088607594,4004,3626,0.27442450607214064,ate_P50
3516606,Gália,SP,Sudeste,FORA_DOMINIO_UF,68,0.3090857503495657,21.01783102377047,0.0,0.3235294117647059,0.6764705882352942,4006,3889,0.27397136124705457,ate_P50
3519501,Ibirarema,SP,Sudeste,FORA_DOMINIO_UF,65,0.3090857503495657,20.090573772721772,0.0,0.2923076923076923,0.7076923076923077,4006,3949,0.27397136124705457,ate_P50
3510906,Cássia dos Coqueiros,SP,Sudeste,FORA_DOMINIO_UF,32,0.3085016430562475,9.87205257779992,0.0,0.25,0.75,4016,4888,0.2722494109117274,ate_P50
3553658,Taquaral,SP,Sudeste,FORA_DOMINIO_UF,11,0.3084118143546229,3.3925299579008517,0.0,0.7272727272727273,0.2727272727272727,4019,5470,0.27170563712162404,ate_P50
3554409,Terra Roxa,SP,Sudeste,FORA_DOMINIO_UF,73,0.3084056086762073,22.513609433363133,0.0,0.2602739726027397,0.7397260273972602,4020,3766,0.2715243791915896,ate_P50
3533106,Nova Guataporanga,SP,Sudeste,FORA_DOMINIO_UF,18,0.3081279202618033,5.54630256471246,0.0,0.1666666666666666,0.8333333333333334,4025,5317,0.2706180895414174,ate_P50
3502002,Analândia,SP,Sudeste,FORA_DOMINIO_UF,64,0.3077347069362736,19.69502124392151,0.0,0.3125,0.6875,4030,3973,0.2697117998912452,ate_P50
3544608,Sabino,SP,Sudeste,FORA_DOMINIO_UF,43,0.3074639781513424,13.220951060507723,0.0,0.5348837209302325,0.4651162790697674,4034,4556,0.2689867681711075,ate_P50
3546207,Santa Cruz da Conceição,SP,Sudeste,FORA_DOMINIO_UF,30,0.3072358470542221,9.217075411626663,0.0,0.2666666666666666,0.7333333333333333,4042,4955,0.26753670473083196,ate_P50
3537156,Pedrinhas Paulista,SP,Sudeste,FORA_DOMINIO_UF,31,0.3056512665298757,9.475189262426145,0.0,0.3225806451612903,0.6774193548387096,4066,4936,0.26318651441000546,ate_P50
3547007,Santa Maria da Serra,SP,Sudeste,FORA_DOMINIO_UF,71,0.3056416425548549,21.700556621394696,0.0,0.1267605633802817,0.8732394366197183,4068,3831,0.26282399854993654,ate_P50
3547650,Santa Salete,SP,Sudeste,FORA_DOMINIO_UF,22,0.3054217781354091,6.719279118979,0.0,0.0454545454545454,0.9545454545454546,4074,5211,0.2617364509697299,ate_P50
3517109,Glicério,SP,Sudeste,FORA_DOMINIO_UF,38,0.3047129101985352,11.579090587544338,0.0,0.131578947368421,0.868421052631579,4083,4719,0.26010512959941995,ate_P50
3519402,Ibirá,SP,Sudeste,FORA_DOMINIO_UF,117,0.3045302453446517,35.630038705324246,0.0,0.376068376068376,0.6239316239316239,4085,2956,0.2597426137393511,ate_P50
3517802,Guaraçaí,SP,Sudeste,FORA_DOMINIO_UF,36,0.304465620125208,10.960762324507488,0.0,0.3888888888888889,0.6111111111111112,4087,4781,0.25938009787928223,ate_P50
3519204,Iacri,SP,Sudeste,FORA_DOMINIO_UF,50,0.3039788001476917,15.198940007384584,0.0,0.26,0.74,4091,4380,0.25865506615914446,ate_P50
3512605,Coronel Macedo,SP,Sudeste,FORA_DOMINIO_UF,44,0.3033883571056678,13.349087712649384,0.0,0.6136363636363636,0.3863636363636363,4100,4541,0.2570237447888345,ate_P50
3514502,Duartina,SP,Sudeste,FORA_DOMINIO_UF,110,0.3032324632551108,33.35557095806219,0.0,0.2272727272727272,0.7727272727272727,4103,3071,0.2564799709987312,ate_P50
3548054,Santo Antônio do Aracanguá,SP,Sudeste,FORA_DOMINIO_UF,87,0.303104103212984,26.370056979529608,0.0,0.367816091954023,0.632183908045977,4107,3493,0.25575493927859344,ate_P50
3514924,Elisiário,SP,Sudeste,FORA_DOMINIO_UF,33,0.3028594757362083,9.994362699294873,0.0,0.1515151515151515,0.8484848484848485,4113,4878,0.2546673916983868,ate_P50
3536570,Paulistânia,SP,Sudeste,FORA_DOMINIO_UF,19,0.3026939500554316,5.7511850510532,0.0,0.2631578947368421,0.7368421052631579,4115,5292,0.2543048758383179,ate_P50
3527009,Lindóia,SP,Sudeste,FORA_DOMINIO_UF,77,0.3023474636548492,23.28075470142339,0.0,0.3896103896103896,0.6103896103896104,4120,3707,0.25339858618814576,ate_P50
3552551,Suzanápolis,SP,Sudeste,FORA_DOMINIO_UF,32,0.3023284813005243,9.674511401616778,0.0,0.09375,0.90625,4121,4907,0.2532173282581113,ate_P50
3500204,Adolfo,SP,Sudeste,FORA_DOMINIO_UF,44,0.3022904215627772,13.300778548762196,0.0,0.1363636363636363,0.8636363636363636,4123,4546,0.2528548123980424,ate_P50
3529104,Marinópolis,SP,Sudeste,FORA_DOMINIO_UF,13,0.3022028791265339,3.92863742864494,0.0,0.0,1.0,4125,5438,0.25249229653797356,ate_P50
3531605,Monte Castelo,SP,Sudeste,FORA_DOMINIO_UF,32,0.3019135474515972,9.66123351845111,0.0,0.0625,0.9375,4133,4910,0.251042233097698,ate_P50
3549003,São Francisco,SP,Sudeste,FORA_DOMINIO_UF,18,0.3018063130872164,5.4325136355698955,0.0,0.1666666666666666,0.8333333333333334,4134,5334,0.2508609751676636,ate_P50
3533304,Nova Luzitânia,SP,Sudeste,FORA_DOMINIO_UF,41,0.3012666536543913,12.351932799830044,0.0,0.2682926829268293,0.7317073170731707,4142,4641,0.24941091172738808,ate_P50
3530201,Mirante do Paranapanema,SP,Sudeste,FORA_DOMINIO_UF,116,0.3011753734794293,34.9363433236138,0.0,0.1206896551724138,0.8793103448275862,4144,2988,0.2490483958673192,ate_P50
3507456,Borebi,SP,Sudeste,FORA_DOMINIO_UF,52,0.3011688656607377,15.66078101435836,0.0,0.4615384615384615,0.5384615384615384,4145,4329,0.24886713793728477,ate_P50
3516101,Florínea,SP,Sudeste,FORA_DOMINIO_UF,35,0.3009794649768591,10.53428127419007,0.0,0.1428571428571428,0.8571428571428571,4149,4828,0.248142106217147,ate_P50
3523008,Itapura,SP,Sudeste,FORA_DOMINIO_UF,47,0.3008131479355973,14.138217952973074,0.0,0.2127659574468085,0.7872340425531915,4151,4467,0.2477795903570781,ate_P50
3525409,Jeriquara,SP,Sudeste,FORA_DOMINIO_UF,40,0.3007991269835589,12.031965079342354,0.0,0.5,0.5,4152,4672,0.24759833242704368,ate_P50
3543204,Ribeirão do Sul,SP,Sudeste,FORA_DOMINIO_UF,46,0.3007357349806846,13.833843809111492,0.0,0.4130434782608695,0.5869565217391305,4153,4500,0.24741707449700925,ate_P50
3521101,Ipeúna,SP,Sudeste,FORA_DOMINIO_UF,99,0.300713785118153,29.770664726697145,0.0,0.3737373737373737,0.6262626262626263,4155,3279,0.24705455863694037,ate_P50
3543105,Ribeirão Corrente,SP,Sudeste,FORA_DOMINIO_UF,59,0.3005408975563273,17.73191295582331,0.0,0.2542372881355932,0.7457627118644068,4159,4137,0.2463295269168026,ate_P50
3544509,Rubinéia,SP,Sudeste,FORA_DOMINIO_UF,32,0.3003488717233812,9.611163895148199,0.0,0.25,0.75,4163,4915,0.24560449519666486,ate_P50
3553955,Tarumã,SP,Sudeste,FORA_DOMINIO_UF,192,0.3001204361549799,57.623123741756146,0.0,0.0833333333333333,0.9166666666666666,4168,2158,0.24469820554649266,ate_P50
3528205,Macedônia,SP,Sudeste,FORA_DOMINIO_UF,40,0.2997606730949864,11.990426923799456,0.0,0.275,0.725,4173,4679,0.24379191589632046,ate_P50
3536901,Pedranópolis,SP,Sudeste,FORA_DOMINIO_UF,22,0.2992907269416633,6.584395992716593,0.0,0.2727272727272727,0.7272727272727273,4184,5219,0.24179807866594163,ate_P50
3552304,Sud Mennucci,SP,Sudeste,FORA_DOMINIO_UF,65,0.299078806381142,19.44012241477423,0.0,0.4307692307692308,0.5692307692307692,4187,3989,0.24125430487583832,ate_P50
3543501,Riversul,SP,Sudeste,FORA_DOMINIO_UF,83,0.2988722230955275,24.806394516928783,0.0,0.3614457831325301,0.6385542168674698,4189,3598,0.24089178901576944,ate_P50
3514205,Dolcinópolis,SP,Sudeste,FORA_DOMINIO_UF,26,0.2984701345915224,7.760223499379582,0.0,0.3461538461538461,0.6538461538461539,4194,5110,0.23998549936559724,ate_P50
3527900,Lutécia,SP,Sudeste,FORA_DOMINIO_UF,22,0.2977143511556125,6.549715725423475,0.0,0.2272727272727272,0.7727272727272727,4204,5224,0.23817292006525284,ate_P50
3542107,Rafard,SP,Sudeste,FORA_DOMINIO_UF,112,0.2977051015741052,33.34297137629978,0.0,0.2857142857142857,0.7142857142857143,4206,3073,0.23781040420518398,ate_P50
3540259,Pontalinda,SP,Sudeste,FORA_DOMINIO_UF,38,0.297641517769961,11.310377675258518,0.0,0.4736842105263157,0.5263157894736842,4207,4745,0.23762914627514953,ate_P50
3529609,Meridiano,SP,Sudeste,FORA_DOMINIO_UF,46,0.2975497297278571,13.687287567481427,0.0,0.3260869565217391,0.6739130434782609,4208,4515,0.2374478883451151,ate_P50
3550803,São Sebastião da Grama,SP,Sudeste,FORA_DOMINIO_UF,98,0.297461749611126,29.151251461890347,0.0,0.3163265306122449,0.6836734693877551,4210,3318,0.23708537248504621,ate_P50
3503356,Arco-Íris,SP,Sudeste,FORA_DOMINIO_UF,22,0.2973446170339059,6.54158157474593,0.0,0.2272727272727272,0.7727272727272727,4214,5225,0.23636034076490847,ate_P50
3524907,Jambeiro,SP,Sudeste,FORA_DOMINIO_UF,63,0.2970779097319638,18.71590831311372,0.0,0.4285714285714285,0.5714285714285714,4218,4059,0.2356353090447707,ate_P50
3551207,Sarutaiá,SP,Sudeste,FORA_DOMINIO_UF,45,0.2966276489721957,13.348244203748806,0.0,0.2,0.8,4223,4542,0.2347290193945985,ate_P50
3546504,Santa Ernestina,SP,Sudeste,FORA_DOMINIO_UF,47,0.2965782874897658,13.939179512018992,0.0,0.0851063829787234,0.9148936170212766,4225,4494,0.23436650353452965,ate_P50
3532801,Nova Aliança,SP,Sudeste,FORA_DOMINIO_UF,61,0.2964264072554854,18.08201084258461,0.0,0.2622950819672131,0.7377049180327869,4229,4108,0.23364147181439188,ate_P50
3518008,Guarani d'Oeste,SP,Sudeste,FORA_DOMINIO_UF,14,0.2963046788200115,4.148265503480161,0.0,0.4285714285714285,0.5714285714285714,4232,5425,0.23309769802428856,ate_P50
3515806,Flora Rica,SP,Sudeste,FORA_DOMINIO_UF,11,0.2961645623796654,3.257810186176319,0.0,0.7272727272727273,0.2727272727272727,4235,5474,0.23255392423418525,ate_P50
3530904,Mombuca,SP,Sudeste,FORA_DOMINIO_UF,56,0.2959593463985611,16.57372339831942,0.0,0.25,0.75,4241,4240,0.23146637665397862,ate_P50
3527603,Luís Antônio,SP,Sudeste,FORA_DOMINIO_UF,123,0.2957492081895434,36.37715260731384,0.0,0.5691056910569106,0.4308943089430894,4244,2919,0.23092260286387528,ate_P50
3540002,Pompéia,SP,Sudeste,FORA_DOMINIO_UF,170,0.295049983618182,50.15849721509095,0.0,0.3941176470588235,0.6058823529411764,4247,2376,0.23037882907377197,ate_P50
3536257,Parisi,SP,Sudeste,FORA_DOMINIO_UF,32,0.2945091415387544,9.424292529240141,0.0,0.09375,0.90625,4255,4939,0.22892876563349646,ate_P50
3545506,Sandovalina,SP,Sudeste,FORA_DOMINIO_UF,50,0.2944533326174825,14.722666630874127,0.0,0.1,0.9,4256,4414,0.22874750770346203,ate_P50
3534005,Onda Verde,SP,Sudeste,FORA_DOMINIO_UF,43,0.2937736284020453,12.632266021287947,0.0,0.2558139534883721,0.7441860465116279,4268,4614,0.22657241254304875,ate_P50
3515905,Floreal,SP,Sudeste,FORA_DOMINIO_UF,27,0.2931064770776359,7.913874881096168,0.0,0.037037037037037,0.9629629629629628,4278,5090,0.22475983324270438,ate_P50
3515608,Fernando Prestes,SP,Sudeste,FORA_DOMINIO_UF,64,0.2929100909878053,18.74624582321954,0.0,0.140625,0.859375,4281,4054,0.22421605945260106,ate_P50
3527256,Lourdes,SP,Sudeste,FORA_DOMINIO_UF,18,0.2923901320097563,5.263022376175613,0.0,0.2777777777777778,0.7222222222222222,4288,5348,0.22294725394235998,ate_P50
3511904,Clementina,SP,Sudeste,FORA_DOMINIO_UF,66,0.2917018048822914,19.252319122231235,0.0,0.4545454545454545,0.5454545454545454,4294,4006,0.22185970636215335,ate_P50
3543238,Ribeirão dos Índios,SP,Sudeste,FORA_DOMINIO_UF,12,0.2912764306463575,3.4953171677562898,0.0,0.0833333333333333,0.9166666666666666,4298,5461,0.22113467464201558,ate_P50
3507209,Borá,SP,Sudeste,FORA_DOMINIO_UF,12,0.2909497516473444,3.4913970197681325,0.0,0.4166666666666667,0.5833333333333334,4306,5462,0.21968461120174007,ate_P50
3515129,Emilianópolis,SP,Sudeste,FORA_DOMINIO_UF,26,0.2905274117823145,7.553712706340177,0.0,0.1153846153846153,0.8846153846153846,4308,5134,0.21932209534167119,ate_P50
3528304,Magda,SP,Sudeste,FORA_DOMINIO_UF,33,0.2901966204220324,9.57648847392707,0.0,0.0606060606060606,0.9393939393939394,4311,4919,0.21877832155156787,ate_P50
3506201,Bento de Abreu,SP,Sudeste,FORA_DOMINIO_UF,32,0.2898466893874715,9.275094060399088,0.0,0.15625,0.84375,4315,4947,0.21805328983143013,ate_P50
3545704,Santa Albertina,SP,Sudeste,FORA_DOMINIO_UF,65,0.2896038583926251,18.82425079552063,0.0,0.4153846153846154,0.5846153846153846,4318,4045,0.21750951604132682,ate_P50
3525854,Jumirim,SP,Sudeste,FORA_DOMINIO_UF,41,0.2893208862003535,11.862156334214493,0.0,0.4878048780487805,0.5121951219512195,4324,4698,0.21642196846112016,ate_P50
3527504,Lucianópolis,SP,Sudeste,FORA_DOMINIO_UF,28,0.2886535811133454,8.08230027117367,0.0,0.25,0.75,4332,5075,0.21497190502084465,ate_P50
3557154,Zacarias,SP,Sudeste,FORA_DOMINIO_UF,25,0.2882951374300765,7.207378435751913,0.0,0.2,0.8,4337,5166,0.21406561537067248,ate_P50
3544707,Sagres,SP,Sudeste,FORA_DOMINIO_UF,24,0.2882036863403746,6.91688847216899,0.0,0.0833333333333333,0.9166666666666666,4340,5195,0.21352184158056914,ate_P50
3507753,Brejo Alegre,SP,Sudeste,FORA_DOMINIO_UF,24,0.2878783893583463,6.909081344600311,0.0,0.0,1.0,4343,5197,0.21297806779046582,ate_P50
3510104,Cândido Rodrigues,SP,Sudeste,FORA_DOMINIO_UF,26,0.2870026286534299,7.462068344989177,0.0,0.0769230769230769,0.9230769230769232,4360,5144,0.20989668297988037,ate_P50
3508207,Buritizal,SP,Sudeste,FORA_DOMINIO_UF,49,0.2862192380980848,14.024742666806155,0.0,0.4285714285714285,0.5714285714285714,4370,4483,0.20808410367953598,ate_P50
3532843,Nova Canaã Paulista,SP,Sudeste,FORA_DOMINIO_UF,18,0.285863042992221,5.1455347738599775,0.0,0.2777777777777778,0.7222222222222222,4373,5356,0.20754032988943266,ate_P50
3503703,Ariranha,SP,Sudeste,FORA_DOMINIO_UF,61,0.285306714481896,17.403709583395656,0.0,0.1311475409836065,0.8688524590163934,4376,4167,0.20699655609932935,ate_P50
3555208,Turiúba,SP,Sudeste,FORA_DOMINIO_UF,15,0.2852163939007736,4.278245908511604,0.0,0.0666666666666666,0.9333333333333332,4377,5414,0.20681529816929492,ate_P50
3503950,Aspásia,SP,Sudeste,FORA_DOMINIO_UF,22,0.2849637294521433,6.269202047947153,0.0,0.0454545454545454,0.9545454545454546,4381,5249,0.20609026644915715,ate_P50
3546256,Santa Cruz da Esperança,SP,Sudeste,FORA_DOMINIO_UF,21,0.284946253822994,5.983871330282874,0.0,0.5714285714285714,0.4285714285714285,4382,5277,0.20590900851912272,ate_P50
3555901,Uru,SP,Sudeste,FORA_DOMINIO_UF,16,0.2830824989197734,4.529319982716374,0.0,0.0,1.0,4409,5395,0.20101504440819287,ate_P50
3520707,Indiaporã,SP,Sudeste,FORA_DOMINIO_UF,38,0.2830750158168874,10.75685060104172,0.0,0.2105263157894736,0.7894736842105263,4410,4804,0.20083378647815842,ate_P50
3555802,Urânia,SP,Sudeste,FORA_DOMINIO_UF,73,0.2817198716295808,20.565550628959397,0.0,0.2328767123287671,0.7671232876712328,4426,3915,0.1979336595976074,ate_P50
3546108,Santa Clara d'Oeste,SP,Sudeste,FORA_DOMINIO_UF,26,0.2815119079384069,7.31930960639858,0.0,0.0,1.0,4428,5155,0.1975711437375385,ate_P50
3555307,Turmalina,SP,Sudeste,FORA_DOMINIO_UF,17,0.2791858117892802,4.7461588004177635,0.0,0.2941176470588235,0.7058823529411765,4453,5384,0.19303969548667754,ate_P50
3534500,Oscar Bressane,SP,Sudeste,FORA_DOMINIO_UF,25,0.2791146122241078,6.977865305602696,0.0,0.12,0.88,4455,5187,0.19267717962660866,ate_P50
3540408,Populina,SP,Sudeste,FORA_DOMINIO_UF,40,0.2783310249376979,11.133240997507915,0.0,0.2,0.8,4465,4759,0.19086460032626426,ate_P50
3533205,Nova Independência,SP,Sudeste,FORA_DOMINIO_UF,45,0.2762132615167686,12.429596768254587,0.0,0.1111111111111111,0.8888888888888888,4483,4632,0.18760195758564438,ate_P50
3555703,União Paulista,SP,Sudeste,FORA_DOMINIO_UF,15,0.2740873535120143,4.111310302680215,0.0,0.2,0.8,4513,5427,0.1821642196846112,ate_P50
3529658,Mesópolis,SP,Sudeste,FORA_DOMINIO_UF,16,0.2730363764774804,4.368582023639687,0.0,0.4375,0.5625,4525,5407,0.17998912452419794,ate_P50
3534757,Ouroeste,SP,Sudeste,FORA_DOMINIO_UF,120,0.2728189306147422,32.73827167376906,0.0,0.1,0.9,4529,3117,0.17926409280406017,ate_P50
3540309,Pontes Gestal,SP,Sudeste,FORA_DOMINIO_UF,23,0.2687865746074566,6.182091215971502,0.0,0.2608695652173913,0.7391304347826086,4582,5257,0.16965742251223492,ate_P50
3516853,Gavião Peixoto,SP,Sudeste,FORA_DOMINIO_UF,61,0.2565154774360112,15.647444123596685,0.0,0.2622950819672131,0.7377049180327869,4722,4334,0.14428131230741345,ate_P50
3533601,Nuporanga,SP,Sudeste,FORA_DOMINIO_UF,77,0.252881105078846,19.471845091071142,0.0,0.3506493506493506,0.6493506493506493,4774,3986,0.1348558999456226,ate_P50
3528858,Marapoama,SP,Sudeste,FORA_DOMINIO_UF,37,0.2498937406413824,9.24606840373115,0.0,0.0,1.0,4811,4949,0.1281493565343484,ate_P50
