id_municipio,sigla_uf,regiao,cluster_k2,cluster_k3,cluster_k4,cluster_k5,cluster_k6,cluster_k7,cluster_k8,cluster_k9,cluster_k10
1100015,RO,Norte,1,2,1,3,1,5,1,3,6
1100023,RO,Norte,0,0,0,1,0,3,4,1,4
1100031,RO,Norte,0,1,2,2,3,4,1,2,2
1100049,RO,Norte,1,0,0,1,0,3,4,1,4
1100056,RO,Norte,0,1,2,2,3,4,1,4,8
1100064,RO,Norte,0,1,2,2,4,4,0,4,8
1100072,RO,Norte,0,1,2,2,3,4,1,3,6
1100080,RO,Norte,1,2,1,3,2,6,5,7,0
1100098,RO,Norte,1,2,1,3,1,5,1,4,6
1100106,RO,Norte,1,2,1,3,1,5,2,0,5
1100114,RO,Norte,0,0,0,1,0,3,4,4,8
1100122,RO,Norte,0,0,0,1,0,3,4,1,4
1100130,RO,Norte,1,2,1,3,1,5,2,0,5
1100148,RO,Norte,0,1,2,4,4,1,0,4,0
1100155,RO,Norte,0,0,0,1,0,3,4,4,8
1100189,RO,Norte,1,0,1,3,1,3,4,1,5
1100205,RO,Norte,1,0,0,1,0,3,4,1,4
1100254,RO,Norte,0,1,2,4,4,1,0,4,8
1100262,RO,Norte,0,1,2,2,3,4,3,2,2
1100288,RO,Norte,0,0,0,1,0,3,4,4,8
1100296,RO,Norte,0,1,2,2,3,4,1,2,2
1100304,RO,Norte,1,0,1,1,1,3,4,1,4
1100320,RO,Norte,1,2,1,2,1,4,1,3,6
1100338,RO,Norte,1,2,1,3,1,5,2,0,5
1100346,RO,Norte,0,1,2,2,3,4,1,4,6
1100379,RO,Norte,1,2,1,2,3,4,1,3,6
1100403,RO,Norte,1,1,2,2,2,6,1,3,6
1100452,RO,Norte,1,2,1,3,1,5,2,0,5
1100502,RO,Norte,0,1,2,4,4,1,0,5,7
1100601,RO,Norte,0,1,2,2,3,4,3,2,2
1100700,RO,Norte,1,2,3,2,3,4,1,3,6
1100809,RO,Norte,1,2,1,3,1,5,2,0,5
1100908,RO,Norte,1,1,2,2,3,4,1,3,6
1100924,RO,Norte,1,2,1,2,1,5,1,3,6
1100940,RO,Norte,1,2,1,3,1,5,1,3,6
1101005,RO,Norte,0,1,2,2,3,4,1,3,6
1101104,RO,Norte,0,1,1,2,3,4,1,4,6
1101203,RO,Norte,0,1,1,2,3,4,1,3,6
1101302,RO,Norte,1,2,1,3,1,5,1,3,6
1101401,RO,Norte,1,2,1,3,1,5,1,3,6
1101435,RO,Norte,1,1,2,2,3,4,1,3,6
1101450,RO,Norte,1,2,3,2,3,4,1,3,6
1101468,RO,Norte,0,1,2,2,3,4,3,2,2
1101476,RO,Norte,0,1,2,2,3,4,1,3,6
1101484,RO,Norte,0,1,2,4,4,1,0,5,7
1101492,RO,Norte,1,2,1,3,1,5,1,3,6
1101500,RO,Norte,1,2,1,2,3,4,1,3,6
1101559,RO,Norte,0,1,2,4,3,1,3,2,2
1101609,RO,Norte,1,2,1,3,1,5,1,3,6
1101708,RO,Norte,1,2,1,3,1,5,1,3,6
1101757,RO,Norte,1,2,1,0,2,6,5,7,3
1101807,RO,Norte,0,1,2,2,3,4,1,3,6
1200013,AC,Norte,1,2,1,3,1,5,2,0,5
1200054,AC,Norte,1,2,1,3,1,5,2,0,5
1200104,AC,Norte,1,2,1,3,1,5,2,0,5
1200138,AC,Norte,1,2,1,3,1,5,2,0,5
1200179,AC,Norte,1,2,1,3,1,5,2,0,5
1200203,AC,Norte,1,2,1,3,1,5,2,0,5
1200252,AC,Norte,1,2,1,3,1,5,2,0,5
1200302,AC,Norte,1,2,1,3,1,5,2,0,5
1200328,AC,Norte,1,2,1,3,1,5,2,0,5
1200336,AC,Norte,1,2,1,3,1,5,2,0,5
1200344,AC,Norte,1,2,1,3,1,5,2,0,5
1200351,AC,Norte,1,2,1,3,1,5,2,0,5
1200385,AC,Norte,1,2,1,3,1,5,2,0,5
1200393,AC,Norte,1,2,1,3,1,5,2,0,5
1200401,AC,Norte,1,0,1,3,1,3,4,1,4
1200427,AC,Norte,1,2,1,3,1,5,2,0,5
1200435,AC,Norte,1,2,1,3,1,5,2,0,5
1200450,AC,Norte,1,2,1,3,1,5,2,0,3
1200500,AC,Norte,1,2,1,3,1,5,2,0,5
1200609,AC,Norte,1,2,1,3,1,5,2,0,5
1200708,AC,Norte,1,2,1,3,1,5,2,0,5
1200807,AC,Norte,1,2,1,3,1,5,2,0,5
1300029,AM,Norte,1,2,1,3,1,5,2,0,5
1300060,AM,Norte,1,2,1,3,1,5,2,0,3
1300086,AM,Norte,1,2,1,3,1,5,2,0,3
1300102,AM,Norte,1,2,3,0,2,6,5,7,0
1300144,AM,Norte,1,2,1,3,2,6,0,4,0
1300201,AM,Norte,1,2,1,3,1,5,2,0,5
1300300,AM,Norte,1,2,1,3,1,5,2,0,5
1300409,AM,Norte,1,2,1,3,1,5,2,0,3
1300508,AM,Norte,1,2,1,3,1,5,2,0,3
1300607,AM,Norte,1,2,1,3,1,5,2,0,5
1300631,AM,Norte,1,2,1,3,1,5,2,0,5
1300680,AM,Norte,1,2,1,3,1,5,2,0,3
1300706,AM,Norte,1,2,1,3,1,5,2,0,3
1300805,AM,Norte,1,2,3,0,2,6,5,7,3
1300839,AM,Norte,1,2,3,0,2,6,5,7,3
1300904,AM,Norte,1,2,3,0,2,6,5,7,3
1301001,AM,Norte,1,2,1,3,1,5,2,0,3
1301100,AM,Norte,1,2,1,3,1,5,2,0,5
1301159,AM,Norte,1,2,3,0,2,6,5,7,3
1301209,AM,Norte,1,0,1,3,1,5,4,1,4
1301308,AM,Norte,1,2,1,2,3,4,1,3,6
1301407,AM,Norte,1,2,1,3,1,5,2,3,6
1301506,AM,Norte,1,2,1,3,1,5,2,0,5
1301605,AM,Norte,1,2,1,3,1,5,2,0,5
1301654,AM,Norte,1,2,1,3,1,5,2,0,3
1301704,AM,Norte,1,2,1,3,1,5,2,0,5
1301803,AM,Norte,1,2,1,3,1,5,2,0,5
1301852,AM,Norte,1,2,1,3,1,5,2,0,5
1301902,AM,Norte,1,2,1,3,1,5,2,0,5
1301951,AM,Norte,1,2,3,0,2,6,5,7,3
1302009,AM,Norte,1,2,1,3,1,5,2,0,5
1302108,AM,Norte,1,2,3,0,2,6,5,7,0
1302207,AM,Norte,1,2,3,0,2,6,5,7,3
1302306,AM,Norte,1,2,1,3,1,5,2,0,5
1302405,AM,Norte,1,2,1,3,1,5,2,0,5
1302504,AM,Norte,1,2,1,3,1,5,2,0,5
1302553,AM,Norte,1,2,1,3,1,5,2,0,3
1302603,AM,Norte,0,0,0,1,0,3,4,1,4
1302702,AM,Norte,1,2,1,3,1,5,2,0,3
1302801,AM,Norte,1,2,1,3,1,5,2,0,3
1302900,AM,Norte,1,2,1,3,1,5,2,0,5
1303007,AM,Norte,1,2,1,3,1,5,2,0,3
1303106,AM,Norte,1,2,1,3,1,5,2,0,3
1303205,AM,Norte,1,2,3,0,5,0,7,8,9
1303304,AM,Norte,1,2,3,0,2,6,5,7,3
1303403,AM,Norte,1,2,1,3,1,5,2,0,5
1303502,AM,Norte,1,2,1,3,1,5,2,0,5
1303536,AM,Norte,1,0,0,1,0,3,4,1,4
1303569,AM,Norte,1,2,1,3,1,5,2,0,5
1303601,AM,Norte,1,2,3,0,2,6,5,7,3
1303700,AM,Norte,1,2,3,0,2,5,2,0,3
1303809,AM,Norte,1,2,1,3,1,5,2,0,3
1303908,AM,Norte,1,2,1,3,1,5,2,0,5
1303957,AM,Norte,1,2,3,0,2,6,5,7,3
1304005,AM,Norte,1,2,3,0,2,6,5,7,3
1304062,AM,Norte,1,2,1,3,1,5,2,0,5
1304104,AM,Norte,1,2,3,0,2,6,5,7,3
1304203,AM,Norte,1,2,1,3,1,5,2,0,5
1304237,AM,Norte,1,2,3,0,2,6,2,0,3
1304260,AM,Norte,1,2,1,3,1,5,2,0,5
1304302,AM,Norte,1,2,1,3,5,0,7,3,6
1304401,AM,Norte,1,2,3,0,2,6,5,7,3
1500107,PA,Norte,1,2,1,3,1,5,2,0,5
1500131,PA,Norte,1,2,1,3,1,5,2,0,5
1500206,PA,Norte,1,2,1,3,1,5,2,0,5
1500305,PA,Norte,1,2,1,3,1,5,2,0,5
1500347,PA,Norte,1,2,1,3,1,5,1,3,6
1500404,PA,Norte,1,2,1,3,1,5,2,0,5
1500503,PA,Norte,1,2,1,3,1,5,2,0,5
1500602,PA,Norte,1,2,1,3,1,5,2,0,5
1500701,PA,Norte,1,2,1,3,1,5,2,0,5
1500800,PA,Norte,1,0,1,3,1,3,4,1,4
1500859,PA,Norte,1,2,1,3,1,5,2,0,5
1500909,PA,Norte,1,2,1,3,1,5,2,0,5
1500958,PA,Norte,1,2,1,3,1,5,2,0,3
1501006,PA,Norte,1,2,1,3,1,5,2,0,3
1501105,PA,Norte,1,2,1,3,1,5,2,0,5
1501204,PA,Norte,1,2,1,3,1,5,2,0,5
1501253,PA,Norte,1,2,1,2,3,4,1,3,6
1501303,PA,Norte,1,0,0,1,0,3,4,1,4
1501402,PA,Norte,1,0,0,1,0,3,4,1,4
1501451,PA,Norte,1,2,1,3,1,5,2,0,5
1501501,PA,Norte,1,0,0,1,0,3,4,1,4
1501576,PA,Norte,1,2,1,3,1,5,2,0,5
1501600,PA,Norte,1,2,1,0,2,6,5,7,3
1501709,PA,Norte,1,2,1,3,1,5,2,0,5
1501725,PA,Norte,1,2,1,3,1,5,1,3,6
1501758,PA,Norte,1,2,1,3,1,5,2,0,5
1501782,PA,Norte,1,2,1,3,1,5,2,0,5
1501808,PA,Norte,1,2,1,3,1,5,2,0,5
1501907,PA,Norte,1,2,1,3,1,5,2,0,5
1501956,PA,Norte,1,2,1,3,1,5,2,0,5
1502004,PA,Norte,1,2,1,3,1,5,2,0,5
1502103,PA,Norte,1,2,1,3,1,5,2,0,5
1502152,PA,Norte,0,0,0,1,0,2,6,6,1
1502202,PA,Norte,1,2,1,3,1,5,2,0,5
1502301,PA,Norte,1,2,1,3,1,5,2,0,3
1502400,PA,Norte,1,0,1,3,1,3,4,1,4
1502509,PA,Norte,1,2,3,0,2,6,5,7,3
1502608,PA,Norte,1,2,1,3,5,5,2,0,5
1502707,PA,Norte,1,2,1,3,2,3,0,4,0
1502756,PA,Norte,1,2,1,3,1,5,2,0,5
1502764,PA,Norte,1,2,1,2,3,4,1,3,6
1502772,PA,Norte,0,0,0,1,0,2,6,6,1
1502806,PA,Norte,1,2,1,3,1,5,2,0,5
1502855,PA,Norte,1,2,1,3,1,5,2,0,3
1502905,PA,Norte,1,2,1,3,1,5,2,0,5
1502939,PA,Norte,1,2,1,3,1,5,2,0,5
1502954,PA,Norte,1,2,1,3,1,5,2,0,5
1503002,PA,Norte,1,2,3,0,5,5,2,0,3
1503044,PA,Norte,1,2,1,3,1,5,2,0,5
1503077,PA,Norte,1,2,1,3,1,5,2,0,3
1503093,PA,Norte,1,2,1,3,1,5,2,0,5
1503101,PA,Norte,1,2,1,3,1,5,2,0,5
1503200,PA,Norte,1,2,1,3,2,6,5,7,3
1503309,PA,Norte,1,2,1,3,1,5,2,0,5
1503408,PA,Norte,1,2,1,0,2,6,5,3,3
1503457,PA,Norte,1,2,1,3,1,5,2,0,5
1503507,PA,Norte,1,2,3,0,2,6,5,0,3
1503606,PA,Norte,1,0,1,3,1,5,2,0,5
1503705,PA,Norte,1,2,1,3,1,5,2,0,5
1503754,PA,Norte,1,0,1,3,1,5,2,0,5
1503804,PA,Norte,1,2,1,3,1,5,2,0,5
1503903,PA,Norte,1,0,1,1,1,3,4,1,4
1504000,PA,Norte,1,2,1,3,1,5,1,3,6
1504059,PA,Norte,1,2,1,3,1,5,2,0,3
1504109,PA,Norte,1,2,1,3,1,5,2,0,3
1504208,PA,Norte,1,0,0,1,0,3,4,1,4
1504307,PA,Norte,1,2,1,3,1,5,2,0,3
1504406,PA,Norte,1,2,1,3,1,5,2,0,3
1504422,PA,Norte,1,0,1,3,1,3,4,1,4
1504455,PA,Norte,1,2,1,3,1,5,2,3,6
1504505,PA,Norte,1,2,1,3,1,5,2,0,5
1504604,PA,Norte,1,2,1,3,1,5,2,0,5
1504703,PA,Norte,1,2,1,3,1,5,2,0,5
1504752,PA,Norte,1,2,1,3,1,5,2,0,5
1504802,PA,Norte,1,2,1,3,1,5,2,0,5
1504901,PA,Norte,1,2,1,3,5,0,7,8,3
1504950,PA,Norte,1,2,1,3,1,5,2,0,5
1504976,PA,Norte,1,2,1,3,1,5,2,0,5
1505007,PA,Norte,1,2,1,3,1,5,2,0,5
1505031,PA,Norte,1,0,1,3,1,5,2,0,5
1505064,PA,Norte,1,2,1,3,1,5,2,0,5
1505106,PA,Norte,1,2,1,3,1,5,2,0,5
1505205,PA,Norte,1,2,1,3,1,5,2,0,5
1505304,PA,Norte,1,0,1,3,1,5,4,1,4
1505403,PA,Norte,1,2,1,3,1,5,2,0,5
1505437,PA,Norte,1,2,1,3,1,5,2,0,5
1505486,PA,Norte,1,2,1,3,1,5,2,0,5
1505494,PA,Norte,1,2,1,3,1,5,2,0,5
1505502,PA,Norte,1,0,1,3,1,5,4,1,4
1505536,PA,Norte,0,0,0,1,0,2,6,6,1
1505551,PA,Norte,1,2,1,3,1,5,2,0,5
1505601,PA,Norte,1,2,3,0,2,6,5,7,3
1505635,PA,Norte,1,2,1,3,1,5,1,3,6
1505650,PA,Norte,1,2,1,3,1,5,2,0,5
1505700,PA,Norte,1,2,1,3,1,5,2,0,3
1505809,PA,Norte,1,2,1,3,1,5,2,0,5
1505908,PA,Norte,1,2,1,3,1,5,2,0,5
1506005,PA,Norte,1,2,1,3,1,5,2,0,5
1506104,PA,Norte,0,0,0,1,0,2,6,6,1
1506112,PA,Norte,1,2,3,0,2,6,5,7,3
1506138,PA,Norte,1,0,1,3,1,3,4,1,4
1506161,PA,Norte,1,0,1,3,1,5,1,3,6
1506187,PA,Norte,1,2,1,3,1,5,2,0,5
1506195,PA,Norte,1,2,1,3,1,5,2,0,5
1506203,PA,Norte,1,2,1,3,1,5,2,0,5
1506302,PA,Norte,1,2,1,3,1,5,2,0,3
1506351,PA,Norte,1,2,1,3,1,5,2,0,5
1506401,PA,Norte,1,2,1,3,1,5,2,0,5
1506500,PA,Norte,1,2,1,3,1,5,2,0,5
1506559,PA,Norte,1,2,1,3,1,5,2,0,5
1506583,PA,Norte,1,0,1,3,1,5,1,3,6
1506609,PA,Norte,1,2,1,3,1,5,2,0,3
1506708,PA,Norte,1,2,1,3,1,5,2,0,5
1506807,PA,Norte,1,2,1,3,1,5,2,0,5
1506906,PA,Norte,1,2,3,0,2,6,5,7,3
1507003,PA,Norte,1,2,1,3,1,5,2,0,3
1507102,PA,Norte,1,2,1,3,1,5,2,0,5
1507151,PA,Norte,1,2,1,3,1,5,2,0,5
1507201,PA,Norte,1,2,1,3,1,5,2,0,5
1507300,PA,Norte,1,2,1,3,1,5,2,0,5
1507409,PA,Norte,1,2,1,3,1,5,2,0,3
1507458,PA,Norte,1,2,1,3,1,5,2,0,5
1507466,PA,Norte,1,2,1,3,1,5,2,0,5
1507474,PA,Norte,1,2,3,0,5,0,7,8,3
1507508,PA,Norte,1,2,1,3,1,5,2,0,5
1507607,PA,Norte,1,2,1,3,1,5,2,0,5
1507706,PA,Norte,1,2,1,3,1,5,2,0,5
1507755,PA,Norte,1,2,1,3,1,5,1,3,6
1507805,PA,Norte,1,2,1,3,1,5,2,0,5
1507904,PA,Norte,1,2,1,3,1,5,2,0,5
1507953,PA,Norte,1,2,1,3,1,5,2,0,5
1507961,PA,Norte,1,2,1,3,1,5,2,0,3
1507979,PA,Norte,1,0,0,1,0,2,6,6,1
1508001,PA,Norte,1,2,1,3,1,5,2,0,5
1508035,PA,Norte,1,2,1,3,1,5,2,0,5
1508050,PA,Norte,1,2,1,3,1,5,2,0,5
1508084,PA,Norte,1,0,1,3,1,5,2,0,5
1508100,PA,Norte,0,0,0,1,0,2,6,6,1
1508126,PA,Norte,1,2,1,3,1,5,1,3,6
1508159,PA,Norte,1,2,1,3,1,5,2,0,5
1508209,PA,Norte,1,2,1,3,1,5,2,0,5
1508308,PA,Norte,1,2,1,3,1,5,2,0,5
1508357,PA,Norte,0,0,0,1,0,2,6,6,1
1508407,PA,Norte,0,0,0,1,0,3,4,1,4
1600055,AP,Norte,1,2,3,0,2,6,5,7,3
1600105,AP,Norte,1,2,3,0,2,6,5,7,3
1600154,AP,Norte,1,2,3,0,2,6,5,7,3
1600204,AP,Norte,1,2,3,0,2,6,5,7,3
1600212,AP,Norte,1,2,3,0,2,6,5,7,3
1600238,AP,Norte,0,0,0,1,0,2,6,6,1
1600253,AP,Norte,1,2,3,0,2,6,5,7,3
1600279,AP,Norte,1,2,1,3,1,5,2,0,5
1600303,AP,Norte,1,2,1,3,1,5,2,1,4
1600402,AP,Norte,1,2,1,3,1,5,2,0,3
1600501,AP,Norte,1,2,1,3,1,5,2,0,3
1600535,AP,Norte,1,2,3,0,2,6,5,7,3
1600550,AP,Norte,1,2,3,0,2,6,5,7,3
1600600,AP,Norte,1,2,1,3,1,5,2,0,5
1600709,AP,Norte,1,2,3,0,2,6,5,7,3
1600808,AP,Norte,1,2,3,0,2,6,5,7,3
1700251,TO,Norte,1,1,2,2,3,4,1,3,6
1700301,TO,Norte,0,1,2,2,3,4,1,4,8
1700350,TO,Norte,0,1,2,2,3,4,0,2,2
1700400,TO,Norte,1,1,2,2,3,4,1,3,6
1700707,TO,Norte,0,1,2,2,3,4,1,3,6
1701002,TO,Norte,1,2,3,0,5,0,7,8,9
1701051,TO,Norte,1,2,3,0,5,0,7,8,9
1701101,TO,Norte,0,1,2,2,3,4,3,2,2
1701309,TO,Norte,1,2,3,0,5,0,7,8,3
1701903,TO,Norte,0,1,2,2,3,4,1,3,6
1702000,TO,Norte,0,1,2,2,3,4,1,3,6
1702109,TO,Norte,1,0,1,3,1,3,4,1,4
1702158,TO,Norte,1,2,3,0,2,6,5,7,3
1702208,TO,Norte,1,2,1,3,5,0,7,8,9
1702307,TO,Norte,0,0,0,1,0,2,6,6,1
1702406,TO,Norte,1,2,1,3,5,0,7,8,9
1702554,TO,Norte,1,2,3,0,5,0,7,8,9
1702703,TO,Norte,1,2,3,0,5,0,7,8,9
1702901,TO,Norte,1,2,1,3,5,0,7,8,9
1703008,TO,Norte,1,2,3,0,2,6,5,7,3
1703057,TO,Norte,0,1,2,2,3,4,1,3,6
1703073,TO,Norte,1,1,3,0,5,0,7,8,0
1703107,TO,Norte,0,1,2,4,4,1,0,5,7
1703206,TO,Norte,0,1,2,2,3,4,1,3,0
1703305,TO,Norte,0,1,2,2,3,4,1,3,6
1703602,TO,Norte,0,1,2,4,4,1,0,2,2
1703701,TO,Norte,0,1,2,2,3,4,3,2,2
1703800,TO,Norte,1,2,3,0,5,0,7,8,9
1703826,TO,Norte,0,1,2,4,4,1,0,7,0
1703842,TO,Norte,1,2,1,2,3,4,1,3,6
1703867,TO,Norte,0,1,2,4,4,1,0,5,7
1703883,TO,Norte,0,1,2,4,4,1,0,2,0
1703891,TO,Norte,1,2,3,0,5,0,7,8,9
1703909,TO,Norte,0,1,2,2,3,4,1,3,6
1704105,TO,Norte,1,2,1,3,5,0,1,3,6
1704600,TO,Norte,0,1,2,4,4,1,3,5,7
1705102,TO,Norte,0,1,2,4,4,1,3,5,7
1705508,TO,Norte,0,0,0,1,0,3,4,4,8
1705557,TO,Norte,0,1,2,4,4,1,0,2,0
1705607,TO,Norte,1,2,3,0,5,0,7,8,9
1706001,TO,Norte,1,2,3,0,5,0,7,8,9
1706100,TO,Norte,0,1,2,2,3,4,1,2,2
1706258,TO,Norte,0,1,2,2,3,4,1,3,6
1706506,TO,Norte,0,1,2,2,3,4,1,3,6
1707009,TO,Norte,0,0,1,2,3,4,1,3,6
1707108,TO,Norte,0,1,2,2,3,4,3,5,7
1707207,TO,Norte,1,2,1,3,5,0,7,3,6
1707306,TO,Norte,0,1,2,2,3,4,1,3,6
1707405,TO,Norte,1,2,1,3,1,5,2,0,3
1707553,TO,Norte,0,1,2,4,4,1,0,2,2
1707652,TO,Norte,0,1,2,2,3,4,3,2,2
1707702,TO,Norte,1,2,3,0,5,0,7,8,3
1708205,TO,Norte,1,2,1,3,1,5,1,3,6
1708254,TO,Norte,0,1,2,2,3,4,3,2,2
1708304,TO,Norte,1,1,3,0,5,0,7,2,2
1709005,TO,Norte,1,2,3,0,2,6,5,7,3
1709302,TO,Norte,0,0,0,1,0,3,0,4,8
1709500,TO,Norte,0,0,0,1,0,3,4,1,4
1709807,TO,Norte,0,1,3,0,2,6,5,2,2
1710508,TO,Norte,1,2,3,0,5,0,7,8,9
1710706,TO,Norte,1,2,3,0,5,0,7,8,9
1710904,TO,Norte,0,1,2,4,4,1,3,5,7
1711100,TO,Norte,0,1,2,2,3,4,3,2,2
1711506,TO,Norte,1,2,3,0,2,6,5,7,6
1711803,TO,Norte,0,1,2,4,5,0,7,8,9
1711902,TO,Norte,0,1,2,2,3,4,1,3,6
1711951,TO,Norte,0,1,2,4,3,4,3,2,2
1712009,TO,Norte,1,2,3,0,5,0,7,8,9
1712157,TO,Norte,0,1,2,4,5,0,7,8,9
1712405,TO,Norte,1,2,3,0,5,0,7,8,9
1712454,TO,Norte,0,1,2,2,3,4,1,2,2
1712504,TO,Norte,0,1,2,2,3,4,1,3,6
1712702,TO,Norte,1,2,1,2,3,4,1,3,6
1712801,TO,Norte,1,2,3,0,5,0,7,8,9
1713205,TO,Norte,0,0,0,1,0,3,4,4,8
1713304,TO,Norte,1,2,3,0,5,0,7,8,9
1713601,TO,Norte,1,1,2,2,3,4,1,3,6
1713700,TO,Norte,0,1,2,2,3,4,3,2,2
1713809,TO,Norte,1,2,3,0,5,0,7,8,9
1713957,TO,Norte,1,2,3,0,2,6,5,7,3
1714203,TO,Norte,0,1,2,4,4,1,0,4,8
1714302,TO,Norte,1,2,3,0,5,0,7,8,9
1714880,TO,Norte,1,2,3,0,5,0,7,4,9
1715002,TO,Norte,0,1,2,2,3,4,1,2,2
1715101,TO,Norte,1,2,3,0,5,0,7,8,9
1715150,TO,Norte,0,1,2,4,4,1,0,5,0
1715259,TO,Norte,1,2,3,0,2,6,5,7,0
1715507,TO,Norte,0,1,2,4,4,1,0,2,2
1715705,TO,Norte,1,2,3,2,2,6,5,7,6
1715754,TO,Norte,0,1,3,0,5,0,7,8,9
1716109,TO,Norte,0,0,0,1,0,3,4,1,4
1716208,TO,Norte,1,2,1,3,5,0,7,8,9
1716307,TO,Norte,1,2,1,3,5,0,1,3,6
1716505,TO,Norte,0,1,2,4,4,4,1,3,6
1716604,TO,Norte,0,0,0,1,0,2,6,6,1
1716653,TO,Norte,1,2,3,0,5,0,7,8,9
1716703,TO,Norte,1,1,3,2,2,6,5,7,0
1717008,TO,Norte,0,1,2,4,4,1,0,5,0
1717206,TO,Norte,1,2,3,2,5,0,1,3,6
1717503,TO,Norte,0,1,2,2,3,4,1,3,6
1717800,TO,Norte,1,2,3,0,2,6,5,7,0
1717909,TO,Norte,1,2,3,0,2,6,5,7,0
1718006,TO,Norte,1,2,3,0,2,6,5,7,0
1718204,TO,Norte,0,0,0,1,0,3,4,1,4
1718303,TO,Norte,1,2,3,0,2,6,5,7,3
1718402,TO,Norte,0,1,2,4,4,1,0,5,7
1718451,TO,Norte,0,1,2,4,4,1,3,5,7
1718501,TO,Norte,1,2,3,0,2,6,5,7,3
1718550,TO,Norte,1,1,3,0,2,6,5,7,0
1718659,TO,Norte,1,2,3,0,2,6,5,7,0
1718709,TO,Norte,0,1,2,2,3,4,1,2,2
1718758,TO,Norte,1,2,3,0,2,6,5,7,3
1718808,TO,Norte,1,2,1,3,5,0,7,8,9
1718840,TO,Norte,0,1,2,2,3,4,3,2,2
1718865,TO,Norte,1,2,1,3,1,5,2,3,6
1718881,TO,Norte,0,1,2,2,3,4,3,2,2
1718899,TO,Norte,0,1,2,2,3,4,3,2,2
1718907,TO,Norte,0,1,2,2,3,4,1,3,6
1719004,TO,Norte,1,2,3,0,2,6,5,7,0
1720002,TO,Norte,1,2,3,0,5,0,7,8,9
1720101,TO,Norte,1,2,3,0,5,0,7,8,3
1720150,TO,Norte,1,2,1,3,5,0,7,8,9
1720200,TO,Norte,1,2,3,0,5,0,7,8,9
1720259,TO,Norte,1,2,3,0,5,0,7,8,9
1720309,TO,Norte,1,2,1,3,5,0,7,8,9
1720499,TO,Norte,1,1,3,2,3,4,1,3,6
1720655,TO,Norte,0,1,1,2,3,4,1,3,6
1720804,TO,Norte,1,2,3,0,5,0,7,8,9
1720853,TO,Norte,0,1,2,4,4,1,3,5,7
1720903,TO,Norte,1,2,1,3,1,5,2,0,5
1720937,TO,Norte,0,1,2,4,4,1,0,2,0
1720978,TO,Norte,0,1,2,2,3,4,1,3,6
1721000,TO,Norte,0,0,0,1,0,3,4,1,4
1721109,TO,Norte,1,2,3,0,5,0,7,8,9
1721208,TO,Norte,1,2,1,3,5,0,7,8,9
1721257,TO,Norte,0,1,2,2,3,4,3,2,2
1721307,TO,Norte,1,1,3,0,5,0,7,8,9
1722081,TO,Norte,1,2,3,0,5,0,7,8,9
1722107,TO,Norte,0,0,0,1,0,2,6,6,1
2100055,MA,Nordeste,1,0,1,3,1,3,4,1,4
2100105,MA,Nordeste,1,2,1,3,5,0,7,8,9
2100154,MA,Nordeste,1,2,3,0,5,0,7,8,9
2100204,MA,Nordeste,1,2,1,3,1,5,2,0,3
2100303,MA,Nordeste,1,2,1,3,1,5,2,0,5
2100402,MA,Nordeste,1,2,3,0,5,0,7,8,9
2100436,MA,Nordeste,1,2,3,0,5,0,7,8,9
2100477,MA,Nordeste,1,2,3,0,5,0,7,8,9
2100501,MA,Nordeste,1,2,1,2,3,4,1,3,6
2100550,MA,Nordeste,1,2,3,0,5,0,7,8,9
2100600,MA,Nordeste,1,2,1,3,1,5,2,0,3
2100709,MA,Nordeste,1,2,1,3,1,5,2,0,5
2100808,MA,Nordeste,1,2,3,0,5,0,7,8,9
2100832,MA,Nordeste,1,2,1,3,1,5,2,0,5
2100873,MA,Nordeste,1,2,1,3,1,5,2,0,5
2100907,MA,Nordeste,1,2,1,3,1,5,2,0,5
2100956,MA,Nordeste,1,2,1,3,1,5,2,0,5
2101004,MA,Nordeste,1,2,1,3,1,5,2,0,5
2101103,MA,Nordeste,1,2,3,0,5,0,7,8,9
2101202,MA,Nordeste,1,2,1,3,1,5,2,0,5
2101251,MA,Nordeste,1,0,1,1,0,2,6,6,1
2101301,MA,Nordeste,1,2,3,0,5,0,7,8,9
2101350,MA,Nordeste,1,2,1,3,1,5,2,0,5
2101400,MA,Nordeste,0,0,1,2,0,3,1,3,6
2101509,MA,Nordeste,1,2,3,0,5,0,7,8,9
2101608,MA,Nordeste,1,2,1,3,1,5,2,0,3
2101707,MA,Nordeste,1,2,1,3,1,5,2,0,5
2101731,MA,Nordeste,1,2,3,0,5,0,7,8,9
2101772,MA,Nordeste,1,2,1,3,1,5,2,0,5
2101806,MA,Nordeste,1,2,3,0,2,6,5,7,3
2101905,MA,Nordeste,1,2,1,3,1,5,2,0,3
2101939,MA,Nordeste,1,2,3,0,2,6,5,7,3
2101970,MA,Nordeste,1,2,3,0,5,0,7,8,9
2102002,MA,Nordeste,1,2,1,3,1,5,2,0,3
2102036,MA,Nordeste,1,2,1,3,1,5,2,0,5
2102077,MA,Nordeste,1,2,1,3,5,5,2,0,3
2102101,MA,Nordeste,1,2,1,3,5,0,7,0,9
2102150,MA,Nordeste,1,2,3,0,2,6,5,7,3
2102200,MA,Nordeste,1,2,1,3,1,5,2,0,5
2102309,MA,Nordeste,1,2,1,3,1,5,2,0,3
2102325,MA,Nordeste,1,2,1,3,1,5,2,0,5
2102358,MA,Nordeste,1,2,3,0,5,0,7,8,9
2102374,MA,Nordeste,1,2,3,0,5,0,7,8,9
2102408,MA,Nordeste,1,2,1,3,1,5,2,0,5
2102507,MA,Nordeste,1,2,1,3,1,5,2,0,5
2102556,MA,Nordeste,1,2,1,3,1,5,2,0,3
2102606,MA,Nordeste,1,2,1,3,1,5,2,0,5
2102705,MA,Nordeste,1,2,3,0,5,0,7,8,9
2102754,MA,Nordeste,1,2,1,3,1,5,2,0,3
2102804,MA,Nordeste,1,2,1,3,1,5,1,3,6
2102903,MA,Nordeste,1,2,1,3,1,5,2,0,5
2103000,MA,Nordeste,1,2,1,3,1,5,2,0,5
2103109,MA,Nordeste,1,2,3,0,5,0,7,8,9
2103125,MA,Nordeste,1,2,3,0,5,0,7,8,9
2103158,MA,Nordeste,1,2,1,3,5,0,7,8,9
2103174,MA,Nordeste,1,2,3,0,5,0,7,8,9
2103208,MA,Nordeste,1,2,1,3,5,0,7,0,9
2103257,MA,Nordeste,1,2,1,3,1,5,2,0,5
2103307,MA,Nordeste,1,2,1,3,1,5,2,0,3
2103406,MA,Nordeste,1,2,1,3,1,5,2,0,5
2103505,MA,Nordeste,1,2,1,3,1,5,2,0,5
2103554,MA,Nordeste,1,2,3,0,5,0,7,8,9
2103604,MA,Nordeste,1,2,1,3,1,5,2,0,3
2103703,MA,Nordeste,1,2,1,3,5,0,7,8,9
2103752,MA,Nordeste,1,2,3,0,2,6,5,7,3
2103802,MA,Nordeste,1,2,1,3,1,5,2,0,3
2103901,MA,Nordeste,1,2,3,0,5,0,7,8,9
2104008,MA,Nordeste,1,2,3,0,5,0,7,8,9
2104057,MA,Nordeste,1,0,0,1,0,2,6,6,1
2104073,MA,Nordeste,1,2,3,0,2,6,5,7,3
2104081,MA,Nordeste,1,2,3,0,2,6,5,7,3
2104099,MA,Nordeste,1,2,3,0,5,0,7,8,9
2104107,MA,Nordeste,1,2,1,3,5,0,1,3,6
2104206,MA,Nordeste,1,2,3,0,5,0,7,8,9
2104305,MA,Nordeste,0,0,0,1,0,2,6,6,1
2104404,MA,Nordeste,1,2,3,0,2,6,5,7,3
2104503,MA,Nordeste,1,2,3,0,5,0,7,8,9
2104552,MA,Nordeste,1,0,1,1,1,5,6,0,1
2104602,MA,Nordeste,1,2,3,0,5,0,7,8,9
2104628,MA,Nordeste,1,2,3,0,2,6,5,7,3
2104651,MA,Nordeste,1,2,1,3,5,0,7,8,9
2104677,MA,Nordeste,1,2,1,3,5,0,7,8,9
2104701,MA,Nordeste,1,2,3,0,2,6,5,7,3
2104800,MA,Nordeste,1,2,1,3,5,0,7,8,9
2104909,MA,Nordeste,1,2,3,0,5,0,7,8,9
2105005,MA,Nordeste,1,2,1,3,5,0,7,8,9
2105104,MA,Nordeste,1,2,3,0,2,6,5,7,3
2105153,MA,Nordeste,1,2,3,0,5,0,7,8,9
2105203,MA,Nordeste,1,2,3,0,5,0,7,8,9
2105302,MA,Nordeste,1,0,0,1,0,3,4,1,4
2105351,MA,Nordeste,1,2,3,3,5,0,7,8,9
2105401,MA,Nordeste,1,2,1,3,1,5,2,0,5
2105427,MA,Nordeste,1,2,3,0,5,0,7,8,9
2105450,MA,Nordeste,1,2,3,0,2,6,5,7,3
2105476,MA,Nordeste,1,2,3,0,2,6,5,7,3
2105500,MA,Nordeste,1,2,3,0,5,0,7,8,9
2105609,MA,Nordeste,1,2,3,0,5,0,7,8,3
2105658,MA,Nordeste,1,2,3,0,2,6,5,7,3
2105708,MA,Nordeste,1,2,1,3,5,0,7,8,9
2105807,MA,Nordeste,1,2,3,0,5,0,7,8,9
2105906,MA,Nordeste,1,2,1,3,5,0,7,8,9
2105922,MA,Nordeste,1,2,1,3,1,5,2,0,5
2105948,MA,Nordeste,1,2,3,0,5,0,7,8,9
2105963,MA,Nordeste,1,2,3,0,5,0,7,8,9
2105989,MA,Nordeste,1,2,3,0,5,0,7,8,3
2106003,MA,Nordeste,1,2,1,3,1,5,2,0,5
2106102,MA,Nordeste,0,1,2,2,3,4,1,3,6
2106201,MA,Nordeste,1,2,3,0,5,0,7,8,9
2106300,MA,Nordeste,1,2,3,0,5,0,7,8,9
2106326,MA,Nordeste,1,2,3,0,5,0,7,8,3
2106359,MA,Nordeste,1,2,3,0,5,0,7,8,9
2106375,MA,Nordeste,1,2,3,0,5,0,7,8,3
2106409,MA,Nordeste,1,2,3,0,5,0,7,8,3
2106508,MA,Nordeste,1,2,1,3,1,5,2,0,5
2106607,MA,Nordeste,1,2,3,0,5,0,7,8,9
2106631,MA,Nordeste,1,2,3,0,5,0,7,8,9
2106672,MA,Nordeste,1,2,3,0,5,0,7,8,9
2106706,MA,Nordeste,1,2,1,0,2,6,5,7,3
2106755,MA,Nordeste,1,0,0,1,5,0,7,8,1
2106805,MA,Nordeste,1,2,3,0,5,0,7,8,9
2106904,MA,Nordeste,1,2,1,3,1,5,2,0,5
2107001,MA,Nordeste,1,2,3,0,2,6,5,7,3
2107100,MA,Nordeste,1,2,3,0,1,5,2,0,3
2107209,MA,Nordeste,1,2,1,3,5,5,2,0,5
2107258,MA,Nordeste,1,2,3,0,2,6,5,3,6
2107308,MA,Nordeste,1,2,3,0,5,0,7,8,9
2107357,MA,Nordeste,1,2,1,3,1,5,2,0,5
2107407,MA,Nordeste,1,2,1,3,5,0,7,8,9
2107456,MA,Nordeste,1,2,1,3,1,5,2,0,3
2107506,MA,Nordeste,1,2,1,3,1,5,2,0,5
2107605,MA,Nordeste,1,2,1,3,1,5,2,0,5
2107704,MA,Nordeste,1,2,1,3,1,5,2,0,3
2107803,MA,Nordeste,1,2,1,3,5,0,7,8,9
2107902,MA,Nordeste,1,2,3,0,2,6,5,7,3
2108009,MA,Nordeste,1,2,1,3,5,0,7,8,9
2108058,MA,Nordeste,1,2,3,0,2,6,5,7,3
2108108,MA,Nordeste,1,2,3,0,5,0,7,8,9
2108207,MA,Nordeste,1,2,1,3,1,5,2,0,5
2108256,MA,Nordeste,1,2,1,3,1,5,2,0,3
2108306,MA,Nordeste,1,2,1,3,1,5,2,0,5
2108405,MA,Nordeste,1,2,3,0,5,0,7,8,9
2108454,MA,Nordeste,1,2,1,3,1,5,2,0,5
2108504,MA,Nordeste,1,2,3,0,5,0,7,8,9
2108603,MA,Nordeste,1,2,1,3,1,5,2,0,5
2108702,MA,Nordeste,1,2,1,3,1,5,2,0,3
2108801,MA,Nordeste,1,2,1,3,5,0,7,8,9
2108900,MA,Nordeste,1,2,3,0,5,0,7,8,9
2109007,MA,Nordeste,1,0,1,3,1,5,4,1,5
2109056,MA,Nordeste,1,2,3,0,5,0,7,8,9
2109106,MA,Nordeste,1,2,1,3,1,5,2,0,5
2109205,MA,Nordeste,1,2,1,3,1,5,2,0,5
2109239,MA,Nordeste,1,2,3,0,5,0,7,8,3
2109270,MA,Nordeste,1,2,3,0,5,0,7,8,9
2109304,MA,Nordeste,1,2,3,0,2,6,5,0,3
2109403,MA,Nordeste,1,2,3,0,5,0,7,8,3
2109452,MA,Nordeste,1,2,1,3,5,0,7,8,9
2109502,MA,Nordeste,1,2,1,2,3,4,1,3,6
2109551,MA,Nordeste,1,2,3,0,2,6,5,7,3
2109601,MA,Nordeste,1,2,1,3,5,0,7,8,9
2109700,MA,Nordeste,0,1,2,2,3,4,1,3,6
2109759,MA,Nordeste,1,2,1,3,1,5,2,0,5
2109809,MA,Nordeste,1,2,1,3,1,5,2,0,5
2109908,MA,Nordeste,1,2,3,0,5,0,7,8,9
2110005,MA,Nordeste,1,2,1,3,1,5,2,0,5
2110039,MA,Nordeste,1,2,1,3,1,5,2,0,3
2110104,MA,Nordeste,1,2,1,3,1,5,2,0,5
2110203,MA,Nordeste,1,2,1,3,1,5,2,0,3
2110237,MA,Nordeste,1,2,1,3,5,0,7,8,9
2110278,MA,Nordeste,1,2,3,0,2,6,5,7,3
2110302,MA,Nordeste,0,0,0,1,0,2,6,6,1
2110401,MA,Nordeste,1,2,1,3,1,5,2,0,3
2110500,MA,Nordeste,1,2,1,3,1,5,2,0,5
2110609,MA,Nordeste,1,2,3,0,5,0,7,8,9
2110658,MA,Nordeste,0,1,2,2,3,4,1,3,6
2110708,MA,Nordeste,1,2,1,3,1,5,2,0,3
2110807,MA,Nordeste,1,2,3,0,2,6,5,7,3
2110856,MA,Nordeste,1,2,3,0,2,6,5,7,0
2110906,MA,Nordeste,1,2,3,0,5,0,7,8,3
2111003,MA,Nordeste,1,2,1,3,1,5,2,0,3
2111029,MA,Nordeste,1,2,3,0,5,0,7,8,9
2111052,MA,Nordeste,1,2,3,0,2,6,5,7,3
2111078,MA,Nordeste,1,2,1,3,1,5,2,0,3
2111102,MA,Nordeste,1,2,1,3,5,0,7,8,9
2111201,MA,Nordeste,1,2,1,3,1,5,2,0,5
2111250,MA,Nordeste,1,2,3,0,5,0,7,8,3
2111300,MA,Nordeste,1,0,0,1,0,3,4,1,4
2111409,MA,Nordeste,1,2,1,3,1,5,2,0,5
2111508,MA,Nordeste,1,2,1,3,1,5,2,0,5
2111532,MA,Nordeste,1,2,3,0,2,6,5,7,3
2111573,MA,Nordeste,0,1,2,2,3,4,1,3,6
2111607,MA,Nordeste,1,2,1,2,3,4,1,3,6
2111631,MA,Nordeste,1,2,3,0,2,6,5,7,3
2111672,MA,Nordeste,1,2,3,0,5,0,7,8,9
2111706,MA,Nordeste,1,2,1,3,1,5,2,0,5
2111722,MA,Nordeste,1,2,3,0,5,0,7,8,9
2111748,MA,Nordeste,1,2,3,0,5,0,7,8,9
2111763,MA,Nordeste,1,2,3,0,5,0,7,8,9
2111789,MA,Nordeste,1,2,3,0,5,0,7,8,9
2111805,MA,Nordeste,1,2,3,0,5,0,7,8,3
2111904,MA,Nordeste,1,2,1,3,5,0,7,8,9
2111953,MA,Nordeste,1,2,3,0,2,6,5,7,3
2112001,MA,Nordeste,0,1,2,2,3,4,1,3,6
2112100,MA,Nordeste,1,2,1,3,1,5,2,0,3
2112209,MA,Nordeste,1,0,1,3,1,3,4,1,4
2112233,MA,Nordeste,1,2,1,3,1,5,2,0,5
2112274,MA,Nordeste,1,2,3,0,5,0,7,8,3
2112308,MA,Nordeste,1,2,1,3,1,5,2,0,5
2112407,MA,Nordeste,1,2,1,3,1,5,2,0,5
2112456,MA,Nordeste,1,2,3,0,5,0,7,8,9
2112506,MA,Nordeste,1,2,1,3,1,5,2,0,5
2112605,MA,Nordeste,1,2,1,3,1,5,2,0,5
2112704,MA,Nordeste,1,2,1,3,5,5,2,0,5
2112803,MA,Nordeste,1,2,1,3,1,5,2,0,5
2112852,MA,Nordeste,1,2,3,0,5,0,7,8,9
2112902,MA,Nordeste,1,2,1,3,5,0,7,8,9
2113009,MA,Nordeste,1,2,3,0,2,6,5,7,3
2114007,MA,Nordeste,1,2,1,3,5,0,7,8,9
2200053,PI,Nordeste,1,2,3,0,5,0,7,8,9
2200103,PI,Nordeste,1,2,3,0,5,0,7,8,9
2200202,PI,Nordeste,1,2,3,0,5,0,7,8,9
2200251,PI,Nordeste,1,2,3,0,2,6,5,7,3
2200277,PI,Nordeste,1,2,3,0,5,0,7,8,9
2200301,PI,Nordeste,1,2,3,0,5,0,7,8,3
2200400,PI,Nordeste,1,2,1,3,5,0,7,8,9
2200459,PI,Nordeste,1,2,3,0,5,0,7,8,9
2200509,PI,Nordeste,1,2,3,0,5,0,7,8,9
2200608,PI,Nordeste,1,2,3,0,2,6,5,7,0
2200707,PI,Nordeste,1,2,3,0,5,0,7,8,9
2200806,PI,Nordeste,0,1,2,4,4,2,6,5,7
2200905,PI,Nordeste,1,2,3,0,5,0,7,8,9
2200954,PI,Nordeste,1,2,3,0,2,6,5,7,3
2201002,PI,Nordeste,1,2,3,0,5,0,7,8,9
2201051,PI,Nordeste,1,2,3,0,2,6,5,7,3
2201101,PI,Nordeste,1,2,3,0,5,0,7,8,9
2201150,PI,Nordeste,0,1,2,2,3,4,1,3,6
2201176,PI,Nordeste,1,2,3,0,2,6,5,7,0
2201200,PI,Nordeste,1,2,3,0,5,0,7,8,9
2201309,PI,Nordeste,1,2,1,2,3,4,1,3,6
2201408,PI,Nordeste,1,2,3,0,5,0,7,8,9
2201507,PI,Nordeste,1,2,3,0,5,0,7,8,9
2201556,PI,Nordeste,1,2,1,3,1,5,2,0,5
2201572,PI,Nordeste,0,1,3,4,5,0,7,8,9
2201606,PI,Nordeste,1,2,3,0,5,0,7,8,9
2201705,PI,Nordeste,1,2,3,0,5,0,7,8,9
2201739,PI,Nordeste,1,2,3,0,5,0,7,8,9
2201770,PI,Nordeste,1,2,3,0,2,6,5,7,3
2201804,PI,Nordeste,1,2,3,0,2,6,5,7,3
2201903,PI,Nordeste,1,2,1,3,1,0,1,3,6
2201919,PI,Nordeste,1,2,3,0,5,0,7,8,3
2201929,PI,Nordeste,1,2,3,0,2,6,5,7,3
2201945,PI,Nordeste,1,2,3,0,2,6,5,7,3
2201960,PI,Nordeste,1,2,3,0,5,0,7,8,9
2201988,PI,Nordeste,1,2,3,0,5,0,7,8,9
2202000,PI,Nordeste,1,2,3,0,5,0,7,8,9
2202026,PI,Nordeste,1,2,3,0,5,0,7,8,9
2202059,PI,Nordeste,1,2,3,0,5,0,7,8,9
2202075,PI,Nordeste,1,2,3,0,5,0,7,8,9
2202083,PI,Nordeste,1,2,3,0,5,0,7,8,9
2202091,PI,Nordeste,0,0,0,1,0,2,6,6,1
2202109,PI,Nordeste,1,2,3,0,2,0,5,7,9
2202117,PI,Nordeste,1,2,3,0,5,0,7,8,9
2202133,PI,Nordeste,1,2,3,0,2,6,5,7,0
2202174,PI,Nordeste,1,2,3,0,5,0,7,8,9
2202208,PI,Nordeste,1,2,3,0,5,0,7,8,9
2202251,PI,Nordeste,1,2,3,0,5,0,7,8,9
2202307,PI,Nordeste,1,2,3,0,5,0,7,8,9
2202406,PI,Nordeste,1,2,3,0,5,0,7,8,9
2202455,PI,Nordeste,1,2,3,0,5,0,7,8,9
2202505,PI,Nordeste,1,2,3,0,5,0,7,8,9
2202539,PI,Nordeste,1,2,3,0,2,6,5,7,3
2202554,PI,Nordeste,1,2,3,0,5,0,7,8,9
2202604,PI,Nordeste,1,2,3,0,5,0,7,0,3
2202653,PI,Nordeste,1,2,3,0,2,6,5,7,3
2202703,PI,Nordeste,1,2,1,3,1,5,2,0,5
2202711,PI,Nordeste,1,2,3,0,2,6,5,7,3
2202729,PI,Nordeste,1,2,3,0,2,6,5,7,3
2202737,PI,Nordeste,1,2,3,0,2,6,5,7,3
2202752,PI,Nordeste,1,2,3,0,5,0,7,8,9
2202778,PI,Nordeste,1,2,3,0,2,6,5,7,3
2202802,PI,Nordeste,1,2,3,0,5,0,7,8,9
2202851,PI,Nordeste,1,2,3,0,5,0,7,8,9
2202901,PI,Nordeste,1,2,3,0,5,0,7,8,9
2203008,PI,Nordeste,1,2,3,0,5,0,7,8,9
2203107,PI,Nordeste,1,2,1,3,5,0,7,8,9
2203206,PI,Nordeste,1,2,3,0,5,0,7,8,9
2203230,PI,Nordeste,0,1,2,2,3,4,1,3,6
2203255,PI,Nordeste,1,2,3,0,5,0,7,8,9
2203271,PI,Nordeste,1,2,3,0,2,6,5,7,3
2203305,PI,Nordeste,1,2,1,3,5,0,7,8,9
2203354,PI,Nordeste,1,2,3,0,5,0,7,8,9
2203404,PI,Nordeste,1,2,3,0,2,6,5,7,0
2203420,PI,Nordeste,1,2,3,0,5,0,7,8,9
2203453,PI,Nordeste,1,2,3,0,5,0,7,8,9
2203503,PI,Nordeste,1,2,3,0,5,0,7,8,9
2203602,PI,Nordeste,1,2,3,0,2,6,5,7,0
2203701,PI,Nordeste,1,2,1,3,5,0,7,8,9
2203750,PI,Nordeste,1,2,3,0,5,0,7,8,9
2203800,PI,Nordeste,1,2,3,0,2,6,5,7,3
2203859,PI,Nordeste,1,2,3,0,5,0,7,8,9
2203909,PI,Nordeste,1,2,1,3,1,3,4,1,4
2204006,PI,Nordeste,1,2,3,0,5,0,7,8,9
2204105,PI,Nordeste,1,2,3,0,2,6,5,7,3
2204154,PI,Nordeste,1,2,3,0,2,6,5,7,0
2204204,PI,Nordeste,1,2,3,0,2,6,5,7,0
2204303,PI,Nordeste,1,2,3,0,5,0,7,8,9
2204352,PI,Nordeste,1,2,3,0,2,6,5,7,3
2204402,PI,Nordeste,1,2,1,3,5,0,7,3,6
2204501,PI,Nordeste,0,0,0,1,0,2,6,6,1
2204550,PI,Nordeste,1,2,3,0,5,0,7,8,9
2204600,PI,Nordeste,1,2,3,0,2,6,5,7,0
2204659,PI,Nordeste,1,2,3,0,5,0,7,8,3
2204709,PI,Nordeste,1,2,3,0,2,6,5,7,0
2204808,PI,Nordeste,1,2,3,0,2,6,5,7,3
2204907,PI,Nordeste,1,2,3,0,2,6,5,7,3
2205003,PI,Nordeste,1,2,3,0,2,6,5,7,3
2205102,PI,Nordeste,1,2,3,0,2,6,5,7,3
2205151,PI,Nordeste,1,2,3,0,5,0,7,8,9
2205201,PI,Nordeste,1,2,1,3,1,5,2,0,5
2205250,PI,Nordeste,1,2,3,0,5,0,7,8,9
2205276,PI,Nordeste,1,2,3,0,2,6,5,7,3
2205300,PI,Nordeste,1,2,3,0,2,6,5,7,9
2205359,PI,Nordeste,1,2,3,0,2,6,5,7,1
2205409,PI,Nordeste,1,2,3,0,5,0,7,8,9
2205458,PI,Nordeste,1,2,3,0,5,0,7,8,9
2205508,PI,Nordeste,1,2,1,3,1,5,2,0,5
2205516,PI,Nordeste,1,2,3,0,2,6,5,7,3
2205524,PI,Nordeste,1,2,3,0,5,0,7,8,9
2205532,PI,Nordeste,1,2,3,0,5,0,7,8,9
2205540,PI,Nordeste,1,2,3,0,2,6,5,7,3
2205557,PI,Nordeste,1,2,3,0,5,0,7,8,9
2205565,PI,Nordeste,0,0,0,1,0,2,6,6,1
2205573,PI,Nordeste,1,2,3,0,2,6,5,7,3
2205581,PI,Nordeste,1,2,3,0,2,6,5,7,0
2205599,PI,Nordeste,1,2,3,0,5,0,7,8,9
2205607,PI,Nordeste,1,2,3,0,5,0,7,8,9
2205706,PI,Nordeste,1,2,1,3,1,5,2,0,3
2205805,PI,Nordeste,1,2,1,3,1,5,2,0,5
2205854,PI,Nordeste,1,2,3,0,5,0,7,8,9
2205904,PI,Nordeste,1,2,3,0,2,6,5,7,3
2205953,PI,Nordeste,1,0,0,1,0,2,6,4,1
2206001,PI,Nordeste,1,2,3,0,5,0,7,8,9
2206050,PI,Nordeste,1,2,3,0,5,0,7,8,9
2206100,PI,Nordeste,1,2,3,0,2,6,5,7,3
2206209,PI,Nordeste,1,2,3,0,5,0,7,8,9
2206308,PI,Nordeste,1,1,3,0,5,0,7,8,9
2206357,PI,Nordeste,1,2,3,0,2,6,5,7,3
2206407,PI,Nordeste,1,2,1,3,1,5,2,0,5
2206506,PI,Nordeste,1,2,3,0,5,0,7,8,9
2206605,PI,Nordeste,1,1,2,2,3,4,1,3,6
2206654,PI,Nordeste,1,2,3,0,5,0,7,8,9
2206670,PI,Nordeste,1,2,3,0,5,0,7,8,9
2206696,PI,Nordeste,1,2,3,0,5,0,7,8,9
2206704,PI,Nordeste,1,2,3,0,2,6,5,7,3
2206720,PI,Nordeste,1,2,3,0,2,6,5,7,3
2206753,PI,Nordeste,1,2,1,3,1,5,2,0,5
2206803,PI,Nordeste,1,2,3,0,5,0,7,8,9
2206902,PI,Nordeste,1,2,3,0,5,0,7,8,9
2206951,PI,Nordeste,1,2,3,0,5,0,7,8,9
2207009,PI,Nordeste,1,2,1,3,1,5,2,0,5
2207108,PI,Nordeste,1,2,3,0,5,0,7,8,9
2207207,PI,Nordeste,1,1,3,0,5,0,7,8,9
2207306,PI,Nordeste,1,2,3,0,5,0,7,8,9
2207355,PI,Nordeste,1,2,3,0,5,0,7,8,9
2207405,PI,Nordeste,1,2,1,3,5,0,1,3,6
2207504,PI,Nordeste,1,2,3,0,2,6,5,7,3
2207553,PI,Nordeste,1,2,3,0,2,6,5,7,3
2207603,PI,Nordeste,1,2,3,0,2,6,5,7,3
2207702,PI,Nordeste,1,2,1,3,1,5,2,0,5
2207751,PI,Nordeste,1,2,3,0,5,0,7,8,9
2207777,PI,Nordeste,1,2,3,0,5,0,7,8,9
2207793,PI,Nordeste,1,2,3,0,2,6,5,7,3
2207801,PI,Nordeste,1,2,1,3,1,6,5,7,3
2207850,PI,Nordeste,1,2,3,0,5,0,7,8,9
2207900,PI,Nordeste,1,2,1,3,1,5,2,0,5
2207934,PI,Nordeste,1,1,3,0,2,6,5,7,0
2207959,PI,Nordeste,1,2,3,0,2,6,5,7,3
2208007,PI,Nordeste,1,2,1,3,1,3,4,1,3
2208106,PI,Nordeste,1,2,3,0,5,0,7,8,9
2208205,PI,Nordeste,1,2,3,0,2,6,5,7,3
2208304,PI,Nordeste,1,2,1,3,1,5,2,0,5
2208403,PI,Nordeste,1,2,1,3,1,5,2,0,5
2208502,PI,Nordeste,1,2,3,0,5,0,7,8,3
2208551,PI,Nordeste,1,2,3,0,5,0,7,8,0
2208601,PI,Nordeste,1,2,3,0,2,6,5,7,0
2208650,PI,Nordeste,1,2,3,0,5,0,7,8,9
2208700,PI,Nordeste,1,2,3,0,5,0,7,8,9
2208809,PI,Nordeste,1,2,3,0,5,0,7,8,9
2208858,PI,Nordeste,1,2,3,0,5,0,7,8,9
2208874,PI,Nordeste,0,0,0,1,0,2,6,6,1
2208908,PI,Nordeste,0,1,2,2,3,4,1,3,6
2209005,PI,Nordeste,1,2,3,0,5,0,7,8,9
2209104,PI,Nordeste,1,2,3,0,2,6,5,7,0
2209153,PI,Nordeste,1,2,3,0,5,0,7,8,9
2209203,PI,Nordeste,0,1,2,2,3,4,1,3,6
2209302,PI,Nordeste,1,2,3,0,5,0,7,8,9
2209351,PI,Nordeste,1,2,3,0,2,6,5,7,3
2209377,PI,Nordeste,1,2,3,0,2,6,5,7,0
2209401,PI,Nordeste,1,2,3,0,2,6,5,7,3
2209450,PI,Nordeste,1,2,3,0,5,0,7,8,9
2209500,PI,Nordeste,1,2,3,0,5,0,7,8,9
2209559,PI,Nordeste,1,2,3,0,5,0,7,8,9
2209609,PI,Nordeste,1,2,3,0,5,0,7,8,9
2209658,PI,Nordeste,1,2,3,0,5,0,7,8,9
2209708,PI,Nordeste,1,2,3,0,5,0,7,8,9
2209757,PI,Nordeste,1,2,3,0,2,6,5,7,3
2209807,PI,Nordeste,1,2,3,0,2,6,5,7,0
2209856,PI,Nordeste,0,1,3,4,4,1,0,5,0
2209872,PI,Nordeste,1,2,3,0,2,6,5,7,3
2209906,PI,Nordeste,1,2,3,0,2,6,5,7,3
2209955,PI,Nordeste,1,2,3,0,5,0,7,8,9
2209971,PI,Nordeste,1,2,3,0,5,0,7,8,9
2210003,PI,Nordeste,1,0,0,1,5,0,7,8,9
2210052,PI,Nordeste,1,2,3,0,2,6,5,7,3
2210102,PI,Nordeste,1,2,3,0,5,0,7,8,9
2210201,PI,Nordeste,1,2,3,0,2,6,5,7,3
2210300,PI,Nordeste,1,2,3,0,2,6,5,7,0
2210359,PI,Nordeste,1,2,3,0,5,0,7,8,9
2210375,PI,Nordeste,1,2,3,0,2,6,5,7,0
2210383,PI,Nordeste,1,2,3,0,2,6,5,7,3
2210391,PI,Nordeste,1,2,3,0,5,0,7,8,9
2210409,PI,Nordeste,1,2,3,0,5,0,7,8,9
2210508,PI,Nordeste,1,2,3,0,5,0,7,8,9
2210607,PI,Nordeste,1,2,1,3,5,0,7,8,9
2210623,PI,Nordeste,1,2,3,0,5,0,7,8,9
2210631,PI,Nordeste,1,1,2,2,3,4,1,3,6
2210656,PI,Nordeste,1,2,1,3,1,5,2,0,5
2210706,PI,Nordeste,1,0,0,1,5,0,7,8,9
2210805,PI,Nordeste,1,2,3,0,5,0,7,8,9
2210904,PI,Nordeste,1,2,3,0,5,0,7,8,9
2210938,PI,Nordeste,1,2,3,0,5,0,7,8,9
2210953,PI,Nordeste,1,2,3,0,5,0,7,8,9
2210979,PI,Nordeste,1,2,3,0,2,6,5,7,3
2211001,PI,Nordeste,1,0,0,1,0,3,4,1,4
2211100,PI,Nordeste,1,2,1,3,5,0,7,8,9
2211209,PI,Nordeste,0,0,1,2,1,4,1,3,6
2211308,PI,Nordeste,1,2,3,0,2,6,5,7,3
2211357,PI,Nordeste,1,2,3,0,2,6,5,7,3
2211407,PI,Nordeste,1,2,3,0,5,0,7,8,9
2211506,PI,Nordeste,1,2,3,0,5,0,7,8,9
2211605,PI,Nordeste,0,1,3,0,5,0,7,8,9
2211704,PI,Nordeste,1,2,3,0,5,0,7,8,9
2300101,CE,Nordeste,0,1,3,0,2,6,5,7,0
2300150,CE,Nordeste,1,2,3,0,2,6,5,7,3
2300200,CE,Nordeste,1,2,1,3,1,5,2,0,5
2300309,CE,Nordeste,1,2,1,3,1,5,2,0,5
2300408,CE,Nordeste,1,2,1,3,1,5,2,0,3
2300507,CE,Nordeste,1,2,3,0,2,6,5,7,3
2300606,CE,Nordeste,1,2,3,0,5,0,7,8,9
2300705,CE,Nordeste,1,2,3,0,5,0,7,8,9
2300754,CE,Nordeste,1,2,1,3,5,0,7,8,9
2300804,CE,Nordeste,1,2,3,0,5,0,7,8,9
2300903,CE,Nordeste,1,2,3,0,2,6,5,7,9
2301000,CE,Nordeste,1,0,0,1,0,3,4,1,4
2301109,CE,Nordeste,1,0,0,1,0,3,4,1,4
2301208,CE,Nordeste,1,2,3,0,5,0,7,8,9
2301257,CE,Nordeste,1,2,3,0,5,0,7,8,9
2301307,CE,Nordeste,1,2,1,3,2,6,5,7,3
2301406,CE,Nordeste,1,2,3,0,5,0,7,8,9
2301505,CE,Nordeste,1,2,3,0,2,6,5,7,3
2301604,CE,Nordeste,1,2,3,0,5,0,7,8,9
2301703,CE,Nordeste,1,2,1,3,1,5,2,0,5
2301802,CE,Nordeste,1,2,3,0,2,6,5,7,3
2301851,CE,Nordeste,1,2,3,0,5,0,7,8,9
2301901,CE,Nordeste,1,2,1,3,1,5,2,0,5
2301950,CE,Nordeste,1,2,3,0,5,0,7,8,9
2302008,CE,Nordeste,1,2,3,0,2,6,5,7,3
2302057,CE,Nordeste,1,2,1,3,1,5,2,0,5
2302107,CE,Nordeste,1,2,1,3,5,0,7,8,9
2302206,CE,Nordeste,1,2,1,3,1,5,1,3,6
2302305,CE,Nordeste,1,2,3,0,5,0,7,8,9
2302404,CE,Nordeste,1,2,1,3,1,5,2,0,5
2302503,CE,Nordeste,1,2,1,3,1,3,4,4,8
2302602,CE,Nordeste,1,2,1,3,1,5,2,0,5
2302701,CE,Nordeste,1,2,1,3,1,5,2,0,3
2302800,CE,Nordeste,1,2,1,3,1,5,2,0,5
2302909,CE,Nordeste,1,2,3,0,2,6,5,7,3
2303006,CE,Nordeste,1,2,3,0,5,0,7,8,9
2303105,CE,Nordeste,1,2,3,0,5,0,7,8,9
2303204,CE,Nordeste,1,2,3,0,2,6,5,7,0
2303303,CE,Nordeste,1,2,3,0,5,0,7,8,9
2303402,CE,Nordeste,1,2,3,0,5,0,7,8,9
2303501,CE,Nordeste,1,2,1,3,1,5,2,0,5
2303600,CE,Nordeste,1,2,3,0,5,0,7,8,9
2303659,CE,Nordeste,1,2,3,0,5,0,7,8,9
2303709,CE,Nordeste,1,0,0,1,0,3,4,1,4
2303808,CE,Nordeste,1,2,1,3,2,6,5,7,3
2303907,CE,Nordeste,1,2,3,0,5,0,7,8,9
2303931,CE,Nordeste,1,2,1,3,1,5,2,0,5
2303956,CE,Nordeste,1,2,3,0,2,6,5,7,3
2304004,CE,Nordeste,1,2,3,0,5,0,7,8,9
2304103,CE,Nordeste,0,0,0,1,0,3,4,4,8
2304202,CE,Nordeste,1,0,1,3,1,3,4,1,4
2304236,CE,Nordeste,1,2,3,0,5,0,7,8,9
2304251,CE,Nordeste,1,2,3,0,2,6,5,7,3
2304269,CE,Nordeste,0,1,3,4,5,0,0,8,9
2304277,CE,Nordeste,1,2,3,0,5,0,7,8,9
2304285,CE,Nordeste,0,0,0,1,0,3,4,1,4
2304301,CE,Nordeste,1,1,3,0,5,0,0,8,0
2304350,CE,Nordeste,1,2,3,0,5,0,7,8,9
2304400,CE,Nordeste,0,0,0,1,0,3,4,1,4
2304459,CE,Nordeste,0,2,3,0,2,6,5,4,0
2304509,CE,Nordeste,1,0,1,1,0,6,5,4,8
2304608,CE,Nordeste,1,2,3,0,5,0,7,8,9
2304657,CE,Nordeste,1,2,3,0,5,0,7,8,9
2304707,CE,Nordeste,1,2,1,3,5,0,7,8,9
2304806,CE,Nordeste,1,1,3,0,2,6,5,7,0
2304905,CE,Nordeste,1,2,3,0,5,0,7,8,9
2304954,CE,Nordeste,1,2,1,3,1,5,2,0,5
2305001,CE,Nordeste,1,2,1,0,5,0,7,8,9
2305100,CE,Nordeste,1,2,3,0,5,0,7,8,9
2305209,CE,Nordeste,1,2,3,0,2,6,5,7,0
2305233,CE,Nordeste,1,0,0,1,0,3,4,1,4
2305266,CE,Nordeste,1,2,3,0,2,6,5,7,0
2305308,CE,Nordeste,1,2,3,0,5,0,7,8,3
2305332,CE,Nordeste,1,2,3,0,5,0,7,8,9
2305357,CE,Nordeste,0,0,0,1,0,3,4,4,8
2305407,CE,Nordeste,1,2,3,0,5,0,7,8,9
2305506,CE,Nordeste,1,2,1,3,1,5,4,1,5
2305605,CE,Nordeste,1,2,1,3,1,5,2,0,5
2305654,CE,Nordeste,1,2,3,0,5,0,7,8,9
2305704,CE,Nordeste,1,2,3,0,2,6,5,7,0
2305803,CE,Nordeste,1,2,3,0,5,0,7,8,9
2305902,CE,Nordeste,1,2,1,3,1,5,2,0,5
2306009,CE,Nordeste,1,2,1,3,1,5,2,0,5
2306108,CE,Nordeste,1,2,3,0,5,0,7,8,9
2306207,CE,Nordeste,1,2,3,0,2,6,5,7,0
2306256,CE,Nordeste,1,2,1,3,1,5,2,0,5
2306306,CE,Nordeste,1,2,1,3,1,5,2,0,5
2306405,CE,Nordeste,1,2,3,0,0,3,4,1,4
2306504,CE,Nordeste,1,2,1,3,1,5,2,0,5
2306553,CE,Nordeste,1,0,0,1,0,3,4,1,4
2306603,CE,Nordeste,1,2,3,3,5,0,7,8,9
2306702,CE,Nordeste,1,2,3,0,5,0,7,8,9
2306801,CE,Nordeste,1,2,3,0,5,0,7,8,9
2306900,CE,Nordeste,1,2,1,3,1,5,2,0,5
2307007,CE,Nordeste,1,2,3,0,5,0,7,8,9
2307106,CE,Nordeste,1,2,3,0,2,6,5,7,3
2307205,CE,Nordeste,1,2,3,0,2,6,5,7,0
2307254,CE,Nordeste,1,2,1,3,1,5,2,0,5
2307304,CE,Nordeste,1,0,0,1,0,3,4,1,4
2307403,CE,Nordeste,1,2,3,0,5,0,7,8,9
2307502,CE,Nordeste,1,2,3,0,2,6,5,7,0
2307601,CE,Nordeste,1,0,1,3,1,3,4,1,6
2307635,CE,Nordeste,1,2,3,0,5,0,7,8,9
2307650,CE,Nordeste,0,0,0,1,0,3,4,1,4
2307700,CE,Nordeste,1,0,1,3,1,3,4,1,4
2307809,CE,Nordeste,1,2,3,0,2,6,5,4,0
2307908,CE,Nordeste,1,2,3,0,5,0,7,8,9
2308005,CE,Nordeste,1,2,3,0,5,0,7,8,9
2308104,CE,Nordeste,1,2,3,0,2,6,5,7,3
2308203,CE,Nordeste,1,2,3,0,2,6,5,7,3
2308302,CE,Nordeste,1,2,3,0,2,6,5,7,3
2308351,CE,Nordeste,0,1,2,2,3,4,0,4,0
2308377,CE,Nordeste,1,2,3,0,5,0,7,8,9
2308401,CE,Nordeste,1,2,1,3,2,6,1,3,6
2308500,CE,Nordeste,1,2,1,3,1,5,2,0,5
2308609,CE,Nordeste,1,2,3,0,2,6,5,7,0
2308708,CE,Nordeste,1,0,0,1,0,3,4,1,4
2308807,CE,Nordeste,1,2,3,0,2,6,5,7,0
2308906,CE,Nordeste,1,2,3,0,2,6,5,7,3
2309003,CE,Nordeste,1,2,3,0,2,6,5,7,3
2309102,CE,Nordeste,1,2,1,3,5,0,7,8,9
2309201,CE,Nordeste,1,2,1,3,2,6,5,7,0
2309300,CE,Nordeste,1,2,3,0,2,6,5,7,0
2309409,CE,Nordeste,1,2,3,0,5,0,7,8,9
2309458,CE,Nordeste,1,2,3,0,2,6,5,7,0
2309508,CE,Nordeste,1,2,3,0,5,0,7,8,0
2309607,CE,Nordeste,1,2,1,3,1,5,2,0,5
2309706,CE,Nordeste,1,0,0,1,0,3,4,1,4
2309805,CE,Nordeste,1,1,3,2,2,6,5,7,0
2309904,CE,Nordeste,1,2,3,0,5,0,7,8,9
2310001,CE,Nordeste,1,2,3,0,2,6,5,7,0
2310100,CE,Nordeste,1,2,3,0,2,6,5,7,0
2310209,CE,Nordeste,1,2,1,3,1,5,2,0,5
2310258,CE,Nordeste,1,2,1,3,1,5,2,4,5
2310308,CE,Nordeste,1,2,1,3,1,5,2,0,5
2310407,CE,Nordeste,1,2,3,0,5,0,7,8,3
2310506,CE,Nordeste,1,2,1,3,5,0,7,8,9
2310605,CE,Nordeste,1,2,3,0,2,6,5,7,0
2310704,CE,Nordeste,1,2,1,3,1,3,4,8,9
2310803,CE,Nordeste,1,2,1,0,2,6,5,4,6
2310852,CE,Nordeste,1,2,1,3,5,0,7,8,9
2310902,CE,Nordeste,1,2,3,0,5,0,7,8,9
2310951,CE,Nordeste,1,2,3,0,5,0,7,8,3
2311009,CE,Nordeste,1,2,3,0,2,6,5,7,0
2311108,CE,Nordeste,1,2,3,0,2,6,5,7,3
2311207,CE,Nordeste,1,2,3,0,2,6,5,7,0
2311231,CE,Nordeste,1,2,1,3,5,0,7,8,9
2311264,CE,Nordeste,1,2,3,0,2,6,5,7,3
2311306,CE,Nordeste,1,2,1,3,1,5,2,0,5
2311355,CE,Nordeste,1,2,1,3,5,0,7,8,9
2311405,CE,Nordeste,1,0,1,3,1,3,4,1,4
2311504,CE,Nordeste,0,0,0,1,0,0,7,4,8
2311603,CE,Nordeste,1,2,1,3,1,5,2,0,5
2311702,CE,Nordeste,1,2,3,0,5,0,7,8,9
2311801,CE,Nordeste,1,2,1,3,1,5,4,0,5
2311900,CE,Nordeste,1,2,3,0,2,6,5,7,3
2311959,CE,Nordeste,1,2,3,0,2,6,5,7,3
2312007,CE,Nordeste,1,2,3,0,2,6,5,7,3
2312106,CE,Nordeste,1,2,3,0,2,6,5,7,0
2312205,CE,Nordeste,1,2,1,3,1,5,2,0,5
2312304,CE,Nordeste,1,2,3,0,2,6,5,7,3
2312403,CE,Nordeste,0,0,0,1,0,2,6,6,1
2312502,CE,Nordeste,0,1,2,4,4,1,3,5,7
2312601,CE,Nordeste,1,2,3,0,2,6,5,7,3
2312700,CE,Nordeste,1,2,1,3,1,5,2,0,5
2312809,CE,Nordeste,1,2,3,0,5,0,7,8,9
2312908,CE,Nordeste,1,0,0,1,0,3,4,1,4
2313005,CE,Nordeste,0,1,2,2,3,4,0,4,8
2313104,CE,Nordeste,1,2,3,0,5,0,7,8,9
2313203,CE,Nordeste,1,2,3,0,5,0,7,8,9
2313252,CE,Nordeste,1,2,3,0,2,6,5,7,0
2313302,CE,Nordeste,1,2,1,3,5,0,7,8,9
2313351,CE,Nordeste,1,2,3,0,5,0,7,8,9
2313401,CE,Nordeste,1,2,1,3,1,5,2,0,5
2313500,CE,Nordeste,1,0,1,3,1,5,2,0,5
2313559,CE,Nordeste,1,2,3,0,5,0,7,8,9
2313609,CE,Nordeste,1,2,3,0,5,0,7,8,9
2313708,CE,Nordeste,1,2,3,0,2,6,5,7,9
2313757,CE,Nordeste,1,2,1,3,1,5,2,0,5
2313807,CE,Nordeste,1,2,3,0,5,0,7,8,9
2313906,CE,Nordeste,0,0,0,1,0,3,0,4,8
2313955,CE,Nordeste,1,2,3,2,5,0,7,8,9
2314003,CE,Nordeste,1,2,3,0,2,6,5,7,3
2314102,CE,Nordeste,1,2,1,3,5,0,7,8,9
2400109,RN,Nordeste,0,1,2,4,4,1,0,4,0
2400208,RN,Nordeste,0,0,0,1,0,3,4,1,4
2400307,RN,Nordeste,1,2,3,0,5,0,7,4,9
2400406,RN,Nordeste,0,1,2,4,4,1,0,5,0
2400505,RN,Nordeste,1,2,1,3,1,5,2,0,5
2400604,RN,Nordeste,1,2,3,0,2,6,5,7,0
2400703,RN,Nordeste,0,0,0,1,0,2,6,6,1
2400802,RN,Nordeste,1,2,1,3,1,6,0,4,0
2400901,RN,Nordeste,1,2,3,0,2,6,5,7,0
2401008,RN,Nordeste,1,2,1,3,1,5,2,4,5
2401107,RN,Nordeste,0,0,0,1,0,3,4,4,8
2401206,RN,Nordeste,1,0,1,3,1,5,1,3,6
2401305,RN,Nordeste,1,2,3,0,2,6,5,7,3
2401404,RN,Nordeste,1,2,0,2,5,0,7,8,9
2401453,RN,Nordeste,1,0,1,3,1,5,2,0,5
2401503,RN,Nordeste,1,2,3,0,2,6,5,7,0
2401602,RN,Nordeste,1,2,3,0,2,6,5,7,0
2401651,RN,Nordeste,0,0,0,1,0,2,6,6,1
2401701,RN,Nordeste,1,2,3,0,2,6,5,7,0
2401800,RN,Nordeste,1,2,1,3,1,5,2,0,5
2401859,RN,Nordeste,1,2,1,3,2,6,5,7,3
2401909,RN,Nordeste,1,2,3,0,2,6,5,7,0
2402006,RN,Nordeste,0,0,0,1,0,3,4,4,8
2402105,RN,Nordeste,1,2,3,0,5,0,7,8,9
2402204,RN,Nordeste,1,2,1,3,1,5,2,0,5
2402303,RN,Nordeste,1,2,1,3,1,5,2,0,5
2402402,RN,Nordeste,1,2,1,3,1,5,0,4,5
2402501,RN,Nordeste,1,2,1,3,2,6,5,7,0
2402600,RN,Nordeste,1,2,1,3,1,5,2,0,5
2402709,RN,Nordeste,1,2,3,0,2,6,5,7,0
2402808,RN,Nordeste,1,2,3,0,2,6,5,7,3
2402907,RN,Nordeste,1,2,3,0,2,6,5,7,3
2403004,RN,Nordeste,0,1,2,4,4,1,0,5,7
2403103,RN,Nordeste,1,0,1,3,1,3,4,4,8
2403202,RN,Nordeste,1,2,3,0,5,0,7,8,9
2403251,RN,Nordeste,0,0,0,1,0,3,4,1,4
2403301,RN,Nordeste,1,2,3,0,5,0,7,8,9
2403400,RN,Nordeste,1,2,3,0,2,6,0,7,0
2403509,RN,Nordeste,1,2,3,0,5,6,7,7,3
2403608,RN,Nordeste,1,2,1,3,1,5,2,0,5
2403707,RN,Nordeste,1,2,1,3,1,5,2,0,5
2403756,RN,Nordeste,0,1,2,4,4,1,0,5,0
2403806,RN,Nordeste,1,2,1,3,2,6,2,7,0
2403905,RN,Nordeste,1,2,3,0,2,6,5,7,0
2404002,RN,Nordeste,1,1,3,0,2,6,5,7,0
2404101,RN,Nordeste,0,1,2,2,3,4,3,2,2
2404200,RN,Nordeste,1,2,1,3,1,5,2,4,5
2404309,RN,Nordeste,0,0,0,1,0,3,0,4,8
2404408,RN,Nordeste,1,2,1,3,1,5,2,0,5
2404507,RN,Nordeste,0,0,0,1,0,2,6,6,1
2404606,RN,Nordeste,1,2,3,0,2,6,5,7,3
2404705,RN,Nordeste,1,2,1,3,1,5,2,0,5
2404804,RN,Nordeste,1,1,3,0,5,0,7,8,0
2404853,RN,Nordeste,1,2,3,0,5,0,7,8,9
2404903,RN,Nordeste,0,1,2,4,4,1,0,4,0
2405009,RN,Nordeste,1,2,3,0,2,6,5,7,0
2405108,RN,Nordeste,1,2,3,0,2,6,5,7,3
2405207,RN,Nordeste,0,1,2,4,4,2,0,4,8
2405306,RN,Nordeste,1,2,1,3,1,5,2,0,5
2405405,RN,Nordeste,1,2,3,0,2,6,5,7,0
2405504,RN,Nordeste,0,0,0,1,0,2,6,6,1
2405603,RN,Nordeste,1,2,3,0,2,6,5,7,0
2405702,RN,Nordeste,0,1,2,4,4,1,0,4,8
2405801,RN,Nordeste,1,0,0,1,0,2,4,1,1
2405900,RN,Nordeste,1,2,3,0,2,6,5,7,3
2406007,RN,Nordeste,1,2,3,0,5,0,7,8,9
2406106,RN,Nordeste,1,2,3,0,2,6,5,7,3
2406155,RN,Nordeste,1,2,3,0,2,6,5,7,3
2406205,RN,Nordeste,1,2,1,3,1,5,2,0,5
2406304,RN,Nordeste,1,2,3,0,2,6,5,7,3
2406403,RN,Nordeste,1,2,3,0,5,0,7,8,9
2406502,RN,Nordeste,1,0,1,3,1,5,2,4,5
2406601,RN,Nordeste,1,2,3,0,2,6,5,7,0
2406700,RN,Nordeste,0,1,2,4,2,6,0,4,0
2406809,RN,Nordeste,1,2,1,3,1,5,2,0,5
2406908,RN,Nordeste,1,2,1,3,1,5,2,0,5
2407005,RN,Nordeste,1,2,1,3,1,5,2,0,5
2407104,RN,Nordeste,1,0,0,1,0,3,4,1,4
2407203,RN,Nordeste,0,0,0,1,0,3,4,4,8
2407252,RN,Nordeste,1,2,3,0,5,0,7,8,9
2407302,RN,Nordeste,1,2,3,0,2,6,5,7,0
2407401,RN,Nordeste,1,2,3,0,2,6,5,7,0
2407500,RN,Nordeste,1,2,1,3,1,5,2,0,5
2407609,RN,Nordeste,1,2,3,0,2,6,5,7,0
2407708,RN,Nordeste,1,2,1,3,1,5,2,0,5
2407807,RN,Nordeste,1,2,3,0,5,0,7,8,9
2407906,RN,Nordeste,1,2,3,0,2,6,5,7,3
2408003,RN,Nordeste,0,0,0,1,0,3,4,1,4
2408102,RN,Nordeste,0,0,0,1,0,3,4,1,4
2408201,RN,Nordeste,1,2,1,3,1,5,2,0,5
2408300,RN,Nordeste,1,2,1,3,1,5,2,0,5
2408409,RN,Nordeste,1,2,3,0,2,6,5,7,3
2408508,RN,Nordeste,0,1,2,4,4,1,0,5,0
2408607,RN,Nordeste,1,2,3,0,2,6,5,7,3
2408706,RN,Nordeste,0,1,2,4,4,1,0,5,7
2408805,RN,Nordeste,0,0,0,1,0,2,6,6,1
2408904,RN,Nordeste,1,2,1,3,1,5,2,4,5
2408953,RN,Nordeste,1,2,1,3,1,5,5,0,3
2409100,RN,Nordeste,1,2,3,0,2,6,5,7,0
2409209,RN,Nordeste,1,2,1,3,1,5,2,0,5
2409308,RN,Nordeste,1,2,3,0,2,6,5,7,0
2409332,RN,Nordeste,1,2,1,3,1,5,2,0,5
2409407,RN,Nordeste,0,0,0,1,0,3,0,4,8
2409506,RN,Nordeste,0,0,0,1,0,2,6,6,1
2409605,RN,Nordeste,1,2,1,3,1,5,2,0,5
2409704,RN,Nordeste,1,2,3,0,5,0,7,8,9
2409803,RN,Nordeste,1,2,1,3,1,5,2,0,5
2409902,RN,Nordeste,0,0,0,1,0,4,1,3,6
2410009,RN,Nordeste,0,1,3,4,2,6,0,7,0
2410108,RN,Nordeste,1,2,1,3,1,5,2,0,5
2410207,RN,Nordeste,1,2,1,3,2,6,2,7,0
2410256,RN,Nordeste,0,2,3,0,2,6,5,7,0
2410306,RN,Nordeste,1,2,1,3,1,5,2,0,5
2410405,RN,Nordeste,1,1,2,2,2,6,5,7,0
2410504,RN,Nordeste,1,1,3,0,2,6,5,7,0
2410603,RN,Nordeste,1,2,3,0,2,6,5,7,3
2410702,RN,Nordeste,1,2,3,0,5,0,7,8,9
2410801,RN,Nordeste,1,2,3,0,5,0,7,8,9
2410900,RN,Nordeste,1,2,3,0,2,6,5,7,0
2411007,RN,Nordeste,0,1,3,0,2,6,5,7,0
2411056,RN,Nordeste,1,2,1,3,1,5,1,3,6
2411106,RN,Nordeste,1,2,3,0,2,6,5,7,0
2411205,RN,Nordeste,1,0,0,3,0,3,4,4,8
2411403,RN,Nordeste,1,2,3,0,2,6,5,7,0
2411429,RN,Nordeste,0,1,2,4,4,1,0,4,0
2411502,RN,Nordeste,1,2,1,3,1,5,2,0,5
2411601,RN,Nordeste,0,0,0,1,0,2,6,6,1
2411700,RN,Nordeste,1,1,3,4,5,0,0,8,9
2411809,RN,Nordeste,1,2,3,0,5,0,7,8,9
2411908,RN,Nordeste,1,2,3,0,5,0,7,8,9
2412005,RN,Nordeste,1,0,1,3,1,3,4,1,4
2412104,RN,Nordeste,0,1,2,4,4,1,0,5,0
2412203,RN,Nordeste,1,2,1,3,1,5,2,0,5
2412302,RN,Nordeste,1,2,1,3,1,5,2,0,5
2412401,RN,Nordeste,0,1,2,4,2,6,0,4,0
2412500,RN,Nordeste,1,2,1,3,1,5,2,0,5
2412559,RN,Nordeste,1,0,0,1,0,2,6,6,1
2412609,RN,Nordeste,1,2,3,0,2,6,5,7,0
2412708,RN,Nordeste,1,2,3,0,2,6,5,7,0
2412807,RN,Nordeste,1,2,3,0,2,6,5,7,0
2412906,RN,Nordeste,1,2,3,0,2,6,5,7,0
2413003,RN,Nordeste,1,2,1,3,1,5,0,4,0
2413102,RN,Nordeste,1,2,3,0,2,6,5,7,0
2413201,RN,Nordeste,0,1,2,4,4,1,3,5,7
2413300,RN,Nordeste,1,2,3,0,2,6,5,7,3
2413359,RN,Nordeste,1,0,0,1,0,2,6,6,1
2413409,RN,Nordeste,1,2,3,0,5,0,7,8,9
2413508,RN,Nordeste,1,2,3,0,2,6,2,7,3
2413557,RN,Nordeste,1,2,3,0,2,6,5,7,0
2413607,RN,Nordeste,1,2,3,0,2,6,5,7,0
2413706,RN,Nordeste,1,2,3,0,5,0,7,8,9
2413805,RN,Nordeste,1,2,3,0,2,6,5,7,0
2413904,RN,Nordeste,1,2,1,3,1,5,2,0,5
2414001,RN,Nordeste,1,2,1,3,1,5,2,0,5
2414100,RN,Nordeste,1,2,3,0,2,6,0,7,0
2414159,RN,Nordeste,0,1,3,0,2,6,5,7,0
2414209,RN,Nordeste,1,0,1,3,1,5,1,4,6
2414308,RN,Nordeste,0,1,2,4,4,1,0,2,0
2414407,RN,Nordeste,1,2,1,3,1,5,2,0,5
2414456,RN,Nordeste,1,2,3,0,2,6,5,7,0
2414506,RN,Nordeste,1,2,3,0,2,6,5,7,0
2414605,RN,Nordeste,1,2,1,3,1,5,2,0,5
2414704,RN,Nordeste,0,1,3,4,4,1,0,4,0
2414753,RN,Nordeste,1,2,3,0,5,0,7,8,9
2414803,RN,Nordeste,1,2,1,3,1,5,2,0,5
2414902,RN,Nordeste,1,2,3,0,5,0,7,8,9
2415008,RN,Nordeste,1,1,3,0,2,6,0,7,0
2500106,PB,Nordeste,1,2,1,3,1,5,2,0,5
2500205,PB,Nordeste,1,2,3,0,5,0,7,8,9
2500304,PB,Nordeste,1,2,1,3,1,5,2,0,5
2500403,PB,Nordeste,1,2,1,3,1,5,2,0,3
2500502,PB,Nordeste,1,2,3,0,2,6,5,7,3
2500536,PB,Nordeste,1,2,3,0,2,6,5,7,0
2500577,PB,Nordeste,1,2,3,0,2,6,5,7,3
2500601,PB,Nordeste,1,0,1,1,1,3,1,3,6
2500700,PB,Nordeste,1,2,3,0,5,0,7,8,9
2500734,PB,Nordeste,1,2,3,0,2,6,5,7,0
2500775,PB,Nordeste,1,2,3,0,5,0,7,8,3
2500809,PB,Nordeste,1,2,1,3,1,5,2,0,5
2500908,PB,Nordeste,1,2,3,0,5,0,7,8,9
2501005,PB,Nordeste,1,2,3,0,5,0,7,8,9
2501104,PB,Nordeste,1,2,1,3,2,6,5,7,3
2501153,PB,Nordeste,1,2,3,0,2,6,5,7,3
2501203,PB,Nordeste,1,2,3,0,5,0,7,8,9
2501302,PB,Nordeste,1,2,3,0,2,6,5,7,3
2501351,PB,Nordeste,1,2,1,3,1,5,2,0,5
2501401,PB,Nordeste,1,2,3,0,5,0,7,8,9
2501500,PB,Nordeste,1,2,1,3,1,5,2,0,5
2501534,PB,Nordeste,1,2,3,0,2,6,5,7,0
2501575,PB,Nordeste,1,2,3,0,5,0,7,8,9
2501609,PB,Nordeste,1,2,1,3,1,5,2,0,3
2501708,PB,Nordeste,1,1,3,0,5,0,7,8,9
2501807,PB,Nordeste,1,0,0,1,2,3,4,4,4
2501906,PB,Nordeste,1,2,3,0,2,6,5,7,3
2502003,PB,Nordeste,1,2,3,0,5,0,7,8,9
2502052,PB,Nordeste,1,2,3,0,5,0,7,8,9
2502102,PB,Nordeste,1,2,3,0,2,6,5,7,3
2502151,PB,Nordeste,1,0,0,1,0,2,6,6,1
2502201,PB,Nordeste,1,2,3,0,2,6,5,7,0
2502300,PB,Nordeste,0,1,2,4,4,1,0,5,0
2502409,PB,Nordeste,1,2,3,0,2,6,5,7,3
2502508,PB,Nordeste,1,2,1,3,1,5,2,0,5
2502607,PB,Nordeste,1,2,3,0,2,6,5,7,0
2502706,PB,Nordeste,1,2,3,0,2,6,5,7,3
2502805,PB,Nordeste,1,2,3,0,5,0,7,8,9
2502904,PB,Nordeste,1,2,3,0,2,6,5,7,3
2503001,PB,Nordeste,0,0,0,1,0,3,4,1,4
2503100,PB,Nordeste,1,1,3,0,5,0,7,8,9
2503209,PB,Nordeste,0,0,0,1,0,3,4,1,4
2503308,PB,Nordeste,1,2,3,0,2,6,2,7,5
2503407,PB,Nordeste,1,2,3,0,2,6,5,7,3
2503506,PB,Nordeste,1,2,3,0,2,6,5,7,3
2503555,PB,Nordeste,1,2,3,0,5,0,7,8,3
2503605,PB,Nordeste,1,2,1,3,1,5,2,0,5
2503704,PB,Nordeste,0,0,0,1,0,3,4,1,4
2503803,PB,Nordeste,1,2,3,0,2,6,5,7,0
2503902,PB,Nordeste,1,2,1,3,1,5,2,0,5
2504009,PB,Nordeste,1,0,0,1,0,3,4,1,4
2504033,PB,Nordeste,1,2,3,0,2,6,5,7,0
2504074,PB,Nordeste,1,2,3,0,5,0,7,8,9
2504108,PB,Nordeste,1,2,3,0,5,0,7,8,9
2504157,PB,Nordeste,1,2,3,0,2,6,5,7,0
2504207,PB,Nordeste,0,1,2,4,4,1,0,4,0
2504306,PB,Nordeste,1,2,1,3,1,5,2,0,5
2504355,PB,Nordeste,1,2,3,0,2,6,5,7,3
2504405,PB,Nordeste,1,2,3,0,2,6,5,7,3
2504504,PB,Nordeste,1,2,3,0,2,6,5,7,3
2504603,PB,Nordeste,1,0,0,1,0,3,4,1,4
2504702,PB,Nordeste,1,2,3,0,5,0,7,8,3
2504801,PB,Nordeste,1,2,3,0,5,0,7,8,9
2504850,PB,Nordeste,1,2,3,0,2,6,5,7,3
2504900,PB,Nordeste,1,2,1,3,1,5,2,0,3
2505006,PB,Nordeste,1,2,1,3,5,0,7,8,9
2505105,PB,Nordeste,1,2,1,3,1,5,2,0,3
2505204,PB,Nordeste,1,2,3,0,2,6,5,7,3
2505238,PB,Nordeste,1,2,1,3,1,5,2,0,5
2505279,PB,Nordeste,1,2,1,3,1,5,2,0,5
2505303,PB,Nordeste,1,2,3,0,2,6,5,7,0
2505352,PB,Nordeste,1,2,1,3,1,5,2,0,5
2505402,PB,Nordeste,1,2,3,0,2,6,5,7,3
2505501,PB,Nordeste,1,2,3,0,5,0,7,8,9
2505600,PB,Nordeste,1,2,3,0,2,6,5,7,3
2505709,PB,Nordeste,1,2,1,3,5,5,2,0,5
2505808,PB,Nordeste,1,2,3,0,5,0,7,8,9
2505907,PB,Nordeste,1,2,3,0,5,0,7,8,9
2506004,PB,Nordeste,1,2,1,3,1,5,2,0,5
2506103,PB,Nordeste,1,2,1,3,1,5,2,0,3
2506202,PB,Nordeste,1,1,3,0,2,6,5,7,0
2506251,PB,Nordeste,1,2,3,0,5,0,7,8,9
2506301,PB,Nordeste,1,2,1,3,1,5,2,0,5
2506400,PB,Nordeste,1,2,3,0,5,0,7,8,9
2506509,PB,Nordeste,1,2,3,0,2,6,5,7,0
2506608,PB,Nordeste,1,2,3,0,2,6,5,7,3
2506707,PB,Nordeste,1,2,3,0,2,6,5,7,0
2506806,PB,Nordeste,1,2,3,0,5,0,7,8,3
2506905,PB,Nordeste,1,2,3,0,2,6,5,7,0
2507002,PB,Nordeste,1,2,1,3,5,0,7,8,9
2507101,PB,Nordeste,1,2,1,3,1,5,2,0,5
2507200,PB,Nordeste,1,2,1,3,1,5,2,0,5
2507309,PB,Nordeste,1,2,1,3,1,5,2,0,5
2507408,PB,Nordeste,1,2,3,0,2,6,5,7,3
2507507,PB,Nordeste,0,0,0,1,0,3,4,1,4
2507606,PB,Nordeste,1,2,3,0,2,6,5,7,0
2507705,PB,Nordeste,1,2,3,0,2,6,5,7,3
2507804,PB,Nordeste,1,2,3,0,2,6,5,7,0
2507903,PB,Nordeste,1,2,3,0,5,0,7,8,9
2508000,PB,Nordeste,1,2,1,3,1,5,2,0,5
2508109,PB,Nordeste,1,2,3,0,5,0,7,8,9
2508208,PB,Nordeste,1,2,1,3,1,5,2,0,5
2508307,PB,Nordeste,1,2,1,3,1,5,2,0,5
2508406,PB,Nordeste,1,2,3,0,5,0,7,8,9
2508505,PB,Nordeste,1,2,3,0,2,6,5,7,3
2508554,PB,Nordeste,1,2,3,0,5,0,7,8,9
2508604,PB,Nordeste,1,2,3,0,2,6,5,7,3
2508703,PB,Nordeste,1,2,3,0,2,6,5,7,3
2508802,PB,Nordeste,1,2,3,0,2,6,5,4,0
2508901,PB,Nordeste,1,2,1,3,1,5,2,0,5
2509008,PB,Nordeste,1,2,1,3,1,5,2,0,5
2509057,PB,Nordeste,1,2,3,0,2,6,5,7,3
2509107,PB,Nordeste,1,2,1,3,1,5,2,0,5
2509156,PB,Nordeste,0,1,3,4,5,0,0,8,9
2509206,PB,Nordeste,1,2,3,0,2,6,5,7,0
2509305,PB,Nordeste,0,0,0,1,0,2,6,6,1
2509339,PB,Nordeste,1,2,1,3,1,5,2,0,5
2509370,PB,Nordeste,1,2,3,0,5,0,7,8,9
2509396,PB,Nordeste,1,2,1,3,1,5,2,0,5
2509404,PB,Nordeste,1,2,1,3,1,5,2,0,5
2509503,PB,Nordeste,1,2,1,3,1,5,2,0,5
2509602,PB,Nordeste,1,2,3,0,5,0,7,8,9
2509701,PB,Nordeste,1,2,1,3,1,5,2,0,5
2509800,PB,Nordeste,1,2,3,0,2,6,5,7,3
2509909,PB,Nordeste,1,2,1,3,1,5,2,0,5
2510006,PB,Nordeste,1,2,1,3,1,5,2,0,5
2510105,PB,Nordeste,1,2,3,0,2,6,5,7,0
2510204,PB,Nordeste,1,2,3,0,2,6,5,7,3
2510303,PB,Nordeste,1,1,3,4,4,1,0,4,0
2510402,PB,Nordeste,1,2,3,0,2,6,5,7,3
2510501,PB,Nordeste,0,1,2,4,4,1,0,5,0
2510600,PB,Nordeste,1,1,3,0,2,6,5,7,0
2510709,PB,Nordeste,1,2,3,0,2,6,5,7,0
2510808,PB,Nordeste,1,0,1,3,1,3,4,1,4
2510907,PB,Nordeste,1,2,3,0,5,0,7,8,9
2511004,PB,Nordeste,1,2,3,0,2,6,5,7,0
2511103,PB,Nordeste,1,2,3,0,2,6,5,7,3
2511202,PB,Nordeste,1,2,1,3,1,5,2,0,5
2511301,PB,Nordeste,1,2,3,0,2,6,5,7,3
2511400,PB,Nordeste,1,2,3,0,2,6,5,7,0
2511509,PB,Nordeste,1,2,1,3,1,5,2,0,5
2511608,PB,Nordeste,1,2,1,3,1,5,2,0,5
2511707,PB,Nordeste,1,2,1,3,1,5,2,0,5
2511806,PB,Nordeste,1,2,1,3,1,5,2,0,5
2511905,PB,Nordeste,1,2,1,3,5,0,7,8,9
2512002,PB,Nordeste,1,2,1,3,5,0,7,8,9
2512036,PB,Nordeste,1,2,3,0,2,6,5,7,0
2512077,PB,Nordeste,1,2,3,0,5,0,7,8,9
2512101,PB,Nordeste,1,2,1,3,1,5,2,0,5
2512200,PB,Nordeste,0,1,2,4,2,1,0,7,0
2512309,PB,Nordeste,1,2,1,3,1,5,2,0,5
2512408,PB,Nordeste,1,2,1,3,1,5,2,0,5
2512507,PB,Nordeste,1,2,1,3,1,5,2,0,5
2512606,PB,Nordeste,1,2,3,0,2,6,5,7,0
2512705,PB,Nordeste,1,2,3,0,2,6,5,7,3
2512721,PB,Nordeste,1,2,1,3,1,5,2,0,5
2512747,PB,Nordeste,1,2,3,0,5,0,7,8,9
2512754,PB,Nordeste,1,2,3,0,2,6,5,7,3
2512762,PB,Nordeste,1,2,1,3,1,5,2,0,5
2512788,PB,Nordeste,1,2,3,0,2,6,5,7,3
2512804,PB,Nordeste,1,2,3,0,5,0,7,8,9
2512903,PB,Nordeste,1,2,1,3,1,5,2,0,5
2513000,PB,Nordeste,1,2,3,0,2,6,5,7,3
2513109,PB,Nordeste,1,2,1,3,1,5,2,0,5
2513158,PB,Nordeste,1,2,1,3,1,5,2,0,5
2513208,PB,Nordeste,1,2,3,0,2,6,5,7,0
2513307,PB,Nordeste,1,2,3,0,2,6,5,7,0
2513356,PB,Nordeste,1,2,3,0,2,6,5,7,3
2513406,PB,Nordeste,0,0,0,1,0,2,6,4,8
2513505,PB,Nordeste,1,2,3,0,2,6,5,7,3
2513604,PB,Nordeste,1,2,3,0,5,0,7,8,9
2513653,PB,Nordeste,1,2,3,0,5,0,7,8,9
2513703,PB,Nordeste,1,0,1,3,1,3,4,1,4
2513802,PB,Nordeste,1,2,3,0,2,6,5,7,3
2513851,PB,Nordeste,1,1,3,0,2,6,5,7,0
2513901,PB,Nordeste,1,2,1,3,1,5,2,0,5
2513927,PB,Nordeste,1,2,1,3,1,5,2,0,0
2513943,PB,Nordeste,0,1,2,4,4,1,0,5,0
2513968,PB,Nordeste,1,2,3,0,2,6,5,7,3
2513984,PB,Nordeste,1,2,3,0,5,0,7,8,9
2514008,PB,Nordeste,1,2,3,0,5,0,7,8,9
2514107,PB,Nordeste,1,2,1,3,1,5,2,0,5
2514206,PB,Nordeste,1,2,1,3,5,0,7,8,9
2514305,PB,Nordeste,1,2,3,0,5,0,7,8,9
2514404,PB,Nordeste,1,2,3,0,2,6,5,7,3
2514453,PB,Nordeste,1,2,3,0,2,6,5,7,3
2514503,PB,Nordeste,1,2,1,3,1,5,2,0,5
2514552,PB,Nordeste,1,2,3,0,5,0,7,8,9
2514602,PB,Nordeste,1,2,3,0,2,6,5,7,3
2514651,PB,Nordeste,1,2,3,0,5,0,7,8,9
2514701,PB,Nordeste,0,0,0,1,0,2,6,6,1
2514800,PB,Nordeste,1,2,3,0,2,6,5,7,3
2514909,PB,Nordeste,1,2,3,0,2,6,5,7,3
2515005,PB,Nordeste,1,2,1,3,1,5,2,0,5
2515104,PB,Nordeste,1,2,1,3,1,5,2,0,5
2515203,PB,Nordeste,0,1,2,4,2,6,0,7,0
2515302,PB,Nordeste,1,2,1,3,1,5,2,0,5
2515401,PB,Nordeste,1,2,3,0,2,6,5,7,3
2515500,PB,Nordeste,1,2,3,0,2,6,5,7,0
2515609,PB,Nordeste,1,2,3,0,5,0,7,8,9
2515708,PB,Nordeste,1,2,3,0,2,6,5,7,3
2515807,PB,Nordeste,1,2,3,0,2,6,5,7,3
2515906,PB,Nordeste,1,2,3,0,2,6,5,7,3
2515930,PB,Nordeste,1,2,3,0,5,0,7,8,3
2515971,PB,Nordeste,1,2,1,3,1,5,2,0,5
2516003,PB,Nordeste,1,2,3,0,5,0,7,8,9
2516102,PB,Nordeste,1,2,1,3,1,5,2,0,5
2516151,PB,Nordeste,1,2,3,0,2,6,5,7,0
2516201,PB,Nordeste,1,0,1,1,1,3,4,1,4
2516300,PB,Nordeste,1,2,3,0,5,0,7,8,9
2516409,PB,Nordeste,1,2,3,0,2,6,5,7,3
2516508,PB,Nordeste,1,2,3,0,2,6,5,7,3
2516607,PB,Nordeste,1,2,1,3,1,5,2,0,3
2516706,PB,Nordeste,1,2,3,0,5,0,7,8,9
2516755,PB,Nordeste,0,1,2,4,4,1,0,5,0
2516805,PB,Nordeste,1,2,3,0,2,6,5,7,3
2516904,PB,Nordeste,1,2,3,0,2,6,5,7,0
2517001,PB,Nordeste,1,2,3,0,5,0,7,8,9
2517100,PB,Nordeste,1,2,3,0,2,6,5,7,3
2517209,PB,Nordeste,1,2,3,0,2,6,5,7,0
2517407,PB,Nordeste,0,1,2,4,4,1,0,5,0
2600054,PE,Nordeste,1,0,1,3,1,5,2,0,5
2600104,PE,Nordeste,1,2,1,3,1,5,2,0,5
2600203,PE,Nordeste,1,2,1,3,1,5,2,0,5
2600302,PE,Nordeste,1,2,1,3,1,5,2,0,5
2600401,PE,Nordeste,1,2,1,3,1,5,2,0,3
2600500,PE,Nordeste,1,2,1,3,1,5,2,0,5
2600609,PE,Nordeste,1,2,1,3,1,5,2,0,3
2600708,PE,Nordeste,1,2,1,3,1,5,2,0,5
2600807,PE,Nordeste,1,2,1,3,1,5,2,0,5
2600906,PE,Nordeste,1,2,1,3,2,6,5,7,3
2601003,PE,Nordeste,1,2,1,3,1,5,2,0,3
2601052,PE,Nordeste,1,2,1,3,1,5,2,0,5
2601102,PE,Nordeste,1,2,1,3,1,5,2,0,5
2601201,PE,Nordeste,1,0,1,3,1,3,4,1,4
2601300,PE,Nordeste,1,2,1,3,1,5,2,0,5
2601409,PE,Nordeste,1,2,1,3,1,5,2,0,5
2601508,PE,Nordeste,1,2,1,3,1,5,2,0,5
2601607,PE,Nordeste,1,2,1,3,1,5,2,3,6
2601706,PE,Nordeste,1,0,1,3,1,5,2,0,5
2601805,PE,Nordeste,1,2,1,3,1,5,2,0,5
2601904,PE,Nordeste,1,2,1,3,1,5,2,0,5
2602001,PE,Nordeste,1,2,1,3,1,5,2,0,5
2602100,PE,Nordeste,1,2,1,3,1,5,2,0,5
2602209,PE,Nordeste,1,2,1,3,1,5,2,0,5
2602308,PE,Nordeste,1,2,1,3,1,5,2,0,5
2602407,PE,Nordeste,1,2,1,3,1,5,1,3,6
2602506,PE,Nordeste,1,2,1,3,1,5,2,0,5
2602605,PE,Nordeste,1,2,1,3,1,5,2,0,5
2602704,PE,Nordeste,1,2,1,3,1,5,2,0,3
2602803,PE,Nordeste,1,2,1,3,1,5,2,0,5
2602902,PE,Nordeste,1,0,0,1,0,3,4,1,4
2603009,PE,Nordeste,1,2,1,3,1,5,2,0,5
2603108,PE,Nordeste,1,2,1,3,1,5,2,0,5
2603207,PE,Nordeste,1,2,1,3,1,5,2,0,5
2603306,PE,Nordeste,1,2,1,3,1,5,2,0,5
2603405,PE,Nordeste,1,2,3,0,2,6,5,7,3
2603454,PE,Nordeste,1,0,1,3,1,3,4,1,4
2603504,PE,Nordeste,1,2,3,0,2,6,5,7,0
2603603,PE,Nordeste,1,0,0,1,0,2,6,6,1
2603702,PE,Nordeste,1,2,1,3,1,5,2,0,5
2603801,PE,Nordeste,1,2,1,3,1,5,2,0,5
2603900,PE,Nordeste,1,2,1,3,1,5,2,0,5
2603926,PE,Nordeste,1,2,3,0,5,0,7,7,3
2604007,PE,Nordeste,0,0,0,1,0,3,4,1,4
2604106,PE,Nordeste,1,0,1,3,1,5,4,1,4
2604155,PE,Nordeste,1,2,1,3,1,5,2,0,5
2604205,PE,Nordeste,1,2,1,3,1,5,2,0,5
2604304,PE,Nordeste,1,2,1,3,1,5,2,0,5
2604403,PE,Nordeste,1,2,3,0,2,6,5,7,0
2604502,PE,Nordeste,1,2,1,3,1,5,2,0,5
2604601,PE,Nordeste,1,2,1,3,1,5,2,0,5
2604700,PE,Nordeste,1,2,1,3,1,5,2,0,3
2604809,PE,Nordeste,1,2,1,3,1,5,2,0,3
2604908,PE,Nordeste,1,2,1,3,1,5,2,0,5
2605004,PE,Nordeste,1,2,1,3,1,5,2,0,5
2605103,PE,Nordeste,1,2,3,0,2,6,5,7,3
2605152,PE,Nordeste,1,2,1,3,1,5,2,0,5
2605202,PE,Nordeste,1,0,1,3,1,5,2,0,5
2605301,PE,Nordeste,1,2,1,3,1,5,2,0,5
2605400,PE,Nordeste,1,2,1,3,1,5,2,0,5
2605459,PE,Nordeste,0,0,0,4,4,1,0,4,8
2605509,PE,Nordeste,1,2,1,3,1,5,2,0,5
2605608,PE,Nordeste,1,2,1,3,1,5,2,0,5
2605707,PE,Nordeste,1,2,1,3,1,5,2,0,5
2605806,PE,Nordeste,1,2,1,3,1,5,2,0,5
2605905,PE,Nordeste,1,2,1,3,1,5,2,0,5
2606002,PE,Nordeste,1,0,1,3,1,3,4,1,4
2606101,PE,Nordeste,1,2,1,3,1,5,2,0,5
2606200,PE,Nordeste,0,0,0,1,0,2,4,1,1
2606309,PE,Nordeste,1,2,3,0,2,6,5,7,0
2606408,PE,Nordeste,1,2,1,3,1,5,2,0,5
2606507,PE,Nordeste,1,2,3,0,2,6,5,7,3
2606606,PE,Nordeste,1,2,1,3,1,5,2,0,5
2606705,PE,Nordeste,1,2,3,0,2,6,5,7,3
2606804,PE,Nordeste,1,0,1,3,1,3,4,1,4
2606903,PE,Nordeste,1,2,1,3,1,5,2,0,3
2607000,PE,Nordeste,1,2,1,3,1,5,2,0,5
2607109,PE,Nordeste,1,1,3,0,2,6,5,7,0
2607208,PE,Nordeste,0,0,0,1,0,2,6,6,1
2607307,PE,Nordeste,1,2,1,3,1,5,2,0,5
2607406,PE,Nordeste,1,2,3,0,2,6,5,7,0
2607505,PE,Nordeste,1,2,1,3,1,5,2,0,5
2607604,PE,Nordeste,1,2,1,3,1,5,2,0,5
2607653,PE,Nordeste,1,2,1,3,1,5,2,0,5
2607703,PE,Nordeste,1,2,1,3,1,5,2,0,5
2607752,PE,Nordeste,0,0,0,1,0,2,6,6,1
2607802,PE,Nordeste,1,2,1,3,1,5,2,0,5
2607901,PE,Nordeste,1,0,0,1,0,3,4,1,4
2607950,PE,Nordeste,1,2,1,3,1,5,2,0,5
2608008,PE,Nordeste,1,2,1,3,1,5,2,0,3
2608057,PE,Nordeste,1,2,1,3,1,5,2,0,3
2608107,PE,Nordeste,1,2,1,3,1,5,2,0,3
2608206,PE,Nordeste,1,2,3,0,2,6,5,7,3
2608255,PE,Nordeste,1,2,1,3,1,5,2,0,5
2608305,PE,Nordeste,1,2,1,3,1,5,2,0,5
2608404,PE,Nordeste,1,2,1,3,1,5,2,0,5
2608453,PE,Nordeste,1,2,1,3,1,5,2,0,5
2608503,PE,Nordeste,1,0,0,1,0,2,6,6,1
2608602,PE,Nordeste,1,2,1,3,1,5,2,0,5
2608701,PE,Nordeste,1,2,3,3,1,5,2,0,3
2608750,PE,Nordeste,1,2,1,3,1,5,2,0,5
2608800,PE,Nordeste,1,2,1,3,1,5,2,0,5
2608909,PE,Nordeste,1,2,1,3,1,5,2,0,5
2609006,PE,Nordeste,1,2,1,3,1,5,2,0,5
2609105,PE,Nordeste,1,2,1,3,1,5,2,0,5
2609154,PE,Nordeste,1,2,1,3,1,5,2,0,5
2609204,PE,Nordeste,1,2,3,0,2,6,5,7,3
2609303,PE,Nordeste,1,2,1,3,1,5,2,0,5
2609402,PE,Nordeste,1,2,1,3,1,5,2,0,5
2609501,PE,Nordeste,1,0,1,3,1,5,2,0,5
2609600,PE,Nordeste,1,0,1,3,1,3,4,1,4
2609709,PE,Nordeste,1,2,1,2,1,4,1,3,6
2609808,PE,Nordeste,1,2,1,3,1,5,2,0,5
2609907,PE,Nordeste,1,2,1,3,1,5,2,0,5
2610004,PE,Nordeste,1,2,1,3,1,5,2,0,5
2610103,PE,Nordeste,1,2,3,0,2,6,5,7,3
2610202,PE,Nordeste,1,2,1,3,1,5,2,0,5
2610301,PE,Nordeste,1,2,1,3,1,5,2,0,5
2610400,PE,Nordeste,1,2,1,3,1,5,2,0,5
2610509,PE,Nordeste,1,2,1,3,1,5,2,0,5
2610608,PE,Nordeste,1,2,1,3,1,5,2,0,6
2610707,PE,Nordeste,1,0,1,3,1,3,4,1,4
2610806,PE,Nordeste,1,2,1,3,1,5,2,0,5
2610905,PE,Nordeste,1,2,1,3,1,5,2,0,5
2611002,PE,Nordeste,1,0,0,1,0,2,6,6,1
2611101,PE,Nordeste,1,0,1,3,1,5,4,1,4
2611200,PE,Nordeste,1,2,3,0,2,6,5,7,3
2611309,PE,Nordeste,1,2,1,3,1,5,2,0,5
2611408,PE,Nordeste,1,2,3,0,2,6,5,7,3
2611507,PE,Nordeste,1,2,1,3,1,5,2,0,5
2611533,PE,Nordeste,1,2,1,3,1,5,2,0,5
2611606,PE,Nordeste,1,0,0,1,0,3,4,1,4
2611705,PE,Nordeste,1,2,1,3,1,5,2,0,5
2611804,PE,Nordeste,1,2,1,3,1,5,2,0,3
2611903,PE,Nordeste,1,2,1,3,1,5,2,0,5
2612000,PE,Nordeste,1,2,1,3,1,5,2,0,5
2612109,PE,Nordeste,1,2,1,3,1,5,2,0,3
2612208,PE,Nordeste,1,0,1,3,1,5,4,0,5
2612307,PE,Nordeste,1,2,1,3,2,6,5,7,3
2612406,PE,Nordeste,1,2,1,3,1,5,2,0,5
2612455,PE,Nordeste,1,2,3,0,2,6,5,7,3
2612471,PE,Nordeste,1,2,1,3,1,5,2,0,5
2612505,PE,Nordeste,1,0,1,3,1,3,4,1,4
2612554,PE,Nordeste,1,2,1,3,1,5,2,0,5
2612604,PE,Nordeste,1,2,1,3,1,5,2,0,5
2612703,PE,Nordeste,1,2,1,3,1,5,2,0,3
2612802,PE,Nordeste,1,2,1,3,1,5,2,0,5
2612901,PE,Nordeste,1,2,1,3,1,5,2,0,3
2613008,PE,Nordeste,1,2,1,2,3,4,1,3,6
2613107,PE,Nordeste,1,2,1,3,1,5,2,0,5
2613206,PE,Nordeste,1,2,1,3,1,5,2,0,5
2613305,PE,Nordeste,1,2,1,3,1,5,2,0,5
2613404,PE,Nordeste,1,2,1,3,1,5,2,0,5
2613503,PE,Nordeste,1,2,1,3,1,5,2,0,5
2613602,PE,Nordeste,1,2,1,3,1,5,2,0,5
2613701,PE,Nordeste,1,2,1,3,1,5,2,0,5
2613800,PE,Nordeste,1,2,1,3,1,5,0,4,0
2613909,PE,Nordeste,1,2,1,3,1,5,2,0,5
2614006,PE,Nordeste,1,2,3,0,2,6,5,7,3
2614105,PE,Nordeste,1,2,1,3,1,5,2,0,5
2614204,PE,Nordeste,1,2,1,3,1,5,2,0,5
2614303,PE,Nordeste,1,2,1,3,1,5,2,0,5
2614402,PE,Nordeste,1,2,3,0,2,6,5,7,0
2614501,PE,Nordeste,1,2,1,3,1,5,2,0,5
2614600,PE,Nordeste,1,2,1,3,1,5,2,0,5
2614709,PE,Nordeste,1,2,3,0,2,6,5,7,3
2614808,PE,Nordeste,1,2,1,3,1,5,2,0,5
2614857,PE,Nordeste,1,2,1,3,1,5,2,0,5
2615003,PE,Nordeste,1,2,1,3,1,5,2,0,5
2615102,PE,Nordeste,1,2,1,3,1,5,2,0,3
2615201,PE,Nordeste,1,2,1,3,1,5,2,0,5
2615300,PE,Nordeste,1,2,1,3,1,5,2,0,5
2615409,PE,Nordeste,1,0,1,3,1,5,2,0,5
2615508,PE,Nordeste,1,2,1,3,2,5,2,0,3
2615607,PE,Nordeste,1,2,1,3,1,5,2,0,5
2615706,PE,Nordeste,1,2,1,3,1,5,2,0,5
2615805,PE,Nordeste,1,2,1,3,1,5,2,0,5
2615904,PE,Nordeste,1,2,3,0,2,6,5,7,0
2616001,PE,Nordeste,1,2,1,3,1,5,2,0,5
2616100,PE,Nordeste,1,2,1,3,1,5,2,0,5
2616183,PE,Nordeste,1,2,1,3,1,5,2,0,5
2616209,PE,Nordeste,1,2,1,3,1,5,2,0,5
2616308,PE,Nordeste,0,1,1,3,1,3,0,4,8
2616407,PE,Nordeste,1,0,0,1,0,3,4,1,4
2616506,PE,Nordeste,1,2,3,0,2,6,5,7,3
2700102,AL,Nordeste,1,2,1,3,1,5,2,0,5
2700201,AL,Nordeste,1,2,1,3,1,5,2,0,5
2700300,AL,Nordeste,1,0,1,3,1,3,4,1,4
2700409,AL,Nordeste,1,2,1,3,1,5,1,3,6
2700508,AL,Nordeste,1,2,1,3,1,5,2,0,5
2700607,AL,Nordeste,0,1,2,2,3,4,1,4,6
2700706,AL,Nordeste,1,2,1,3,1,5,2,0,5
2700805,AL,Nordeste,1,1,2,2,3,4,1,3,6
2700904,AL,Nordeste,1,2,3,0,2,6,5,3,3
2701001,AL,Nordeste,0,1,2,2,3,4,0,4,6
2701100,AL,Nordeste,1,2,1,2,3,4,1,3,6
2701209,AL,Nordeste,1,2,3,0,2,6,5,7,0
2701308,AL,Nordeste,1,2,1,3,1,5,2,0,5
2701357,AL,Nordeste,1,2,3,0,5,0,7,8,9
2701407,AL,Nordeste,1,2,1,3,5,0,7,8,9
2701506,AL,Nordeste,1,2,3,0,2,6,5,7,3
2701605,AL,Nordeste,1,2,1,3,1,5,2,0,3
2701704,AL,Nordeste,1,2,3,0,5,0,7,8,9
2701803,AL,Nordeste,1,2,1,3,1,5,2,0,5
2701902,AL,Nordeste,1,2,1,2,3,4,1,3,6
2702009,AL,Nordeste,1,2,1,3,1,5,2,0,5
2702108,AL,Nordeste,1,2,1,3,1,5,2,3,6
2702207,AL,Nordeste,1,2,3,2,3,4,1,3,6
2702306,AL,Nordeste,1,0,1,3,1,3,4,3,6
2702355,AL,Nordeste,1,2,1,3,1,5,2,0,5
2702405,AL,Nordeste,1,2,1,3,1,5,2,0,5
2702504,AL,Nordeste,1,2,1,3,1,5,2,0,3
2702553,AL,Nordeste,1,2,1,3,1,5,2,0,5
2702603,AL,Nordeste,1,2,1,3,1,5,1,3,6
2702702,AL,Nordeste,0,1,2,2,3,4,1,3,2
2702801,AL,Nordeste,0,1,2,2,3,4,1,3,6
2702900,AL,Nordeste,1,2,1,3,1,5,2,0,3
2703007,AL,Nordeste,1,2,1,3,1,5,2,0,5
2703106,AL,Nordeste,1,2,1,3,1,5,2,0,5
2703205,AL,Nordeste,1,2,1,3,1,5,2,3,6
2703304,AL,Nordeste,1,2,1,3,1,5,2,0,5
2703403,AL,Nordeste,1,2,3,0,5,0,7,8,9
2703502,AL,Nordeste,1,1,2,2,3,4,1,3,6
2703601,AL,Nordeste,1,2,1,3,1,5,1,3,6
2703700,AL,Nordeste,1,2,3,0,5,0,7,8,9
2703759,AL,Nordeste,1,2,1,2,3,4,1,3,6
2703809,AL,Nordeste,1,2,1,3,1,5,1,3,6
2703908,AL,Nordeste,1,2,3,0,5,0,7,8,9
2704005,AL,Nordeste,1,1,2,2,3,4,1,3,6
2704104,AL,Nordeste,1,2,1,3,1,5,2,0,5
2704203,AL,Nordeste,1,2,1,3,1,5,1,3,6
2704302,AL,Nordeste,1,0,0,1,0,3,4,1,4
2704401,AL,Nordeste,1,2,3,0,5,0,7,8,9
2704500,AL,Nordeste,1,2,1,3,1,5,2,3,6
2704609,AL,Nordeste,1,2,3,0,5,0,7,8,9
2704708,AL,Nordeste,0,0,0,1,0,3,4,1,4
2704807,AL,Nordeste,1,2,1,3,5,0,7,8,9
2704906,AL,Nordeste,1,2,3,2,2,6,1,7,6
2705002,AL,Nordeste,1,2,1,3,1,5,2,0,5
2705101,AL,Nordeste,1,2,1,3,1,5,2,0,5
2705200,AL,Nordeste,1,2,3,0,2,6,5,7,0
2705309,AL,Nordeste,1,2,3,0,5,0,7,8,9
2705408,AL,Nordeste,1,2,3,0,2,6,5,7,3
2705507,AL,Nordeste,1,2,1,3,1,5,2,0,5
2705606,AL,Nordeste,1,2,1,3,1,5,2,3,6
2705705,AL,Nordeste,1,2,1,3,1,5,2,0,5
2705804,AL,Nordeste,1,2,3,0,2,6,5,7,3
2705903,AL,Nordeste,1,2,3,0,5,5,2,0,3
2706000,AL,Nordeste,1,2,3,0,2,6,5,7,3
2706109,AL,Nordeste,1,2,1,3,1,5,2,0,5
2706208,AL,Nordeste,1,2,3,0,2,5,2,0,5
2706307,AL,Nordeste,1,2,1,3,2,6,5,7,3
2706406,AL,Nordeste,1,2,3,0,2,6,5,7,3
2706422,AL,Nordeste,1,2,1,3,1,5,2,0,5
2706448,AL,Nordeste,1,2,1,3,1,5,2,4,5
2706505,AL,Nordeste,1,2,1,3,1,5,1,3,6
2706604,AL,Nordeste,1,2,1,3,1,5,2,0,5
2706703,AL,Nordeste,1,2,1,3,1,5,2,0,5
2706802,AL,Nordeste,1,2,1,2,3,4,1,3,6
2706901,AL,Nordeste,1,2,1,3,1,5,2,0,5
2707008,AL,Nordeste,1,1,2,2,3,4,1,2,2
2707107,AL,Nordeste,1,2,1,3,1,5,2,0,5
2707206,AL,Nordeste,1,2,3,0,2,6,5,7,3
2707305,AL,Nordeste,1,2,1,3,1,5,2,0,5
2707404,AL,Nordeste,1,2,1,2,3,4,1,3,6
2707503,AL,Nordeste,1,2,1,3,1,5,2,0,5
2707602,AL,Nordeste,1,2,1,3,1,5,1,3,6
2707701,AL,Nordeste,1,0,1,3,1,3,4,1,4
2707800,AL,Nordeste,0,1,2,2,3,4,1,3,6
2707909,AL,Nordeste,0,0,0,1,0,2,6,4,1
2708006,AL,Nordeste,1,2,1,3,1,5,2,0,3
2708105,AL,Nordeste,0,1,2,2,3,4,1,3,6
2708204,AL,Nordeste,1,2,1,3,1,5,1,3,6
2708303,AL,Nordeste,1,2,1,3,1,5,2,0,5
2708402,AL,Nordeste,1,2,3,3,1,5,2,0,3
2708501,AL,Nordeste,1,2,1,3,1,5,2,0,5
2708600,AL,Nordeste,1,0,0,1,0,3,4,1,4
2708709,AL,Nordeste,1,1,2,2,3,4,1,3,6
2708808,AL,Nordeste,1,2,1,3,1,5,1,3,6
2708907,AL,Nordeste,1,2,1,3,2,6,0,4,0
2708956,AL,Nordeste,1,2,3,0,2,6,5,7,3
2709004,AL,Nordeste,1,2,3,0,5,0,7,8,9
2709103,AL,Nordeste,1,2,1,3,1,5,1,3,6
2709152,AL,Nordeste,1,2,1,3,5,0,7,8,9
2709202,AL,Nordeste,1,2,1,3,1,5,2,0,5
2709301,AL,Nordeste,1,2,1,3,1,5,2,3,5
2709400,AL,Nordeste,1,2,1,3,1,5,2,3,5
2800100,SE,Nordeste,1,2,3,0,5,0,7,8,9
2800209,SE,Nordeste,1,2,1,3,5,0,7,8,9
2800308,SE,Nordeste,0,0,0,1,0,3,4,1,4
2800407,SE,Nordeste,1,2,1,3,1,5,2,0,3
2800506,SE,Nordeste,1,2,1,3,1,5,2,0,5
2800605,SE,Nordeste,0,0,0,1,0,2,6,6,1
2800670,SE,Nordeste,1,2,1,3,1,5,2,0,5
2800704,SE,Nordeste,1,2,3,0,5,0,7,8,9
2801009,SE,Nordeste,1,2,3,0,2,6,0,4,0
2801108,SE,Nordeste,1,2,1,3,5,0,7,8,9
2801207,SE,Nordeste,0,0,0,1,0,2,6,6,1
2801306,SE,Nordeste,1,2,3,0,5,0,7,8,9
2801405,SE,Nordeste,1,2,1,3,5,0,7,8,9
2801504,SE,Nordeste,0,0,0,1,0,2,6,4,8
2801603,SE,Nordeste,1,2,3,0,5,0,7,8,9
2801702,SE,Nordeste,1,2,3,0,5,0,7,8,9
2801900,SE,Nordeste,1,1,3,0,5,0,7,8,9
2802007,SE,Nordeste,1,0,0,1,5,2,6,4,1
2802106,SE,Nordeste,0,0,0,1,0,3,4,1,4
2802205,SE,Nordeste,1,2,3,0,2,6,5,7,6
2802304,SE,Nordeste,1,2,1,3,1,0,1,3,6
2802403,SE,Nordeste,1,2,3,0,5,0,7,8,9
2802502,SE,Nordeste,1,2,3,0,2,6,5,7,0
2802601,SE,Nordeste,1,2,1,3,2,6,1,3,6
2802700,SE,Nordeste,1,2,3,0,5,0,7,8,9
2802809,SE,Nordeste,1,2,1,3,1,5,2,0,5
2802908,SE,Nordeste,1,0,1,3,1,3,4,1,4
2803005,SE,Nordeste,1,2,1,3,1,5,2,0,5
2803104,SE,Nordeste,1,2,3,0,2,6,5,7,3
2803203,SE,Nordeste,1,2,1,3,1,5,2,0,5
2803302,SE,Nordeste,1,2,3,0,5,0,7,8,9
2803401,SE,Nordeste,1,2,1,3,1,5,2,0,5
2803500,SE,Nordeste,1,0,1,3,1,3,4,1,4
2803609,SE,Nordeste,1,2,1,3,5,0,7,8,9
2803708,SE,Nordeste,1,2,3,0,5,0,7,8,9
2803807,SE,Nordeste,1,2,3,0,5,0,7,8,9
2803906,SE,Nordeste,1,2,1,3,1,5,2,3,6
2804003,SE,Nordeste,0,0,0,1,5,0,7,8,9
2804102,SE,Nordeste,1,2,3,2,3,4,1,3,6
2804201,SE,Nordeste,1,2,1,3,5,0,7,8,9
2804300,SE,Nordeste,1,2,1,3,1,5,2,0,5
2804409,SE,Nordeste,1,2,3,0,2,6,5,7,0
2804458,SE,Nordeste,1,2,3,0,2,6,5,7,3
2804508,SE,Nordeste,1,2,1,3,1,3,2,4,5
2804607,SE,Nordeste,1,2,3,0,2,6,5,4,0
2804706,SE,Nordeste,1,2,3,0,5,0,7,8,3
2804805,SE,Nordeste,1,0,0,1,1,3,4,1,4
2804904,SE,Nordeste,1,2,1,3,1,5,2,0,5
2805000,SE,Nordeste,1,2,3,0,5,0,7,8,9
2805109,SE,Nordeste,1,2,3,0,2,6,5,7,3
2805208,SE,Nordeste,1,2,3,0,2,6,5,7,3
2805307,SE,Nordeste,1,2,3,0,5,0,7,8,9
2805406,SE,Nordeste,1,2,1,3,1,5,2,0,5
2805505,SE,Nordeste,1,2,1,3,1,5,2,0,5
2805604,SE,Nordeste,1,2,3,0,2,6,5,7,3
2805703,SE,Nordeste,0,0,0,1,0,3,4,4,8
2805802,SE,Nordeste,1,2,1,3,1,5,2,0,5
2805901,SE,Nordeste,1,2,3,0,5,0,7,8,9
2806008,SE,Nordeste,0,1,3,0,2,6,0,4,0
2806107,SE,Nordeste,0,0,0,1,0,2,6,6,1
2806206,SE,Nordeste,1,2,3,0,5,0,7,8,3
2806305,SE,Nordeste,1,2,1,3,1,5,2,0,5
2806404,SE,Nordeste,1,2,1,3,1,5,2,0,3
2806503,SE,Nordeste,1,2,3,0,2,6,5,7,0
2806602,SE,Nordeste,1,2,3,0,2,6,5,7,0
2806701,SE,Nordeste,1,2,1,3,1,5,2,0,5
2806800,SE,Nordeste,1,2,1,3,1,5,2,0,5
2806909,SE,Nordeste,1,2,1,3,5,0,7,8,5
2807006,SE,Nordeste,1,2,3,0,2,6,5,7,0
2807105,SE,Nordeste,1,0,1,3,1,5,2,0,5
2807204,SE,Nordeste,1,2,3,0,2,6,5,7,0
2807303,SE,Nordeste,1,2,3,0,5,0,7,8,9
2807402,SE,Nordeste,1,2,1,3,1,5,2,0,5
2807501,SE,Nordeste,1,2,1,3,5,0,7,8,9
2807600,SE,Nordeste,1,2,1,3,1,5,2,0,3
2900108,BA,Nordeste,1,2,3,0,2,6,5,7,0
2900207,BA,Nordeste,1,2,1,3,1,5,2,0,3
2900306,BA,Nordeste,1,2,1,3,5,0,7,8,9
2900355,BA,Nordeste,0,1,2,2,3,4,1,3,6
2900405,BA,Nordeste,1,2,1,3,1,5,2,0,5
2900504,BA,Nordeste,1,2,3,0,5,0,7,8,3
2900603,BA,Nordeste,0,1,3,4,2,6,5,7,0
2900702,BA,Nordeste,1,0,1,3,1,3,4,1,4
2900801,BA,Nordeste,1,2,1,3,1,5,2,0,3
2900900,BA,Nordeste,1,2,3,0,2,6,5,7,3
2901007,BA,Nordeste,1,2,1,3,1,5,2,0,5
2901106,BA,Nordeste,1,2,1,3,1,5,2,0,5
2901155,BA,Nordeste,1,2,1,3,1,5,2,0,5
2901205,BA,Nordeste,1,2,1,3,1,5,2,0,5
2901304,BA,Nordeste,1,2,3,0,5,0,0,8,0
2901353,BA,Nordeste,1,2,1,3,5,0,7,8,9
2901403,BA,Nordeste,1,2,1,3,1,5,2,0,5
2901502,BA,Nordeste,1,2,3,0,2,6,5,7,3
2901601,BA,Nordeste,1,2,3,0,2,6,5,7,3
2901700,BA,Nordeste,1,2,1,3,1,5,2,0,5
2901809,BA,Nordeste,1,2,3,0,5,0,7,8,9
2901908,BA,Nordeste,1,2,3,0,2,6,5,7,3
2901957,BA,Nordeste,1,2,3,0,2,6,5,7,3
2902005,BA,Nordeste,1,2,3,0,2,6,5,7,3
2902054,BA,Nordeste,1,2,1,3,2,6,5,7,3
2902104,BA,Nordeste,1,2,1,3,1,5,2,0,5
2902203,BA,Nordeste,1,2,3,0,5,0,7,8,3
2902252,BA,Nordeste,1,2,3,0,2,6,5,7,3
2902302,BA,Nordeste,1,2,3,0,5,0,7,8,9
2902401,BA,Nordeste,1,2,1,3,5,0,7,8,9
2902500,BA,Nordeste,1,2,1,0,2,6,1,3,3
2902609,BA,Nordeste,1,2,1,3,1,5,2,0,5
2902658,BA,Nordeste,1,2,3,0,2,6,5,7,3
2902708,BA,Nordeste,1,2,1,3,1,5,2,0,5
2902807,BA,Nordeste,1,2,1,3,1,5,2,0,5
2902906,BA,Nordeste,1,2,1,3,1,5,2,0,5
2903003,BA,Nordeste,1,2,3,0,2,0,5,7,3
2903102,BA,Nordeste,1,2,3,0,2,6,5,7,3
2903201,BA,Nordeste,1,0,1,3,1,5,4,1,4
2903235,BA,Nordeste,1,2,3,0,5,0,7,8,9
2903276,BA,Nordeste,1,0,0,1,0,2,6,6,1
2903300,BA,Nordeste,1,2,3,0,5,0,7,8,9
2903409,BA,Nordeste,1,2,1,3,2,6,5,7,3
2903508,BA,Nordeste,1,2,3,0,2,6,5,7,3
2903607,BA,Nordeste,1,2,1,3,1,5,2,0,3
2903706,BA,Nordeste,1,2,3,0,2,6,5,7,3
2903805,BA,Nordeste,1,2,1,3,2,5,2,0,3
2903904,BA,Nordeste,1,2,1,3,1,5,2,0,5
2903953,BA,Nordeste,1,2,3,0,2,6,5,7,3
2904001,BA,Nordeste,1,2,1,3,1,5,2,0,5
2904050,BA,Nordeste,1,2,1,3,1,5,2,0,5
2904100,BA,Nordeste,1,2,1,3,1,5,2,0,3
2904209,BA,Nordeste,1,2,3,0,5,0,7,8,3
2904308,BA,Nordeste,1,2,3,0,2,6,5,7,3
2904407,BA,Nordeste,1,2,3,0,2,6,5,7,3
2904506,BA,Nordeste,1,2,3,0,2,6,5,7,3
2904605,BA,Nordeste,0,0,0,1,0,3,4,1,4
2904704,BA,Nordeste,1,2,3,0,2,6,5,7,3
2904803,BA,Nordeste,1,2,3,0,2,6,5,7,3
2904852,BA,Nordeste,1,2,1,3,1,5,2,0,5
2904902,BA,Nordeste,1,2,1,3,1,5,2,0,5
2905008,BA,Nordeste,1,2,3,0,2,6,0,4,8
2905107,BA,Nordeste,1,2,3,0,5,0,7,8,9
2905156,BA,Nordeste,1,2,3,0,2,6,5,7,3
2905206,BA,Nordeste,1,0,0,1,0,3,4,1,4
2905305,BA,Nordeste,1,2,1,3,5,0,7,8,9
2905404,BA,Nordeste,1,0,1,3,1,5,2,0,1
2905503,BA,Nordeste,1,2,3,0,5,0,7,8,9
2905602,BA,Nordeste,1,2,3,0,1,6,2,0,3
2905701,BA,Nordeste,0,0,0,1,0,3,4,1,4
2905800,BA,Nordeste,1,2,1,3,1,5,2,0,5
2905909,BA,Nordeste,1,2,1,3,1,5,2,0,3
2906006,BA,Nordeste,1,0,1,3,1,5,2,0,5
2906105,BA,Nordeste,1,2,3,0,2,6,5,7,3
2906204,BA,Nordeste,1,2,3,0,5,0,7,8,9
2906303,BA,Nordeste,1,2,1,3,1,5,2,0,3
2906402,BA,Nordeste,1,2,3,0,2,6,5,7,3
2906501,BA,Nordeste,1,0,0,1,0,3,4,1,4
2906600,BA,Nordeste,1,2,3,0,2,6,5,7,0
2906709,BA,Nordeste,1,2,3,0,5,0,7,8,3
2906808,BA,Nordeste,1,2,1,3,1,5,2,0,5
2906824,BA,Nordeste,1,2,3,0,2,6,5,7,0
2906857,BA,Nordeste,1,2,3,0,2,6,5,7,3
2906873,BA,Nordeste,1,2,1,3,1,5,2,0,5
2906899,BA,Nordeste,1,2,3,0,2,6,5,7,3
2906907,BA,Nordeste,1,2,1,3,1,5,2,3,6
2907004,BA,Nordeste,0,1,3,0,2,6,0,7,0
2907103,BA,Nordeste,1,2,1,3,1,5,2,0,5
2907202,BA,Nordeste,1,2,1,3,1,5,2,0,5
2907301,BA,Nordeste,1,2,3,0,5,0,7,8,9
2907400,BA,Nordeste,1,2,3,0,2,6,5,7,0
2907509,BA,Nordeste,1,2,1,3,1,5,2,0,5
2907558,BA,Nordeste,1,2,3,0,2,6,5,7,3
2907608,BA,Nordeste,1,2,3,0,2,6,5,7,3
2907707,BA,Nordeste,1,2,1,3,2,5,2,0,3
2907806,BA,Nordeste,1,2,3,0,5,0,7,8,9
2907905,BA,Nordeste,1,2,1,3,1,5,2,0,3
2908002,BA,Nordeste,1,2,3,0,2,6,5,7,3
2908101,BA,Nordeste,1,2,1,2,2,6,1,3,6
2908200,BA,Nordeste,1,0,0,1,0,3,4,4,8
2908309,BA,Nordeste,1,2,3,0,5,0,7,8,9
2908408,BA,Nordeste,1,2,1,3,1,5,2,0,5
2908507,BA,Nordeste,0,0,0,1,0,2,6,6,1
2908606,BA,Nordeste,1,2,1,3,1,5,2,0,5
2908804,BA,Nordeste,1,2,1,3,1,5,2,0,5
2908903,BA,Nordeste,1,2,1,3,5,0,7,0,5
2909000,BA,Nordeste,1,2,3,0,2,6,5,7,0
2909109,BA,Nordeste,1,2,3,0,2,6,5,7,3
2909208,BA,Nordeste,1,2,3,0,5,0,7,8,3
2909307,BA,Nordeste,0,1,1,2,3,4,1,3,6
2909406,BA,Nordeste,1,2,3,0,2,6,5,7,3
2909505,BA,Nordeste,1,2,3,0,2,6,5,7,3
2909604,BA,Nordeste,1,2,1,3,1,5,2,0,5
2909703,BA,Nordeste,1,2,3,0,2,6,5,7,3
2909802,BA,Nordeste,1,2,1,3,1,5,2,0,5
2909901,BA,Nordeste,1,2,1,3,1,5,2,0,5
2910008,BA,Nordeste,1,2,3,0,5,0,7,8,3
2910057,BA,Nordeste,0,0,0,1,0,3,4,1,4
2910107,BA,Nordeste,1,2,3,0,2,6,5,7,0
2910206,BA,Nordeste,1,2,3,0,2,6,5,7,0
2910305,BA,Nordeste,1,2,3,0,5,0,7,8,9
2910404,BA,Nordeste,1,2,3,0,2,6,5,7,3
2910503,BA,Nordeste,1,2,1,3,1,5,2,0,5
2910602,BA,Nordeste,1,2,1,3,1,5,2,0,5
2910701,BA,Nordeste,1,2,1,3,1,5,2,0,5
2910727,BA,Nordeste,1,0,0,1,0,3,4,1,4
2910750,BA,Nordeste,1,2,1,2,3,4,1,3,6
2910776,BA,Nordeste,1,2,3,0,2,6,5,7,3
2910800,BA,Nordeste,1,0,0,1,0,3,4,1,4
2910859,BA,Nordeste,1,2,3,0,5,0,7,8,9
2910909,BA,Nordeste,1,2,1,3,2,6,5,7,5
2911006,BA,Nordeste,1,2,3,0,2,6,5,7,3
2911105,BA,Nordeste,0,1,2,2,3,4,1,3,6
2911204,BA,Nordeste,1,2,1,3,1,5,2,0,5
2911253,BA,Nordeste,1,2,3,0,5,0,7,8,9
2911303,BA,Nordeste,1,2,3,0,2,6,5,7,3
2911402,BA,Nordeste,1,2,1,3,1,5,2,3,6
2911501,BA,Nordeste,1,2,3,0,2,6,5,7,3
2911600,BA,Nordeste,1,2,1,3,1,5,2,0,5
2911659,BA,Nordeste,1,1,3,0,2,6,5,7,0
2911709,BA,Nordeste,0,0,0,1,0,3,4,1,4
2911808,BA,Nordeste,1,2,3,0,2,6,5,7,3
2911857,BA,Nordeste,1,2,3,0,2,6,5,7,3
2911907,BA,Nordeste,1,2,3,0,2,6,5,7,3
2912004,BA,Nordeste,1,2,3,0,2,6,5,7,3
2912103,BA,Nordeste,1,2,1,3,1,5,2,0,5
2912202,BA,Nordeste,0,1,2,2,3,4,1,3,6
2912301,BA,Nordeste,1,2,3,0,5,0,7,8,9
2912400,BA,Nordeste,1,2,1,0,2,6,5,7,3
2912509,BA,Nordeste,1,2,3,0,5,0,7,8,9
2912608,BA,Nordeste,1,2,3,0,5,0,7,8,9
2912707,BA,Nordeste,1,2,1,3,1,5,2,0,5
2912806,BA,Nordeste,0,0,0,1,0,2,6,6,1
2912905,BA,Nordeste,1,2,1,3,1,5,2,0,3
2913002,BA,Nordeste,1,2,1,3,1,5,2,0,5
2913101,BA,Nordeste,1,2,3,0,1,5,2,0,3
2913200,BA,Nordeste,1,2,1,3,1,3,4,4,8
2913309,BA,Nordeste,1,2,3,0,5,0,7,8,9
2913408,BA,Nordeste,1,2,3,0,2,6,5,7,3
2913457,BA,Nordeste,1,2,1,3,1,5,2,0,3
2913507,BA,Nordeste,1,2,1,3,1,5,2,0,3
2913606,BA,Nordeste,1,0,0,1,0,3,4,1,4
2913705,BA,Nordeste,1,2,1,3,1,5,2,0,5
2913804,BA,Nordeste,1,2,3,0,5,0,7,8,3
2913903,BA,Nordeste,1,2,1,3,1,5,2,0,5
2914000,BA,Nordeste,1,2,1,3,1,5,2,0,5
2914109,BA,Nordeste,1,2,3,0,2,6,5,7,3
2914208,BA,Nordeste,1,2,3,0,5,0,7,8,9
2914307,BA,Nordeste,1,2,3,0,5,0,7,8,9
2914406,BA,Nordeste,1,0,1,3,1,5,4,1,5
2914505,BA,Nordeste,1,2,1,3,1,5,2,0,5
2914604,BA,Nordeste,1,0,0,1,0,3,4,1,4
2914653,BA,Nordeste,1,2,1,3,1,5,2,0,5
2914703,BA,Nordeste,1,2,1,3,1,5,2,0,5
2914802,BA,Nordeste,1,0,1,1,0,3,4,1,4
2914901,BA,Nordeste,1,2,1,3,1,5,2,0,5
2915007,BA,Nordeste,1,2,1,3,1,5,2,0,5
2915106,BA,Nordeste,1,2,1,3,5,0,2,0,5
2915205,BA,Nordeste,1,0,0,1,0,2,6,6,1
2915304,BA,Nordeste,0,1,2,4,4,1,0,4,0
2915353,BA,Nordeste,1,2,1,3,2,5,2,0,3
2915403,BA,Nordeste,1,2,3,0,5,0,7,8,9
2915502,BA,Nordeste,1,2,1,3,1,5,2,0,5
2915601,BA,Nordeste,1,2,1,3,1,5,2,0,3
2915700,BA,Nordeste,1,2,3,0,2,6,5,7,3
2915809,BA,Nordeste,1,2,1,3,1,5,2,0,5
2915908,BA,Nordeste,1,2,3,0,2,6,2,0,3
2916104,BA,Nordeste,1,2,3,0,2,6,7,8,3
2916203,BA,Nordeste,1,2,3,0,5,0,7,8,9
2916302,BA,Nordeste,0,0,0,1,0,2,6,6,1
2916401,BA,Nordeste,1,0,1,3,1,3,4,1,4
2916500,BA,Nordeste,1,2,1,3,1,5,2,0,3
2916609,BA,Nordeste,1,2,3,0,2,6,5,7,3
2916708,BA,Nordeste,1,2,3,0,2,6,5,7,3
2916807,BA,Nordeste,1,2,3,0,2,6,5,7,3
2916856,BA,Nordeste,1,2,1,3,1,5,2,0,5
2916906,BA,Nordeste,1,2,3,0,5,0,7,8,9
2917003,BA,Nordeste,1,2,1,3,5,0,7,8,9
2917102,BA,Nordeste,1,2,3,0,2,6,5,7,0
2917201,BA,Nordeste,1,2,3,0,2,6,5,7,3
2917300,BA,Nordeste,1,2,1,3,1,5,2,0,5
2917334,BA,Nordeste,1,2,3,0,5,0,7,8,9
2917359,BA,Nordeste,0,1,2,2,3,4,1,3,6
2917409,BA,Nordeste,1,2,3,0,5,0,7,8,9
2917508,BA,Nordeste,1,0,1,1,1,3,4,1,4
2917607,BA,Nordeste,1,2,1,3,1,5,2,0,5
2917706,BA,Nordeste,1,0,1,3,1,5,2,0,1
2917805,BA,Nordeste,1,2,1,3,1,5,2,0,5
2917904,BA,Nordeste,1,2,1,3,1,5,2,3,6
2918001,BA,Nordeste,1,2,1,3,1,5,2,0,5
2918100,BA,Nordeste,1,2,1,3,1,5,2,0,3
2918209,BA,Nordeste,1,2,1,3,1,5,2,0,3
2918308,BA,Nordeste,1,2,3,0,2,6,5,7,3
2918357,BA,Nordeste,1,2,1,3,1,5,2,0,5
2918407,BA,Nordeste,1,0,1,3,1,5,2,1,4
2918506,BA,Nordeste,1,2,1,3,5,0,2,0,5
2918555,BA,Nordeste,1,2,3,0,5,0,7,8,9
2918605,BA,Nordeste,1,2,3,0,2,6,5,7,3
2918704,BA,Nordeste,1,2,3,0,5,0,7,8,9
2918803,BA,Nordeste,1,2,1,3,1,5,2,0,5
2918902,BA,Nordeste,0,1,2,2,3,4,1,2,2
2919009,BA,Nordeste,1,2,3,0,2,6,5,7,0
2919058,BA,Nordeste,1,2,3,0,5,0,7,8,9
2919108,BA,Nordeste,1,2,1,3,1,5,2,0,3
2919157,BA,Nordeste,1,2,3,0,2,6,5,7,3
2919207,BA,Nordeste,1,0,0,1,0,3,4,1,4
2919306,BA,Nordeste,1,2,1,3,1,5,2,0,5
2919405,BA,Nordeste,1,2,3,0,2,6,5,7,3
2919504,BA,Nordeste,1,2,1,3,1,5,2,0,5
2919553,BA,Nordeste,0,0,0,1,0,3,4,1,4
2919603,BA,Nordeste,1,2,1,3,5,0,7,8,9
2919702,BA,Nordeste,1,2,3,0,2,6,5,7,3
2919801,BA,Nordeste,1,2,1,3,1,5,2,0,5
2919900,BA,Nordeste,1,2,1,3,1,5,2,0,5
2919926,BA,Nordeste,0,0,0,4,4,1,0,4,8
2919959,BA,Nordeste,1,2,3,0,2,6,5,7,3
2920007,BA,Nordeste,1,2,3,0,2,6,5,7,3
2920106,BA,Nordeste,1,2,3,0,5,0,7,8,9
2920205,BA,Nordeste,1,2,3,0,2,6,5,7,3
2920304,BA,Nordeste,1,2,3,0,2,6,5,7,3
2920403,BA,Nordeste,1,2,1,3,1,5,2,0,3
2920452,BA,Nordeste,1,2,3,0,2,6,5,7,3
2920502,BA,Nordeste,1,0,0,1,0,3,4,1,1
2920601,BA,Nordeste,1,2,1,3,1,5,2,0,5
2920809,BA,Nordeste,1,2,1,3,1,5,2,0,5
2920908,BA,Nordeste,1,2,3,0,2,6,5,7,0
2921005,BA,Nordeste,1,0,0,1,5,3,4,1,4
2921054,BA,Nordeste,1,2,3,0,2,6,5,7,0
2921104,BA,Nordeste,1,2,3,0,2,6,5,7,3
2921203,BA,Nordeste,1,2,1,3,1,5,2,0,5
2921302,BA,Nordeste,1,2,3,0,2,6,5,7,0
2921401,BA,Nordeste,1,2,3,0,5,0,7,8,9
2921450,BA,Nordeste,1,2,1,3,1,5,2,0,3
2921500,BA,Nordeste,1,2,1,3,1,5,2,0,5
2921609,BA,Nordeste,1,2,3,0,5,0,7,8,9
2921708,BA,Nordeste,1,2,1,3,1,5,2,0,5
2921807,BA,Nordeste,1,2,3,0,2,6,5,7,3
2921906,BA,Nordeste,1,1,1,2,3,4,1,3,6
2922003,BA,Nordeste,0,0,0,1,0,2,6,6,1
2922052,BA,Nordeste,1,2,1,3,5,0,7,8,9
2922102,BA,Nordeste,1,2,1,3,5,0,7,8,9
2922201,BA,Nordeste,1,2,3,0,2,6,5,7,3
2922250,BA,Nordeste,1,2,3,0,2,6,5,7,3
2922300,BA,Nordeste,1,2,3,0,5,0,7,8,9
2922409,BA,Nordeste,1,2,1,3,1,5,2,0,5
2922607,BA,Nordeste,1,2,1,3,1,5,2,0,5
2922656,BA,Nordeste,1,2,1,3,1,5,2,0,5
2922706,BA,Nordeste,1,2,3,0,5,0,7,8,9
2922730,BA,Nordeste,1,2,3,0,5,0,7,8,9
2922755,BA,Nordeste,1,2,1,3,1,5,2,0,5
2922805,BA,Nordeste,1,2,3,0,2,6,5,7,3
2922854,BA,Nordeste,1,2,3,0,2,6,5,7,3
2922904,BA,Nordeste,1,2,1,3,1,5,2,0,3
2923001,BA,Nordeste,1,2,1,3,1,5,2,0,3
2923035,BA,Nordeste,1,2,3,0,5,0,7,8,9
2923050,BA,Nordeste,1,2,3,0,5,0,7,8,9
2923100,BA,Nordeste,1,2,1,3,1,5,2,0,5
2923209,BA,Nordeste,1,2,3,0,5,0,7,8,9
2923308,BA,Nordeste,1,2,3,0,5,0,7,8,9
2923357,BA,Nordeste,1,0,0,1,0,3,4,4,8
2923407,BA,Nordeste,1,2,3,0,5,0,7,8,9
2923506,BA,Nordeste,1,2,1,3,1,5,2,0,5
2923605,BA,Nordeste,1,2,3,0,2,6,5,7,3
2923704,BA,Nordeste,1,2,1,3,1,5,2,0,5
2923803,BA,Nordeste,1,2,3,2,3,4,1,3,6
2923902,BA,Nordeste,1,2,3,0,2,6,5,7,3
2924009,BA,Nordeste,1,0,0,1,0,3,4,1,4
2924058,BA,Nordeste,1,2,3,0,5,0,7,8,9
2924108,BA,Nordeste,1,2,1,3,1,5,2,0,5
2924207,BA,Nordeste,1,2,1,3,1,5,2,0,3
2924306,BA,Nordeste,1,2,3,0,2,6,5,7,3
2924405,BA,Nordeste,1,2,1,3,1,5,2,0,3
2924504,BA,Nordeste,1,2,1,3,1,6,5,7,3
2924603,BA,Nordeste,1,2,3,0,5,0,7,8,9
2924652,BA,Nordeste,1,2,3,0,5,0,7,8,9
2924678,BA,Nordeste,1,2,3,0,2,6,5,7,3
2924702,BA,Nordeste,1,2,3,0,2,6,5,7,3
2924801,BA,Nordeste,1,2,1,3,1,5,2,0,5
2924900,BA,Nordeste,1,2,3,0,5,0,7,8,3
2925006,BA,Nordeste,1,2,1,3,1,5,2,0,5
2925105,BA,Nordeste,1,2,1,3,1,5,2,0,5
2925204,BA,Nordeste,0,0,0,1,0,2,6,6,1
2925253,BA,Nordeste,1,2,3,0,5,0,7,8,9
2925303,BA,Nordeste,1,2,1,3,1,5,2,0,5
2925402,BA,Nordeste,1,2,3,0,2,6,5,7,3
2925501,BA,Nordeste,1,2,3,0,2,6,5,7,3
2925600,BA,Nordeste,1,2,3,0,2,6,5,7,3
2925709,BA,Nordeste,1,2,3,0,2,6,5,7,3
2925808,BA,Nordeste,1,2,1,3,1,5,2,0,5
2925907,BA,Nordeste,1,2,1,3,1,5,2,0,5
2925931,BA,Nordeste,1,2,3,0,5,0,7,8,3
2925956,BA,Nordeste,1,2,1,3,1,5,2,0,5
2926004,BA,Nordeste,1,2,1,3,1,5,2,0,5
2926103,BA,Nordeste,1,2,3,0,2,6,5,7,0
2926301,BA,Nordeste,1,2,1,3,1,5,2,0,5
2926400,BA,Nordeste,1,2,1,3,1,5,2,0,3
2926509,BA,Nordeste,1,2,3,0,5,0,7,8,3
2926608,BA,Nordeste,1,2,3,0,5,0,7,8,9
2926657,BA,Nordeste,1,2,3,0,2,6,5,7,3
2926707,BA,Nordeste,1,2,1,3,2,6,5,7,3
2926806,BA,Nordeste,1,2,3,0,2,6,5,7,3
2926905,BA,Nordeste,1,2,3,0,5,0,7,8,9
2927002,BA,Nordeste,1,2,1,3,1,5,1,3,6
2927101,BA,Nordeste,1,2,3,0,2,6,5,7,3
2927200,BA,Nordeste,1,2,1,3,1,5,2,0,5
2927309,BA,Nordeste,1,2,1,2,2,6,1,3,6
2927408,BA,Nordeste,1,0,0,1,0,3,4,1,4
2927507,BA,Nordeste,1,2,1,3,1,5,2,0,3
2927606,BA,Nordeste,1,2,1,3,1,5,2,0,3
2927705,BA,Nordeste,1,2,1,3,1,5,2,0,5
2927804,BA,Nordeste,0,1,2,4,4,1,0,4,0
2927903,BA,Nordeste,1,2,1,3,5,0,7,8,9
2928000,BA,Nordeste,1,2,1,3,1,5,2,0,5
2928059,BA,Nordeste,1,2,3,0,2,6,5,7,3
2928109,BA,Nordeste,1,2,1,3,1,5,2,0,3
2928208,BA,Nordeste,1,2,1,3,1,5,2,0,3
2928307,BA,Nordeste,1,2,3,0,2,6,5,7,3
2928406,BA,Nordeste,1,2,1,3,1,5,2,0,5
2928505,BA,Nordeste,1,2,3,0,2,6,5,7,3
2928604,BA,Nordeste,1,2,1,3,1,5,2,0,5
2928703,BA,Nordeste,1,0,1,3,1,3,4,1,4
2928802,BA,Nordeste,1,2,1,3,1,5,2,0,5
2928901,BA,Nordeste,0,0,1,2,3,4,1,3,6
2928950,BA,Nordeste,1,2,3,0,5,0,7,8,9
2929008,BA,Nordeste,1,2,3,0,5,0,7,8,9
2929057,BA,Nordeste,1,2,3,0,2,6,5,7,3
2929107,BA,Nordeste,1,2,3,0,5,0,7,8,9
2929206,BA,Nordeste,0,0,0,1,0,2,6,6,1
2929255,BA,Nordeste,1,2,3,3,5,0,2,0,5
2929305,BA,Nordeste,1,0,1,3,1,5,2,0,3
2929354,BA,Nordeste,1,2,3,0,2,6,5,7,3
2929370,BA,Nordeste,1,2,3,0,5,0,7,8,9
2929404,BA,Nordeste,1,2,1,3,1,5,2,0,5
2929503,BA,Nordeste,1,2,1,3,1,5,2,0,5
2929602,BA,Nordeste,1,2,1,3,1,5,2,0,5
2929701,BA,Nordeste,1,2,1,3,1,5,2,0,5
2929750,BA,Nordeste,1,2,3,0,2,6,5,7,0
2929800,BA,Nordeste,1,2,3,0,5,0,7,8,9
2929909,BA,Nordeste,1,2,1,3,1,5,2,0,5
2930006,BA,Nordeste,1,2,3,0,2,6,5,7,3
2930105,BA,Nordeste,1,2,1,3,1,5,2,0,5
2930154,BA,Nordeste,1,2,1,3,1,5,2,0,3
2930204,BA,Nordeste,1,0,0,1,0,2,6,6,1
2930303,BA,Nordeste,1,2,3,0,2,6,5,7,3
2930402,BA,Nordeste,1,2,1,3,1,5,2,0,5
2930501,BA,Nordeste,1,2,1,3,1,5,2,0,5
2930600,BA,Nordeste,1,2,3,0,2,6,5,7,0
2930709,BA,Nordeste,1,0,1,3,1,3,4,1,4
2930766,BA,Nordeste,1,2,3,0,5,0,7,8,9
2930774,BA,Nordeste,0,0,0,1,0,2,6,6,1
2930808,BA,Nordeste,1,2,1,3,1,5,2,0,5
2930907,BA,Nordeste,1,2,3,0,2,6,5,7,3
2931004,BA,Nordeste,1,2,3,0,2,6,5,7,3
2931053,BA,Nordeste,1,2,1,3,2,6,5,7,3
2931103,BA,Nordeste,1,2,3,0,5,0,7,8,9
2931202,BA,Nordeste,1,2,1,3,1,5,2,0,3
2931301,BA,Nordeste,1,2,3,0,5,0,7,8,9
2931350,BA,Nordeste,1,0,1,3,1,5,4,1,4
2931400,BA,Nordeste,1,2,3,0,2,6,5,7,0
2931509,BA,Nordeste,1,2,3,0,1,5,2,0,3
2931608,BA,Nordeste,1,2,1,3,1,5,2,0,3
2931707,BA,Nordeste,1,2,3,0,5,0,7,8,9
2931806,BA,Nordeste,1,2,1,3,1,5,2,0,5
2931905,BA,Nordeste,1,2,1,3,1,5,2,0,5
2932002,BA,Nordeste,1,2,1,3,1,5,2,0,5
2932101,BA,Nordeste,1,2,1,3,1,5,2,0,5
2932200,BA,Nordeste,1,2,3,0,2,6,5,7,3
2932309,BA,Nordeste,1,2,3,0,5,0,7,8,3
2932408,BA,Nordeste,1,2,3,0,2,6,5,7,3
2932457,BA,Nordeste,1,2,3,0,2,6,5,7,0
2932507,BA,Nordeste,1,2,1,3,1,5,2,0,5
2932606,BA,Nordeste,1,2,1,3,2,6,5,7,3
2932705,BA,Nordeste,1,2,1,3,1,5,2,0,5
2932804,BA,Nordeste,1,2,3,0,2,6,5,4,0
2932903,BA,Nordeste,1,2,1,3,1,5,2,0,5
2933000,BA,Nordeste,1,2,1,3,5,0,7,8,9
2933059,BA,Nordeste,1,2,3,0,5,0,7,8,9
2933109,BA,Nordeste,1,2,3,0,5,0,7,8,9
2933158,BA,Nordeste,1,0,0,1,0,2,6,6,1
2933174,BA,Nordeste,1,2,1,2,2,6,1,3,6
2933208,BA,Nordeste,1,2,1,3,1,5,2,0,5
2933257,BA,Nordeste,1,2,3,0,2,6,5,7,3
2933307,BA,Nordeste,1,0,1,3,1,5,2,0,5
2933406,BA,Nordeste,1,2,3,0,2,6,5,7,3
2933455,BA,Nordeste,1,2,1,3,1,5,2,0,3
2933505,BA,Nordeste,1,2,1,3,1,5,2,0,3
2933604,BA,Nordeste,1,2,1,3,1,5,2,0,3
3100104,MG,Sudeste,1,2,3,2,2,4,1,3,6
3100203,MG,Sudeste,0,0,0,4,4,1,0,4,8
3100302,MG,Sudeste,0,1,2,0,2,6,5,7,0
3100401,MG,Sudeste,0,1,3,0,2,6,0,7,0
3100500,MG,Sudeste,0,1,0,4,4,1,0,4,8
3100609,MG,Sudeste,0,1,2,4,4,1,0,4,0
3100708,MG,Sudeste,0,1,2,2,3,4,3,2,2
3100807,MG,Sudeste,1,2,3,0,2,6,5,7,0
3100906,MG,Sudeste,1,2,1,3,1,5,2,4,0
3101003,MG,Sudeste,1,2,3,0,2,6,5,7,0
3101102,MG,Sudeste,0,0,0,1,0,2,6,4,8
3101201,MG,Sudeste,0,1,2,2,3,4,0,2,2
3101300,MG,Sudeste,0,1,2,4,4,1,3,2,2
3101409,MG,Sudeste,0,1,2,4,4,1,0,2,2
3101508,MG,Sudeste,0,0,0,1,0,3,4,4,8
3101607,MG,Sudeste,0,0,0,1,0,3,4,4,8
3101631,MG,Sudeste,0,1,2,4,4,1,0,5,2
3101706,MG,Sudeste,1,2,1,3,1,5,2,0,5
3101805,MG,Sudeste,0,1,3,0,2,6,5,7,0
3101904,MG,Sudeste,0,1,2,2,3,4,1,3,6
3102001,MG,Sudeste,0,1,2,4,4,1,0,5,7
3102050,MG,Sudeste,0,1,2,4,4,1,0,2,0
3102100,MG,Sudeste,0,1,2,4,4,1,3,2,2
3102209,MG,Sudeste,0,1,3,0,2,6,5,7,0
3102308,MG,Sudeste,0,0,0,1,0,2,0,4,8
3102407,MG,Sudeste,1,1,3,0,2,6,5,7,0
3102506,MG,Sudeste,1,1,3,0,2,6,5,7,0
3102605,MG,Sudeste,0,0,0,1,0,3,4,4,8
3102704,MG,Sudeste,1,2,3,0,2,6,5,7,3
3102803,MG,Sudeste,0,1,2,4,4,1,0,4,8
3102852,MG,Sudeste,1,2,3,0,2,6,5,7,3
3102902,MG,Sudeste,0,1,2,4,4,1,0,4,8
3103009,MG,Sudeste,0,0,0,1,0,2,6,6,1
3103108,MG,Sudeste,0,1,3,0,2,6,5,7,0
3103207,MG,Sudeste,0,1,2,4,4,1,0,2,2
3103306,MG,Sudeste,0,1,2,4,4,1,0,5,0
3103405,MG,Sudeste,1,2,1,3,1,3,4,4,8
3103504,MG,Sudeste,0,0,0,1,0,3,4,1,4
3103603,MG,Sudeste,1,1,3,0,5,0,7,8,9
3103702,MG,Sudeste,1,2,1,3,1,5,2,0,5
3103751,MG,Sudeste,0,0,0,1,0,2,6,6,1
3103801,MG,Sudeste,0,1,2,4,4,1,6,5,7
3103900,MG,Sudeste,0,1,2,4,4,1,3,5,7
3104007,MG,Sudeste,0,0,0,1,0,3,4,1,4
3104106,MG,Sudeste,0,0,0,4,4,1,0,4,8
3104205,MG,Sudeste,0,0,0,1,0,3,4,6,8
3104304,MG,Sudeste,0,1,2,4,4,1,0,4,8
3104403,MG,Sudeste,0,1,2,4,4,1,0,5,0
3104452,MG,Sudeste,1,1,3,0,2,6,5,7,0
3104502,MG,Sudeste,0,1,2,4,4,1,0,4,0
3104601,MG,Sudeste,0,0,0,1,0,2,0,4,8
3104700,MG,Sudeste,0,1,2,2,2,6,5,7,0
3104809,MG,Sudeste,0,1,2,4,4,1,0,5,7
3104908,MG,Sudeste,0,0,0,4,4,1,0,4,8
3105004,MG,Sudeste,0,0,0,1,0,2,6,6,1
3105103,MG,Sudeste,0,1,2,4,4,1,0,4,8
3105202,MG,Sudeste,1,1,3,0,2,6,5,7,3
3105301,MG,Sudeste,0,1,2,4,4,1,0,4,8
3105400,MG,Sudeste,0,0,0,1,0,3,4,6,1
3105509,MG,Sudeste,1,2,3,0,2,6,5,7,3
3105608,MG,Sudeste,0,0,0,1,0,3,4,1,4
3105707,MG,Sudeste,0,1,2,4,4,1,0,2,2
3105905,MG,Sudeste,0,0,0,1,0,2,6,6,8
3106002,MG,Sudeste,0,0,0,1,0,2,6,6,1
3106101,MG,Sudeste,0,1,2,4,2,6,5,7,0
3106200,MG,Sudeste,0,0,0,1,0,3,4,1,4
3106309,MG,Sudeste,0,0,0,1,0,2,6,6,1
3106408,MG,Sudeste,0,0,3,0,2,6,5,7,3
3106507,MG,Sudeste,1,2,3,0,2,6,0,7,0
3106606,MG,Sudeste,1,2,3,0,2,6,5,7,0
3106655,MG,Sudeste,1,2,3,0,2,6,5,7,0
3106705,MG,Sudeste,0,0,0,1,0,3,4,1,4
3106804,MG,Sudeste,1,2,3,0,2,6,5,7,0
3106903,MG,Sudeste,0,1,0,4,4,1,0,4,8
3107000,MG,Sudeste,0,1,2,4,4,1,3,5,7
3107109,MG,Sudeste,0,0,0,1,0,3,0,4,8
3107208,MG,Sudeste,1,2,3,0,2,6,5,7,3
3107307,MG,Sudeste,0,0,0,1,0,3,4,4,8
3107406,MG,Sudeste,0,0,0,1,0,3,0,4,8
3107505,MG,Sudeste,0,1,3,2,2,6,5,7,0
3107604,MG,Sudeste,0,1,2,4,4,1,3,5,7
3107703,MG,Sudeste,0,1,2,4,4,1,0,5,7
3107802,MG,Sudeste,0,1,2,4,4,1,0,4,0
3107901,MG,Sudeste,1,2,1,3,1,5,2,0,5
3108008,MG,Sudeste,0,0,0,1,0,3,0,4,8
3108107,MG,Sudeste,0,1,2,0,2,6,5,7,0
3108206,MG,Sudeste,0,1,2,2,3,4,3,2,2
3108255,MG,Sudeste,1,2,1,3,1,5,2,0,5
3108305,MG,Sudeste,0,1,2,4,4,1,0,4,8
3108404,MG,Sudeste,0,1,2,4,4,1,0,4,8
3108503,MG,Sudeste,1,1,3,0,2,6,5,7,0
3108552,MG,Sudeste,0,1,2,2,3,4,0,4,6
3108602,MG,Sudeste,1,2,1,3,2,6,5,4,0
3108701,MG,Sudeste,0,1,3,4,4,1,0,5,0
3108800,MG,Sudeste,0,0,0,1,0,2,6,6,1
3108909,MG,Sudeste,1,2,3,0,2,6,5,7,0
3109006,MG,Sudeste,0,0,0,1,0,2,6,6,1
3109105,MG,Sudeste,0,1,2,4,4,1,0,4,0
3109204,MG,Sudeste,1,2,1,3,2,6,5,7,0
3109253,MG,Sudeste,1,2,3,0,2,6,5,7,0
3109303,MG,Sudeste,0,1,2,2,3,4,3,2,2
3109402,MG,Sudeste,1,2,1,3,1,5,1,3,6
3109451,MG,Sudeste,0,1,0,1,0,2,6,6,1
3109501,MG,Sudeste,0,1,2,4,4,1,0,5,7
3109600,MG,Sudeste,0,1,2,4,4,1,0,5,7
3109709,MG,Sudeste,0,0,0,1,0,2,6,6,1
3109808,MG,Sudeste,0,1,2,2,3,4,3,2,2
3109907,MG,Sudeste,0,0,0,1,0,2,0,4,8
3110004,MG,Sudeste,0,0,0,1,0,3,4,4,8
3110103,MG,Sudeste,1,2,1,3,1,5,2,0,5
3110202,MG,Sudeste,0,1,2,4,4,1,0,5,7
3110301,MG,Sudeste,0,2,3,0,2,6,5,4,0
3110400,MG,Sudeste,0,1,2,4,4,1,0,5,7
3110509,MG,Sudeste,0,0,0,1,0,2,6,4,8
3110608,MG,Sudeste,0,0,0,1,0,2,6,6,1
3110707,MG,Sudeste,0,1,2,4,4,1,0,5,7
3110806,MG,Sudeste,1,2,3,0,2,6,5,7,0
3110905,MG,Sudeste,0,1,2,4,4,1,0,5,7
3111002,MG,Sudeste,0,1,2,2,3,4,1,4,6
3111101,MG,Sudeste,0,1,2,2,3,4,1,2,2
3111150,MG,Sudeste,1,2,3,0,2,6,5,7,3
3111200,MG,Sudeste,0,0,0,1,0,3,4,4,8
3111309,MG,Sudeste,0,1,2,4,4,1,0,2,2
3111408,MG,Sudeste,0,0,0,2,3,4,1,6,6
3111507,MG,Sudeste,0,1,2,2,3,4,1,3,6
3111606,MG,Sudeste,0,1,2,2,3,4,1,3,6
3111705,MG,Sudeste,0,1,2,2,3,4,3,2,2
3111804,MG,Sudeste,0,0,0,1,0,2,6,6,8
3111903,MG,Sudeste,1,1,3,0,2,6,5,7,0
3112000,MG,Sudeste,0,1,2,2,3,4,1,2,2
3112059,MG,Sudeste,1,2,3,0,2,6,5,7,3
3112109,MG,Sudeste,0,1,2,4,4,1,0,5,0
3112208,MG,Sudeste,1,2,3,0,2,6,5,7,3
3112307,MG,Sudeste,1,2,1,3,1,5,2,0,5
3112406,MG,Sudeste,0,1,2,4,4,1,0,5,7
3112505,MG,Sudeste,1,2,3,0,2,6,5,7,0
3112604,MG,Sudeste,0,1,2,4,4,1,0,5,7
3112653,MG,Sudeste,1,2,3,0,2,6,5,7,0
3112703,MG,Sudeste,0,0,0,1,0,2,6,4,8
3112802,MG,Sudeste,0,1,2,4,4,1,0,4,8
3112901,MG,Sudeste,1,2,3,0,2,6,5,7,3
3113008,MG,Sudeste,1,2,3,0,2,6,5,7,0
3113107,MG,Sudeste,1,2,3,0,2,6,5,7,3
3113206,MG,Sudeste,0,0,0,1,0,3,0,4,8
3113305,MG,Sudeste,0,0,0,1,0,3,0,4,8
3113404,MG,Sudeste,1,0,1,3,1,3,4,1,4
3113503,MG,Sudeste,1,2,3,2,3,4,1,3,6
3113602,MG,Sudeste,0,1,2,4,4,1,0,4,8
3113701,MG,Sudeste,1,0,0,1,0,3,1,4,6
3113800,MG,Sudeste,0,1,2,4,4,1,0,5,7
3113909,MG,Sudeste,0,1,2,4,4,1,0,4,8
3114006,MG,Sudeste,0,1,2,4,2,6,5,4,0
3114105,MG,Sudeste,0,1,2,4,4,1,0,4,8
3114204,MG,Sudeste,1,0,0,1,0,3,7,4,8
3114303,MG,Sudeste,0,1,2,4,4,1,0,4,8
3114402,MG,Sudeste,0,1,1,2,3,4,1,3,6
3114501,MG,Sudeste,0,0,0,4,4,1,0,4,8
3114550,MG,Sudeste,0,1,2,4,4,1,3,5,7
3114600,MG,Sudeste,0,1,2,4,4,1,3,5,7
3114709,MG,Sudeste,0,1,2,4,4,1,0,5,7
3114808,MG,Sudeste,1,1,3,0,2,6,5,7,3
3114907,MG,Sudeste,0,1,2,4,4,1,3,5,7
3115003,MG,Sudeste,0,1,2,2,3,4,5,2,2
3115102,MG,Sudeste,0,1,2,4,4,1,0,4,8
3115201,MG,Sudeste,0,1,2,4,4,1,3,5,7
3115300,MG,Sudeste,0,0,0,1,0,3,4,4,8
3115359,MG,Sudeste,0,0,0,1,0,2,6,6,1
3115409,MG,Sudeste,0,1,2,4,4,1,0,5,7
3115458,MG,Sudeste,1,2,1,3,1,5,2,0,5
3115474,MG,Sudeste,1,1,3,0,2,6,5,7,0
3115508,MG,Sudeste,0,1,2,4,4,1,0,4,8
3115706,MG,Sudeste,0,1,3,0,2,6,5,7,0
3115805,MG,Sudeste,0,1,2,4,4,1,0,5,7
3115904,MG,Sudeste,0,1,2,4,4,1,0,5,0
3116001,MG,Sudeste,1,1,3,0,2,6,5,7,0
3116100,MG,Sudeste,1,2,1,3,1,5,2,0,5
3116159,MG,Sudeste,1,2,1,3,1,5,1,3,6
3116209,MG,Sudeste,1,1,3,0,2,6,5,7,0
3116308,MG,Sudeste,0,1,3,4,2,6,5,7,0
3116407,MG,Sudeste,0,1,2,2,3,4,1,2,2
3116506,MG,Sudeste,0,1,3,4,2,6,5,7,0
3116605,MG,Sudeste,0,0,0,1,0,3,4,4,8
3116704,MG,Sudeste,0,1,2,4,4,1,0,5,0
3116803,MG,Sudeste,1,2,3,0,2,6,5,7,3
3116902,MG,Sudeste,0,1,2,4,4,1,3,5,7
3117009,MG,Sudeste,1,2,1,3,1,5,2,0,5
3117108,MG,Sudeste,0,1,2,2,3,4,1,2,2
3117207,MG,Sudeste,0,1,2,4,4,1,0,5,7
3117306,MG,Sudeste,0,0,0,1,0,3,4,4,8
3117405,MG,Sudeste,1,2,3,0,2,6,5,7,0
3117504,MG,Sudeste,0,0,0,1,0,2,6,6,1
3117603,MG,Sudeste,0,0,0,1,0,2,6,6,1
3117702,MG,Sudeste,1,1,3,2,2,6,5,7,6
3117801,MG,Sudeste,0,1,2,4,4,1,0,4,8
3117836,MG,Sudeste,0,1,3,4,2,6,0,7,0
3117876,MG,Sudeste,0,1,2,4,4,1,0,4,8
3117900,MG,Sudeste,0,1,2,4,4,1,0,4,8
3118007,MG,Sudeste,0,0,0,1,0,2,6,6,1
3118106,MG,Sudeste,1,2,3,0,2,6,5,7,3
3118205,MG,Sudeste,0,0,0,1,0,2,6,6,1
3118304,MG,Sudeste,0,0,0,1,0,3,4,1,4
3118403,MG,Sudeste,0,1,2,4,4,1,0,4,0
3118502,MG,Sudeste,0,1,2,4,4,1,3,2,2
3118601,MG,Sudeste,0,0,0,1,0,3,4,1,4
3118700,MG,Sudeste,0,1,2,2,3,4,0,5,6
3118809,MG,Sudeste,1,2,3,0,2,6,5,7,3
3118908,MG,Sudeste,1,2,3,0,2,6,5,7,0
3119005,MG,Sudeste,0,1,2,2,3,4,3,2,2
3119104,MG,Sudeste,0,0,0,1,0,2,6,6,1
3119203,MG,Sudeste,1,2,3,0,2,6,5,7,3
3119302,MG,Sudeste,0,1,2,2,3,4,1,3,6
3119401,MG,Sudeste,0,0,0,1,0,3,4,1,4
3119500,MG,Sudeste,1,2,3,0,2,6,5,7,3
3119609,MG,Sudeste,0,1,3,0,2,6,5,7,0
3119708,MG,Sudeste,0,1,2,4,4,1,0,5,7
3119807,MG,Sudeste,0,1,2,4,4,1,3,5,7
3119906,MG,Sudeste,0,1,2,4,4,1,0,5,7
3119955,MG,Sudeste,0,0,0,1,0,2,6,6,1
3120003,MG,Sudeste,1,1,3,0,2,6,5,7,0
3120102,MG,Sudeste,0,1,2,4,4,1,0,2,0
3120151,MG,Sudeste,0,1,2,0,2,6,5,7,0
3120201,MG,Sudeste,0,1,2,2,3,4,0,4,2
3120300,MG,Sudeste,1,2,3,0,2,6,5,7,3
3120409,MG,Sudeste,0,1,3,2,2,6,5,7,0
3120508,MG,Sudeste,0,1,2,2,3,4,0,4,8
3120607,MG,Sudeste,0,1,2,4,4,1,0,2,0
3120706,MG,Sudeste,0,1,2,4,4,1,3,5,7
3120805,MG,Sudeste,0,1,2,4,4,1,0,4,8
3120839,MG,Sudeste,1,2,3,0,2,6,5,7,0
3120870,MG,Sudeste,1,2,3,0,2,6,5,7,3
3120904,MG,Sudeste,0,0,0,1,0,3,4,1,8
3121001,MG,Sudeste,0,1,3,4,2,6,5,7,0
3121100,MG,Sudeste,0,1,2,4,2,6,5,7,0
3121209,MG,Sudeste,0,1,2,2,3,4,1,3,6
3121258,MG,Sudeste,0,0,0,1,0,2,6,6,1
3121308,MG,Sudeste,0,1,3,0,2,6,5,7,0
3121407,MG,Sudeste,0,0,0,1,0,2,6,6,1
3121506,MG,Sudeste,0,1,2,4,4,1,3,2,2
3121605,MG,Sudeste,0,0,0,1,0,3,4,4,8
3121704,MG,Sudeste,1,2,3,0,5,0,7,8,9
3121803,MG,Sudeste,0,1,2,4,4,1,0,5,7
3121902,MG,Sudeste,1,2,3,0,2,6,0,7,0
3122009,MG,Sudeste,1,2,3,0,2,6,5,7,0
3122108,MG,Sudeste,0,1,2,4,2,6,5,7,0
3122207,MG,Sudeste,1,2,3,0,2,6,5,7,0
3122306,MG,Sudeste,0,0,0,1,0,3,4,1,4
3122355,MG,Sudeste,0,0,0,1,0,2,0,4,8
3122405,MG,Sudeste,0,1,2,2,3,4,0,2,2
3122454,MG,Sudeste,1,2,3,0,2,6,5,7,0
3122470,MG,Sudeste,0,1,2,4,4,1,3,2,2
3122504,MG,Sudeste,0,1,2,4,4,1,0,5,0
3122603,MG,Sudeste,0,1,2,4,4,1,0,5,7
3122702,MG,Sudeste,0,1,2,4,4,1,0,5,7
3122801,MG,Sudeste,1,2,3,0,2,6,5,7,3
3122900,MG,Sudeste,0,1,2,2,2,6,5,2,0
3123007,MG,Sudeste,0,0,0,1,0,2,6,6,1
3123106,MG,Sudeste,0,0,0,1,0,2,6,6,1
3123205,MG,Sudeste,0,1,2,4,4,1,0,4,8
3123304,MG,Sudeste,0,1,2,4,4,1,3,2,2
3123403,MG,Sudeste,0,1,2,4,4,1,3,5,7
3123502,MG,Sudeste,0,1,2,4,4,1,3,5,7
3123528,MG,Sudeste,1,2,1,3,2,6,1,3,6
3123601,MG,Sudeste,0,0,0,1,0,3,0,4,8
3123700,MG,Sudeste,0,1,2,4,4,1,0,5,7
3123809,MG,Sudeste,0,1,2,4,4,1,0,7,0
3123858,MG,Sudeste,1,2,3,0,2,6,5,7,0
3123908,MG,Sudeste,0,1,2,4,4,1,0,4,8
3124005,MG,Sudeste,1,2,3,2,2,6,1,3,6
3124104,MG,Sudeste,1,0,1,3,1,3,4,4,8
3124203,MG,Sudeste,0,2,1,3,1,3,0,4,8
3124302,MG,Sudeste,1,2,1,3,1,5,2,4,8
3124401,MG,Sudeste,1,2,3,0,2,6,5,7,3
3124500,MG,Sudeste,0,1,2,2,3,4,0,4,8
3124609,MG,Sudeste,0,1,2,4,4,1,3,2,2
3124708,MG,Sudeste,0,1,2,2,3,4,3,2,2
3124807,MG,Sudeste,0,1,2,2,3,4,3,3,2
3124906,MG,Sudeste,0,1,2,4,4,1,0,4,8
3125002,MG,Sudeste,0,1,3,0,2,6,5,7,0
3125101,MG,Sudeste,0,0,0,1,0,2,6,6,1
3125200,MG,Sudeste,0,1,2,4,4,1,3,2,2
3125309,MG,Sudeste,1,1,3,0,2,6,5,7,0
3125408,MG,Sudeste,0,1,2,4,4,1,0,5,0
3125507,MG,Sudeste,0,1,2,4,4,1,0,5,7
3125606,MG,Sudeste,1,2,3,0,2,6,5,7,3
3125705,MG,Sudeste,1,2,3,2,2,6,5,7,0
3125804,MG,Sudeste,1,2,3,0,2,6,5,7,0
3125903,MG,Sudeste,1,1,3,0,2,6,5,7,0
3125952,MG,Sudeste,0,1,2,4,2,6,0,7,0
3126000,MG,Sudeste,0,1,2,4,4,1,0,2,2
3126109,MG,Sudeste,0,0,0,1,0,3,4,4,8
3126208,MG,Sudeste,0,1,2,2,3,4,3,2,2
3126307,MG,Sudeste,0,1,2,4,4,1,0,5,7
3126406,MG,Sudeste,0,1,2,4,4,1,0,5,0
3126505,MG,Sudeste,1,2,1,3,2,6,0,4,0
3126604,MG,Sudeste,0,1,2,4,2,6,5,7,0
3126703,MG,Sudeste,0,0,0,1,0,3,0,4,8
3126752,MG,Sudeste,0,1,3,0,2,6,5,7,0
3126802,MG,Sudeste,1,2,3,0,2,6,5,7,0
3126901,MG,Sudeste,1,2,3,0,2,6,5,7,0
3126950,MG,Sudeste,1,2,3,0,2,6,5,7,0
3127008,MG,Sudeste,0,0,0,1,0,2,6,6,1
3127057,MG,Sudeste,1,1,3,0,2,6,5,7,0
3127073,MG,Sudeste,1,2,3,0,2,6,5,7,0
3127107,MG,Sudeste,0,0,0,1,0,3,4,1,8
3127206,MG,Sudeste,0,1,2,4,4,1,0,5,7
3127305,MG,Sudeste,1,2,3,0,2,6,5,7,0
3127339,MG,Sudeste,1,1,3,0,2,6,5,7,0
3127354,MG,Sudeste,1,1,3,0,2,6,5,7,0
3127370,MG,Sudeste,0,1,2,4,4,1,0,5,7
3127388,MG,Sudeste,0,1,2,4,4,1,0,5,7
3127404,MG,Sudeste,0,1,2,4,4,1,0,2,2
3127503,MG,Sudeste,1,2,3,0,2,6,5,7,3
3127602,MG,Sudeste,1,2,3,0,2,6,5,7,0
3127701,MG,Sudeste,0,0,0,1,0,3,4,1,4
3127800,MG,Sudeste,0,0,0,1,0,2,6,6,1
3127909,MG,Sudeste,0,1,2,4,4,1,3,5,7
3128006,MG,Sudeste,0,0,0,1,0,3,4,4,8
3128105,MG,Sudeste,0,1,2,4,4,1,0,4,8
3128204,MG,Sudeste,1,1,3,0,2,6,5,7,0
3128253,MG,Sudeste,1,1,3,0,2,6,5,7,0
3128303,MG,Sudeste,0,0,0,1,0,2,6,4,8
3128402,MG,Sudeste,0,1,2,4,4,1,0,5,7
3128501,MG,Sudeste,0,1,2,4,4,1,0,5,7
3128600,MG,Sudeste,0,1,2,2,3,4,3,3,2
3128709,MG,Sudeste,0,0,0,1,0,3,4,4,8
3128808,MG,Sudeste,0,1,2,4,4,1,0,4,8
3128907,MG,Sudeste,0,0,0,2,3,4,1,3,6
3129004,MG,Sudeste,1,1,3,0,2,6,5,7,0
3129103,MG,Sudeste,0,1,2,2,3,4,1,2,2
3129202,MG,Sudeste,0,1,2,4,4,1,0,5,7
3129301,MG,Sudeste,1,2,1,3,2,6,5,7,3
3129400,MG,Sudeste,0,1,2,4,4,1,0,5,7
3129509,MG,Sudeste,0,0,0,2,3,4,1,4,8
3129608,MG,Sudeste,1,2,3,0,2,6,5,7,0
3129657,MG,Sudeste,1,2,3,0,2,6,5,7,0
3129707,MG,Sudeste,0,0,0,1,0,2,6,6,1
3129806,MG,Sudeste,0,0,0,1,0,3,4,1,4
3129905,MG,Sudeste,0,1,2,4,4,1,0,2,2
3130002,MG,Sudeste,0,1,2,4,4,1,0,5,7
3130051,MG,Sudeste,1,2,3,0,2,6,5,7,0
3130101,MG,Sudeste,0,0,0,1,0,3,4,4,8
3130200,MG,Sudeste,0,0,0,1,0,2,6,6,1
3130309,MG,Sudeste,0,0,0,1,0,2,6,6,1
3130408,MG,Sudeste,0,0,0,1,0,2,6,6,1
3130507,MG,Sudeste,0,1,2,4,4,1,0,5,7
3130556,MG,Sudeste,1,2,3,0,2,6,5,7,3
3130606,MG,Sudeste,0,1,2,4,4,1,0,5,7
3130655,MG,Sudeste,1,2,3,0,2,6,5,7,3
3130705,MG,Sudeste,0,0,0,1,0,2,6,6,1
3130804,MG,Sudeste,0,1,2,2,3,4,3,2,2
3130903,MG,Sudeste,1,2,1,3,2,6,5,7,3
3131000,MG,Sudeste,1,2,3,0,2,6,5,7,0
3131109,MG,Sudeste,1,2,3,0,2,6,5,7,0
3131158,MG,Sudeste,1,2,1,3,2,6,5,7,3
3131208,MG,Sudeste,1,2,1,3,1,5,0,4,8
3131307,MG,Sudeste,0,0,0,1,0,3,4,1,4
3131406,MG,Sudeste,0,1,2,4,4,1,3,5,7
3131505,MG,Sudeste,1,2,1,3,1,6,1,3,6
3131604,MG,Sudeste,0,1,2,2,3,4,1,3,6
3131703,MG,Sudeste,0,0,0,1,0,2,6,6,1
3131802,MG,Sudeste,1,2,3,0,2,6,5,7,3
3131901,MG,Sudeste,0,0,0,1,0,2,6,6,1
3132008,MG,Sudeste,1,1,3,0,2,6,5,7,0
3132107,MG,Sudeste,0,1,3,4,2,6,0,4,0
3132206,MG,Sudeste,0,0,0,1,0,6,0,4,8
3132305,MG,Sudeste,1,2,3,0,2,6,5,7,0
3132404,MG,Sudeste,0,0,0,1,0,3,4,1,4
3132503,MG,Sudeste,1,2,1,2,1,4,1,3,6
3132602,MG,Sudeste,0,1,2,4,4,1,0,5,0
3132701,MG,Sudeste,1,2,3,0,2,6,0,4,0
3132800,MG,Sudeste,0,1,2,4,4,1,0,5,0
3132909,MG,Sudeste,0,1,2,4,4,1,0,5,7
3133006,MG,Sudeste,0,0,0,1,0,2,6,6,1
3133105,MG,Sudeste,0,1,2,4,4,1,0,5,7
3133204,MG,Sudeste,1,2,3,0,2,6,5,7,0
3133303,MG,Sudeste,0,0,0,4,4,3,0,4,8
3133402,MG,Sudeste,0,1,2,4,4,1,0,4,8
3133501,MG,Sudeste,0,1,0,1,0,1,0,4,8
3133600,MG,Sudeste,0,0,0,1,0,4,1,4,6
3133709,MG,Sudeste,0,0,0,1,0,2,6,6,1
3133758,MG,Sudeste,0,0,0,1,0,2,6,6,1
3133808,MG,Sudeste,0,0,0,1,0,3,4,1,4
3133907,MG,Sudeste,0,1,3,4,2,6,0,7,0
3134004,MG,Sudeste,1,2,3,0,2,6,5,7,0
3134103,MG,Sudeste,0,1,2,4,4,1,0,5,0
3134202,MG,Sudeste,0,0,0,1,0,3,4,1,4
3134301,MG,Sudeste,0,1,2,4,4,1,0,5,0
3134400,MG,Sudeste,0,0,0,1,0,2,6,6,1
3134509,MG,Sudeste,0,1,2,4,4,1,0,5,7
3134608,MG,Sudeste,1,2,1,3,2,6,5,7,0
3134707,MG,Sudeste,1,2,3,0,2,6,5,7,0
3134806,MG,Sudeste,0,1,2,4,4,1,0,2,2
3134905,MG,Sudeste,0,0,0,1,0,2,6,6,8
3135001,MG,Sudeste,0,1,0,1,0,2,6,6,1
3135050,MG,Sudeste,0,1,2,2,2,6,5,4,8
3135076,MG,Sudeste,1,2,3,0,2,6,5,7,0
3135100,MG,Sudeste,0,0,0,1,0,3,4,4,8
3135209,MG,Sudeste,1,2,1,3,1,5,2,0,5
3135308,MG,Sudeste,0,1,2,4,4,1,3,5,7
3135357,MG,Sudeste,1,1,3,0,2,6,5,7,0
3135407,MG,Sudeste,0,0,0,1,0,2,6,6,1
3135456,MG,Sudeste,1,2,1,4,4,1,0,4,0
3135506,MG,Sudeste,0,1,2,4,4,1,0,4,0
3135605,MG,Sudeste,0,1,2,2,3,4,0,2,0
3135704,MG,Sudeste,0,1,2,4,4,1,3,5,7
3135803,MG,Sudeste,1,2,3,0,2,6,5,7,0
3135902,MG,Sudeste,1,2,2,2,3,4,1,3,6
3136009,MG,Sudeste,1,1,3,0,2,6,5,7,0
3136108,MG,Sudeste,0,1,0,1,0,2,6,6,1
3136207,MG,Sudeste,0,0,0,1,0,3,6,6,1
3136306,MG,Sudeste,0,0,0,1,0,3,4,4,8
3136405,MG,Sudeste,0,1,2,4,4,1,0,5,7
3136504,MG,Sudeste,0,1,2,4,4,1,0,5,0
3136520,MG,Sudeste,1,2,3,0,2,6,5,7,0
3136553,MG,Sudeste,1,1,3,0,2,6,5,7,0
3136579,MG,Sudeste,1,2,3,0,2,6,5,7,3
3136603,MG,Sudeste,0,1,2,4,4,1,0,5,7
3136652,MG,Sudeste,0,0,0,1,0,2,6,6,1
3136702,MG,Sudeste,0,0,0,1,0,3,4,1,4
3136801,MG,Sudeste,1,2,3,0,2,6,5,7,0
3136900,MG,Sudeste,1,2,3,2,2,6,5,7,0
3136959,MG,Sudeste,0,1,3,0,2,6,5,7,0
3137007,MG,Sudeste,1,2,1,3,1,5,2,0,5
3137106,MG,Sudeste,0,1,2,2,3,4,3,2,2
3137205,MG,Sudeste,0,0,0,1,0,3,6,6,8
3137304,MG,Sudeste,0,1,2,4,4,1,0,5,7
3137403,MG,Sudeste,1,2,3,2,2,6,1,3,6
3137502,MG,Sudeste,0,1,2,2,3,4,1,2,2
3137536,MG,Sudeste,0,1,2,2,3,4,0,4,6
3137601,MG,Sudeste,0,0,0,1,0,3,4,1,8
3137700,MG,Sudeste,1,2,1,3,2,6,5,7,3
3137809,MG,Sudeste,0,0,0,4,4,3,0,4,8
3137908,MG,Sudeste,0,1,2,4,4,1,0,5,7
3138005,MG,Sudeste,1,2,3,0,2,6,5,7,0
3138104,MG,Sudeste,0,1,2,2,3,4,1,3,6
3138203,MG,Sudeste,0,0,0,1,0,3,4,1,4
3138302,MG,Sudeste,0,1,2,4,4,1,0,5,7
3138351,MG,Sudeste,0,1,2,4,4,1,0,7,0
3138401,MG,Sudeste,0,0,0,1,0,3,4,4,8
3138500,MG,Sudeste,0,1,2,4,3,1,3,2,2
3138609,MG,Sudeste,0,1,3,2,2,6,5,4,0
3138625,MG,Sudeste,0,1,2,4,4,1,0,5,7
3138658,MG,Sudeste,1,2,3,0,2,6,5,7,0
3138674,MG,Sudeste,1,2,1,3,1,5,2,3,6
3138682,MG,Sudeste,1,2,3,0,2,6,5,7,0
3138708,MG,Sudeste,0,1,2,4,4,1,0,5,7
3138807,MG,Sudeste,0,1,2,4,4,1,0,4,8
3138906,MG,Sudeste,0,1,2,4,2,6,0,4,0
3139003,MG,Sudeste,0,0,0,1,4,1,0,4,8
3139102,MG,Sudeste,0,1,2,2,3,4,3,2,2
3139201,MG,Sudeste,0,1,2,4,2,6,0,4,0
3139250,MG,Sudeste,1,2,3,0,2,6,5,7,3
3139300,MG,Sudeste,1,2,3,0,2,6,5,7,0
3139409,MG,Sudeste,0,0,0,1,0,3,4,1,4
3139508,MG,Sudeste,0,0,0,1,0,3,0,4,8
3139607,MG,Sudeste,0,0,0,1,0,3,0,4,8
3139706,MG,Sudeste,0,1,0,1,0,2,6,6,1
3139805,MG,Sudeste,0,1,2,4,4,1,0,4,8
3139904,MG,Sudeste,0,1,3,4,2,6,0,7,0
3140001,MG,Sudeste,0,0,0,1,0,2,6,6,1
3140100,MG,Sudeste,0,1,2,4,4,1,0,5,7
3140159,MG,Sudeste,0,1,2,4,4,1,0,4,0
3140209,MG,Sudeste,0,1,2,4,4,1,0,5,7
3140308,MG,Sudeste,0,1,2,4,4,1,0,5,0
3140407,MG,Sudeste,1,2,3,0,2,6,5,7,3
3140506,MG,Sudeste,0,1,2,4,4,1,0,4,8
3140530,MG,Sudeste,1,2,1,3,1,6,1,7,6
3140555,MG,Sudeste,0,1,3,4,2,6,0,7,0
3140605,MG,Sudeste,0,1,2,4,4,1,3,5,0
3140704,MG,Sudeste,0,0,0,1,0,3,4,4,8
3140803,MG,Sudeste,0,0,0,1,0,2,0,4,8
3140852,MG,Sudeste,1,2,1,3,1,5,2,0,3
3140902,MG,Sudeste,0,1,2,4,4,1,0,4,8
3141009,MG,Sudeste,1,2,3,0,2,6,5,4,0
3141108,MG,Sudeste,0,0,0,1,0,2,6,6,1
3141207,MG,Sudeste,0,1,2,4,4,1,3,2,2
3141306,MG,Sudeste,0,1,2,2,3,4,3,2,2
3141405,MG,Sudeste,1,2,3,0,2,6,5,7,0
3141504,MG,Sudeste,1,2,3,0,2,6,5,7,0
3141603,MG,Sudeste,0,1,3,0,2,6,0,7,0
3141702,MG,Sudeste,1,2,3,0,2,6,5,7,0
3141801,MG,Sudeste,1,2,1,3,1,5,2,0,5
3141900,MG,Sudeste,0,1,2,4,4,1,3,5,7
3142007,MG,Sudeste,0,1,2,4,4,1,0,4,0
3142106,MG,Sudeste,1,1,3,0,2,6,5,7,0
3142205,MG,Sudeste,0,0,0,1,0,2,0,4,8
3142254,MG,Sudeste,1,2,3,0,2,6,5,7,0
3142304,MG,Sudeste,1,2,3,0,2,6,5,7,3
3142403,MG,Sudeste,0,1,2,2,2,6,0,4,0
3142502,MG,Sudeste,0,1,2,4,4,1,0,4,8
3142601,MG,Sudeste,0,1,2,4,4,1,0,4,8
3142700,MG,Sudeste,1,2,3,0,2,6,5,7,0
3142809,MG,Sudeste,0,1,2,2,3,4,1,3,6
3142908,MG,Sudeste,1,2,1,3,1,5,2,0,5
3143005,MG,Sudeste,0,1,0,2,0,4,0,4,8
3143104,MG,Sudeste,0,0,0,1,0,3,0,4,8
3143153,MG,Sudeste,1,2,3,0,2,6,5,7,3
3143203,MG,Sudeste,0,1,2,4,4,1,0,5,8
3143302,MG,Sudeste,0,0,0,1,0,3,4,1,4
3143401,MG,Sudeste,0,0,0,1,2,6,0,4,8
3143450,MG,Sudeste,1,2,3,0,2,6,5,7,3
3143500,MG,Sudeste,0,1,2,2,3,4,1,3,6
3143609,MG,Sudeste,1,1,3,2,3,4,5,7,2
3143708,MG,Sudeste,1,2,3,0,2,6,5,7,0
3143807,MG,Sudeste,1,2,3,0,2,6,5,7,0
3143906,MG,Sudeste,0,0,0,1,0,3,4,1,4
3144003,MG,Sudeste,1,0,1,3,1,3,4,4,8
3144102,MG,Sudeste,0,1,2,2,3,4,0,4,8
3144201,MG,Sudeste,0,1,3,0,2,6,5,7,0
3144300,MG,Sudeste,0,0,0,1,0,3,4,4,8
3144359,MG,Sudeste,0,1,2,4,4,1,0,4,0
3144375,MG,Sudeste,0,1,2,4,4,1,0,5,7
3144409,MG,Sudeste,1,2,3,0,5,0,7,8,9
3144508,MG,Sudeste,0,0,0,1,0,2,6,6,1
3144607,MG,Sudeste,1,2,1,2,3,4,1,3,6
3144656,MG,Sudeste,1,2,3,0,2,6,5,7,3
3144672,MG,Sudeste,1,2,1,0,5,0,7,8,9
3144706,MG,Sudeste,0,0,0,1,0,3,0,4,8
3144805,MG,Sudeste,0,0,0,1,0,2,6,6,1
3144904,MG,Sudeste,1,2,3,0,2,6,5,7,3
3145000,MG,Sudeste,0,0,0,1,0,2,6,6,1
3145059,MG,Sudeste,0,1,2,2,2,6,0,2,0
3145109,MG,Sudeste,0,1,2,2,3,4,1,3,6
3145208,MG,Sudeste,0,0,0,1,0,3,4,1,4
3145307,MG,Sudeste,1,2,1,3,1,5,2,0,5
3145356,MG,Sudeste,1,2,3,0,2,6,5,7,0
3145372,MG,Sudeste,1,2,3,0,2,6,5,7,3
3145406,MG,Sudeste,0,1,3,0,2,6,5,7,0
3145455,MG,Sudeste,1,1,1,2,3,4,1,3,6
3145505,MG,Sudeste,0,1,2,4,4,1,0,5,7
3145604,MG,Sudeste,0,0,0,1,0,3,4,4,8
3145703,MG,Sudeste,0,1,2,2,3,4,1,2,2
3145802,MG,Sudeste,0,1,2,4,4,1,3,5,7
3145851,MG,Sudeste,0,1,2,4,4,1,0,4,0
3145877,MG,Sudeste,1,2,1,3,1,5,2,0,5
3145901,MG,Sudeste,0,0,0,1,0,2,6,6,1
3146008,MG,Sudeste,0,0,0,1,0,3,0,4,8
3146107,MG,Sudeste,0,0,0,1,0,2,6,6,1
3146206,MG,Sudeste,1,2,3,0,2,6,5,7,3
3146255,MG,Sudeste,1,2,3,0,2,6,5,7,0
3146305,MG,Sudeste,1,2,3,0,2,6,5,7,0
3146404,MG,Sudeste,0,1,2,4,4,1,0,5,7
3146503,MG,Sudeste,0,0,0,1,0,2,6,6,1
3146552,MG,Sudeste,1,1,3,0,2,6,5,7,0
3146602,MG,Sudeste,0,1,2,0,2,6,5,2,0
3146701,MG,Sudeste,1,1,3,0,2,6,5,7,0
3146750,MG,Sudeste,0,1,2,4,4,1,0,7,0
3146909,MG,Sudeste,0,1,2,4,4,1,0,5,7
3147006,MG,Sudeste,0,0,0,1,0,3,6,6,1
3147105,MG,Sudeste,0,0,0,1,0,3,4,1,4
3147204,MG,Sudeste,0,0,0,1,0,3,0,4,8
3147303,MG,Sudeste,0,0,0,4,4,1,0,4,8
3147402,MG,Sudeste,0,0,0,1,0,3,0,4,8
3147501,MG,Sudeste,1,2,3,0,2,6,5,7,0
3147600,MG,Sudeste,0,0,0,1,0,2,6,4,8
3147709,MG,Sudeste,0,0,0,1,0,2,6,6,1
3147808,MG,Sudeste,0,1,2,4,4,1,3,2,2
3147907,MG,Sudeste,0,0,0,1,0,3,4,1,4
3147956,MG,Sudeste,1,2,3,0,2,6,5,7,0
3148004,MG,Sudeste,0,0,0,1,0,3,4,1,4
3148103,MG,Sudeste,0,0,0,1,0,3,4,1,8
3148202,MG,Sudeste,0,1,2,4,2,6,0,4,0
3148301,MG,Sudeste,0,1,2,4,4,1,0,2,0
3148400,MG,Sudeste,1,1,3,0,2,6,5,7,0
3148509,MG,Sudeste,1,2,3,0,2,6,5,7,0
3148608,MG,Sudeste,1,1,3,0,2,6,5,7,0
3148707,MG,Sudeste,1,2,1,0,2,6,5,7,0
3148756,MG,Sudeste,1,1,3,0,2,6,5,7,0
3148806,MG,Sudeste,0,1,2,4,4,1,3,2,2
3148905,MG,Sudeste,0,1,2,2,3,4,1,2,2
3149002,MG,Sudeste,0,1,2,4,4,1,0,2,0
3149101,MG,Sudeste,1,2,1,3,2,6,5,7,3
3149150,MG,Sudeste,1,2,3,0,2,6,5,7,3
3149200,MG,Sudeste,0,1,2,4,4,1,3,5,7
3149309,MG,Sudeste,0,0,0,1,0,3,4,1,8
3149408,MG,Sudeste,0,1,2,4,4,1,0,5,0
3149507,MG,Sudeste,0,1,2,4,4,1,0,2,0
3149606,MG,Sudeste,0,1,2,2,3,4,0,2,0
3149705,MG,Sudeste,0,0,0,1,0,2,0,4,8
3149804,MG,Sudeste,0,1,2,2,3,4,1,3,6
3149903,MG,Sudeste,0,0,0,1,0,2,6,4,8
3149952,MG,Sudeste,0,1,2,4,4,1,0,4,0
3150000,MG,Sudeste,1,1,3,0,2,6,5,7,0
3150109,MG,Sudeste,0,1,2,4,4,1,0,5,7
3150158,MG,Sudeste,1,2,3,0,2,6,5,7,0
3150208,MG,Sudeste,0,1,2,4,4,1,0,5,0
3150307,MG,Sudeste,0,1,2,4,4,1,3,2,7
3150406,MG,Sudeste,0,1,3,2,2,6,5,2,2
3150505,MG,Sudeste,0,1,2,4,4,1,0,5,2
3150539,MG,Sudeste,0,1,2,4,4,1,0,5,0
3150570,MG,Sudeste,1,2,3,0,5,0,7,8,0
3150604,MG,Sudeste,0,0,0,1,0,2,6,6,1
3150703,MG,Sudeste,0,0,0,4,4,2,6,6,1
3150802,MG,Sudeste,0,1,3,0,2,6,5,7,0
3150901,MG,Sudeste,1,2,3,0,2,6,5,7,0
3151008,MG,Sudeste,0,1,2,4,4,1,0,4,8
3151107,MG,Sudeste,0,0,0,1,0,2,6,6,1
3151206,MG,Sudeste,0,0,0,1,0,2,6,6,1
3151305,MG,Sudeste,0,1,2,4,4,1,0,4,8
3151404,MG,Sudeste,0,0,0,1,0,3,0,4,8
3151503,MG,Sudeste,0,0,0,1,0,3,4,4,8
3151602,MG,Sudeste,0,0,0,1,0,2,6,6,1
3151701,MG,Sudeste,0,1,2,2,3,4,1,4,8
3151800,MG,Sudeste,0,0,0,1,0,3,4,1,4
3151909,MG,Sudeste,1,2,3,0,2,6,5,7,0
3152006,MG,Sudeste,0,0,0,1,0,3,0,4,8
3152105,MG,Sudeste,0,0,0,1,0,3,4,4,8
3152131,MG,Sudeste,1,2,3,0,2,6,5,7,0
3152170,MG,Sudeste,1,2,3,0,2,6,5,7,3
3152204,MG,Sudeste,1,2,1,3,2,6,0,4,0
3152303,MG,Sudeste,0,1,2,4,4,1,0,4,0
3152402,MG,Sudeste,1,2,3,0,2,6,5,7,0
3152501,MG,Sudeste,0,0,0,1,0,3,4,1,4
3152600,MG,Sudeste,0,1,2,4,4,2,6,6,1
3152709,MG,Sudeste,0,1,2,2,3,2,6,4,8
3152808,MG,Sudeste,0,0,0,2,3,4,1,3,6
3152907,MG,Sudeste,0,1,2,4,4,1,0,5,7
3153004,MG,Sudeste,0,1,2,2,3,4,3,2,2
3153103,MG,Sudeste,1,2,3,0,2,6,5,7,3
3153202,MG,Sudeste,0,1,2,4,4,1,0,5,0
3153301,MG,Sudeste,0,1,3,0,5,0,0,8,0
3153400,MG,Sudeste,0,1,2,2,3,4,1,3,6
3153509,MG,Sudeste,1,2,1,3,1,5,1,3,6
3153608,MG,Sudeste,0,0,0,4,4,1,0,4,8
3153707,MG,Sudeste,0,1,2,4,3,1,3,2,2
3153806,MG,Sudeste,0,1,2,4,4,1,3,2,2
3153905,MG,Sudeste,0,0,0,1,0,2,6,4,8
3154002,MG,Sudeste,0,0,0,4,4,3,0,4,8
3154101,MG,Sudeste,0,1,2,4,4,1,0,5,0
3154150,MG,Sudeste,0,1,3,0,2,6,5,7,0
3154200,MG,Sudeste,1,2,3,0,2,6,5,7,0
3154309,MG,Sudeste,0,1,2,0,2,6,5,4,0
3154408,MG,Sudeste,0,0,0,1,0,2,6,6,1
3154457,MG,Sudeste,0,1,2,2,3,4,1,2,2
3154507,MG,Sudeste,0,0,0,1,0,2,6,6,1
3154606,MG,Sudeste,0,0,0,1,0,3,4,1,4
3154705,MG,Sudeste,0,1,3,2,2,6,5,7,0
3154804,MG,Sudeste,0,0,0,1,0,2,6,4,8
3154903,MG,Sudeste,1,2,3,0,2,6,5,7,0
3155009,MG,Sudeste,0,1,2,4,4,1,0,5,7
3155108,MG,Sudeste,1,2,3,0,2,6,5,7,0
3155207,MG,Sudeste,0,1,2,4,4,1,0,5,7
3155306,MG,Sudeste,0,1,2,4,4,1,0,5,7
3155405,MG,Sudeste,0,1,2,4,4,1,0,4,0
3155504,MG,Sudeste,0,1,2,2,3,4,1,3,6
3155603,MG,Sudeste,1,2,1,3,1,5,2,0,5
3155702,MG,Sudeste,0,0,0,1,0,2,6,6,1
3155801,MG,Sudeste,0,0,0,1,0,3,0,4,8
3155900,MG,Sudeste,1,1,3,0,2,6,5,7,0
3156007,MG,Sudeste,1,2,3,0,2,6,5,7,3
3156106,MG,Sudeste,0,1,2,2,2,6,5,7,0
3156205,MG,Sudeste,0,0,0,4,4,2,6,6,1
3156304,MG,Sudeste,0,0,0,1,0,2,6,6,1
3156403,MG,Sudeste,0,1,2,2,3,4,3,2,2
3156452,MG,Sudeste,1,2,3,0,2,6,5,7,0
3156502,MG,Sudeste,1,2,3,0,2,6,5,7,3
3156601,MG,Sudeste,1,2,3,0,2,6,5,7,0
3156700,MG,Sudeste,0,0,0,1,0,3,4,1,4
3156809,MG,Sudeste,0,1,2,0,2,6,5,7,0
3156908,MG,Sudeste,0,0,0,1,0,4,6,4,8
3157005,MG,Sudeste,0,0,0,1,0,3,4,4,8
3157104,MG,Sudeste,1,2,3,0,5,0,7,8,0
3157203,MG,Sudeste,0,0,0,1,0,2,6,6,1
3157252,MG,Sudeste,1,2,3,0,2,6,5,7,0
3157278,MG,Sudeste,0,1,2,2,3,4,5,2,2
3157302,MG,Sudeste,0,1,2,4,4,1,0,5,0
3157336,MG,Sudeste,0,1,2,4,4,1,0,4,0
3157377,MG,Sudeste,1,2,3,0,2,6,5,7,3
3157401,MG,Sudeste,0,1,2,4,4,1,0,5,0
3157500,MG,Sudeste,1,2,3,0,2,6,5,7,3
3157609,MG,Sudeste,0,1,3,0,2,6,5,7,0
3157658,MG,Sudeste,1,2,3,0,2,6,5,7,0
3157708,MG,Sudeste,0,0,0,1,0,4,1,4,8
3157807,MG,Sudeste,0,0,0,1,0,3,4,1,4
3157906,MG,Sudeste,1,2,1,3,1,5,2,3,6
3158003,MG,Sudeste,0,0,1,3,1,3,0,4,8
3158102,MG,Sudeste,0,1,3,4,2,6,5,7,0
3158201,MG,Sudeste,1,1,3,0,2,6,5,7,0
3158300,MG,Sudeste,0,1,2,4,4,1,0,5,7
3158409,MG,Sudeste,0,1,2,4,4,1,0,5,7
3158508,MG,Sudeste,1,2,3,0,2,6,5,7,3
3158607,MG,Sudeste,0,1,2,4,4,1,0,7,0
3158706,MG,Sudeste,0,1,2,4,4,1,0,5,7
3158805,MG,Sudeste,0,1,2,4,4,1,0,5,7
3158904,MG,Sudeste,1,2,3,0,2,6,5,7,3
3158953,MG,Sudeste,0,0,0,1,0,3,4,4,8
3159001,MG,Sudeste,0,1,2,4,4,1,0,4,0
3159100,MG,Sudeste,0,1,3,0,2,6,5,7,0
3159209,MG,Sudeste,0,1,2,2,3,4,3,2,2
3159308,MG,Sudeste,0,1,2,4,2,6,0,7,0
3159357,MG,Sudeste,0,1,2,4,4,1,0,4,8
3159407,MG,Sudeste,1,2,1,3,2,6,5,7,3
3159506,MG,Sudeste,1,2,1,3,1,5,1,3,6
3159605,MG,Sudeste,0,0,0,1,0,2,6,6,8
3159704,MG,Sudeste,0,1,3,2,3,4,5,2,2
3159803,MG,Sudeste,0,1,2,4,4,1,0,4,8
3159902,MG,Sudeste,0,1,2,4,4,1,0,4,8
3160009,MG,Sudeste,0,1,2,4,4,1,3,5,7
3160108,MG,Sudeste,0,1,2,4,4,1,0,5,7
3160207,MG,Sudeste,1,1,3,0,2,6,5,7,0
3160306,MG,Sudeste,1,2,1,3,1,5,2,0,5
3160405,MG,Sudeste,0,0,2,2,3,4,1,3,6
3160454,MG,Sudeste,1,2,3,0,2,6,5,7,0
3160504,MG,Sudeste,0,1,3,0,2,6,5,7,0
3160603,MG,Sudeste,1,1,3,0,2,6,5,7,0
3160702,MG,Sudeste,0,0,0,1,0,3,4,4,8
3160801,MG,Sudeste,0,1,2,4,4,1,0,5,7
3160900,MG,Sudeste,0,1,2,4,4,1,0,4,0
3160959,MG,Sudeste,0,1,2,4,2,6,5,7,0
3161007,MG,Sudeste,1,2,3,0,2,6,5,7,0
3161056,MG,Sudeste,0,1,2,4,4,1,0,5,7
3161106,MG,Sudeste,1,2,1,3,2,6,5,7,0
3161205,MG,Sudeste,0,1,2,4,4,1,0,5,7
3161304,MG,Sudeste,0,1,2,2,3,4,0,2,2
3161403,MG,Sudeste,0,1,2,4,4,1,0,5,7
3161502,MG,Sudeste,0,0,0,1,0,2,6,4,8
3161601,MG,Sudeste,0,1,2,4,4,1,0,5,0
3161650,MG,Sudeste,1,2,3,0,2,6,0,7,0
3161700,MG,Sudeste,0,1,2,2,3,4,1,2,2
3161809,MG,Sudeste,0,1,2,4,4,1,0,4,8
3161908,MG,Sudeste,0,0,0,1,0,2,6,6,1
3162005,MG,Sudeste,0,0,0,1,0,1,0,4,8
3162104,MG,Sudeste,0,0,0,1,0,3,0,4,8
3162203,MG,Sudeste,0,1,2,4,4,1,0,5,7
3162252,MG,Sudeste,0,1,2,4,4,1,0,5,0
3162302,MG,Sudeste,1,1,3,0,2,6,5,7,0
3162401,MG,Sudeste,1,2,3,0,2,6,5,7,3
3162450,MG,Sudeste,1,1,3,0,2,6,0,7,0
3162500,MG,Sudeste,0,0,0,1,0,3,4,1,8
3162559,MG,Sudeste,0,1,2,4,4,1,0,4,0
3162575,MG,Sudeste,1,2,3,0,2,6,5,7,0
3162609,MG,Sudeste,0,1,2,4,4,1,0,2,0
3162658,MG,Sudeste,1,1,3,0,2,6,5,7,0
3162708,MG,Sudeste,1,2,3,0,2,6,5,7,3
3162807,MG,Sudeste,1,2,3,0,2,6,5,7,0
3162906,MG,Sudeste,0,0,0,4,4,1,0,4,8
3162922,MG,Sudeste,0,0,0,1,0,3,4,4,8
3162948,MG,Sudeste,0,0,0,1,0,2,6,6,1
3162955,MG,Sudeste,0,0,0,1,0,3,6,4,8
3163003,MG,Sudeste,1,2,3,0,2,6,5,7,0
3163102,MG,Sudeste,0,1,2,2,3,4,1,3,6
3163201,MG,Sudeste,0,1,2,4,4,1,0,5,7
3163300,MG,Sudeste,0,1,3,0,2,6,5,7,0
3163409,MG,Sudeste,1,1,3,0,2,6,5,7,0
3163508,MG,Sudeste,1,2,3,0,2,6,5,7,0
3163607,MG,Sudeste,1,1,3,0,2,6,5,7,0
3163706,MG,Sudeste,0,0,0,1,0,3,4,4,8
3163805,MG,Sudeste,0,1,2,4,4,1,0,2,0
3163904,MG,Sudeste,0,1,2,2,3,4,1,2,2
3164001,MG,Sudeste,0,1,2,4,2,6,0,4,0
3164100,MG,Sudeste,0,1,2,4,4,1,0,4,0
3164209,MG,Sudeste,1,1,3,2,2,6,5,7,2
3164308,MG,Sudeste,0,1,2,2,3,4,1,3,6
3164407,MG,Sudeste,0,0,0,1,0,2,6,6,8
3164431,MG,Sudeste,0,1,3,0,2,6,5,7,0
3164472,MG,Sudeste,0,1,2,4,4,1,0,2,0
3164506,MG,Sudeste,0,1,2,4,2,6,0,7,0
3164605,MG,Sudeste,0,0,0,1,0,2,6,6,1
3164704,MG,Sudeste,0,0,0,1,0,3,4,1,4
3164803,MG,Sudeste,0,1,2,4,4,1,0,2,0
3164902,MG,Sudeste,0,1,3,0,2,6,5,7,0
3165008,MG,Sudeste,0,1,2,2,3,4,0,2,2
3165107,MG,Sudeste,0,1,2,4,4,1,0,5,7
3165206,MG,Sudeste,0,1,2,4,4,1,0,5,7
3165305,MG,Sudeste,0,1,2,4,4,1,0,5,7
3165404,MG,Sudeste,1,2,3,0,5,0,7,8,9
3165503,MG,Sudeste,0,1,3,0,2,6,5,7,0
3165537,MG,Sudeste,0,0,0,1,0,2,6,6,1
3165552,MG,Sudeste,1,2,1,3,1,5,2,0,5
3165560,MG,Sudeste,1,1,3,0,2,6,5,7,0
3165578,MG,Sudeste,0,1,2,4,4,1,0,5,7
3165602,MG,Sudeste,0,1,3,0,2,6,5,7,0
3165701,MG,Sudeste,0,1,2,4,4,1,0,4,0
3165800,MG,Sudeste,0,1,2,4,4,1,3,5,7
3165909,MG,Sudeste,1,2,3,2,2,4,1,3,6
3166006,MG,Sudeste,0,1,2,4,2,6,5,7,0
3166105,MG,Sudeste,1,1,3,0,2,6,5,7,0
3166204,MG,Sudeste,1,2,3,0,2,6,5,7,0
3166303,MG,Sudeste,1,2,3,0,2,6,5,7,3
3166402,MG,Sudeste,0,1,2,2,2,6,0,2,0
3166501,MG,Sudeste,0,1,2,4,4,1,0,5,0
3166600,MG,Sudeste,0,1,2,4,4,1,3,5,7
3166709,MG,Sudeste,1,2,3,0,2,6,5,7,0
3166808,MG,Sudeste,0,1,2,2,3,4,1,3,6
3166907,MG,Sudeste,0,1,2,4,4,1,0,5,7
3166956,MG,Sudeste,1,2,3,0,2,6,5,7,0
3167004,MG,Sudeste,0,1,2,0,2,6,5,2,0
3167103,MG,Sudeste,0,1,2,4,4,1,0,4,8
3167202,MG,Sudeste,0,0,0,1,0,3,4,1,4
3167301,MG,Sudeste,0,1,2,4,2,6,5,7,0
3167400,MG,Sudeste,0,1,2,4,4,1,0,5,7
3167509,MG,Sudeste,0,0,0,4,4,2,6,6,1
3167608,MG,Sudeste,1,2,3,0,2,6,5,7,3
3167707,MG,Sudeste,1,2,3,0,2,6,5,7,0
3167806,MG,Sudeste,1,2,3,0,2,6,5,7,0
3167905,MG,Sudeste,0,1,2,2,2,6,0,4,0
3168002,MG,Sudeste,0,0,0,4,4,3,0,4,8
3168051,MG,Sudeste,1,2,3,0,2,6,5,7,3
3168101,MG,Sudeste,0,0,0,1,0,2,6,6,1
3168200,MG,Sudeste,0,1,2,2,3,4,3,2,2
3168309,MG,Sudeste,0,1,2,4,4,1,0,4,0
3168408,MG,Sudeste,0,1,2,4,4,1,0,4,0
3168507,MG,Sudeste,0,1,2,4,4,1,0,4,8
3168606,MG,Sudeste,1,0,0,1,0,3,4,1,4
3168705,MG,Sudeste,0,0,0,1,0,3,6,6,4
3168804,MG,Sudeste,0,1,3,0,2,6,5,7,0
3168903,MG,Sudeste,0,1,2,2,3,4,1,3,6
3169000,MG,Sudeste,0,1,2,4,4,1,0,4,8
3169059,MG,Sudeste,0,1,3,2,2,6,5,2,2
3169109,MG,Sudeste,1,2,3,0,2,6,5,7,3
3169208,MG,Sudeste,0,1,2,4,4,1,0,4,0
3169307,MG,Sudeste,0,0,0,1,0,3,4,1,8
3169356,MG,Sudeste,0,0,0,1,0,2,6,6,1
3169406,MG,Sudeste,0,0,0,1,0,3,4,4,8
3169505,MG,Sudeste,1,2,3,0,2,6,5,7,0
3169604,MG,Sudeste,0,0,0,1,0,3,0,4,8
3169703,MG,Sudeste,0,1,2,2,3,4,0,4,8
3169802,MG,Sudeste,0,1,2,2,3,4,3,2,2
3169901,MG,Sudeste,0,0,0,1,0,3,4,1,4
3170008,MG,Sudeste,1,2,3,0,2,6,5,7,0
3170057,MG,Sudeste,0,1,2,4,2,6,0,7,0
3170107,MG,Sudeste,0,0,0,1,0,3,4,1,4
3170206,MG,Sudeste,0,0,0,1,0,3,4,1,4
3170305,MG,Sudeste,0,1,2,2,3,4,1,2,2
3170404,MG,Sudeste,0,0,0,1,0,3,4,4,8
3170438,MG,Sudeste,0,1,2,4,4,1,3,5,7
3170479,MG,Sudeste,0,1,2,4,4,1,3,5,7
3170503,MG,Sudeste,0,0,0,1,0,2,0,4,8
3170529,MG,Sudeste,1,2,3,0,5,0,7,8,9
3170578,MG,Sudeste,1,2,3,0,2,6,5,7,0
3170602,MG,Sudeste,1,1,3,0,2,6,5,7,2
3170651,MG,Sudeste,1,1,3,2,2,6,5,7,0
3170701,MG,Sudeste,0,0,0,1,0,3,4,1,4
3170750,MG,Sudeste,0,1,2,2,3,4,1,3,6
3170800,MG,Sudeste,0,0,0,1,0,3,4,4,8
3170909,MG,Sudeste,1,2,3,0,2,6,5,7,3
3171006,MG,Sudeste,0,0,0,1,0,2,6,6,8
3171030,MG,Sudeste,1,2,1,3,1,5,2,0,5
3171071,MG,Sudeste,0,1,2,2,3,4,3,2,2
3171105,MG,Sudeste,0,1,2,2,3,4,3,2,2
3171154,MG,Sudeste,0,1,2,4,4,1,0,5,7
3171204,MG,Sudeste,0,0,0,1,0,3,4,1,4
3171303,MG,Sudeste,0,0,0,1,0,3,4,4,8
3171402,MG,Sudeste,1,2,3,0,2,6,5,7,0
3171501,MG,Sudeste,0,1,2,4,4,1,0,5,7
3171600,MG,Sudeste,1,2,1,3,1,5,2,0,3
3171709,MG,Sudeste,1,2,1,3,1,5,1,3,6
3171808,MG,Sudeste,0,1,2,4,4,1,0,5,7
3171907,MG,Sudeste,0,1,2,4,4,1,0,5,0
3172004,MG,Sudeste,0,0,0,1,0,2,6,6,1
3172103,MG,Sudeste,1,2,1,3,2,6,5,7,0
3172202,MG,Sudeste,0,1,2,4,4,1,0,5,0
3200102,ES,Sudeste,1,2,1,3,2,6,5,4,8
3200136,ES,Sudeste,0,1,2,4,4,1,0,4,8
3200169,ES,Sudeste,1,2,1,3,2,6,5,4,0
3200201,ES,Sudeste,0,0,0,1,0,3,0,4,8
3200300,ES,Sudeste,1,0,1,3,1,3,1,4,6
3200359,ES,Sudeste,1,2,3,0,2,6,5,7,3
3200409,ES,Sudeste,0,0,0,1,0,3,6,6,1
3200508,ES,Sudeste,1,1,3,0,2,6,5,7,0
3200607,ES,Sudeste,0,0,0,1,0,3,4,1,4
3200706,ES,Sudeste,0,0,0,1,0,2,6,6,1
3200805,ES,Sudeste,0,0,0,1,0,2,6,6,1
3200904,ES,Sudeste,1,0,0,1,0,3,4,1,4
3201001,ES,Sudeste,0,1,2,2,3,4,0,2,0
3201100,ES,Sudeste,0,1,2,4,4,1,0,4,8
3201159,ES,Sudeste,0,1,2,2,3,4,1,3,6
3201209,ES,Sudeste,0,0,0,1,0,3,4,1,4
3201308,ES,Sudeste,1,0,0,1,0,3,4,1,4
3201407,ES,Sudeste,0,0,0,1,0,3,6,4,8
3201506,ES,Sudeste,0,0,0,1,0,3,4,1,4
3201605,ES,Sudeste,1,2,1,3,1,5,2,4,5
3201704,ES,Sudeste,0,1,2,4,4,1,0,4,8
3201803,ES,Sudeste,0,1,2,2,3,4,5,2,0
3201902,ES,Sudeste,0,0,0,1,0,3,4,4,8
3202009,ES,Sudeste,0,1,2,4,4,1,0,4,8
3202108,ES,Sudeste,1,2,1,0,2,6,0,4,8
3202207,ES,Sudeste,0,0,0,1,2,6,5,4,8
3202256,ES,Sudeste,1,2,1,3,1,5,1,4,6
3202306,ES,Sudeste,0,0,0,1,0,3,0,4,8
3202405,ES,Sudeste,1,0,0,1,0,3,4,1,4
3202454,ES,Sudeste,1,2,3,0,2,6,5,7,3
3202504,ES,Sudeste,0,0,0,1,0,3,0,4,8
3202553,ES,Sudeste,0,1,2,4,4,1,0,5,7
3202603,ES,Sudeste,0,1,2,4,4,1,0,4,8
3202652,ES,Sudeste,1,2,1,3,1,5,1,3,6
3202702,ES,Sudeste,0,2,1,3,1,5,1,3,6
3202801,ES,Sudeste,0,0,0,1,0,2,6,6,1
3202900,ES,Sudeste,0,0,1,1,0,3,1,4,8
3203007,ES,Sudeste,1,2,1,2,2,6,5,4,0
3203056,ES,Sudeste,1,0,1,3,1,3,4,4,8
3203106,ES,Sudeste,1,2,3,0,2,6,5,7,0
3203130,ES,Sudeste,0,0,0,1,0,3,0,4,8
3203163,ES,Sudeste,0,1,3,0,5,0,0,4,8
3203205,ES,Sudeste,0,0,0,1,0,3,4,1,4
3203304,ES,Sudeste,1,2,3,0,2,6,0,4,0
3203320,ES,Sudeste,0,0,0,1,0,2,6,6,1
3203346,ES,Sudeste,1,2,1,3,1,5,1,3,6
3203353,ES,Sudeste,1,2,1,3,1,5,2,0,5
3203403,ES,Sudeste,1,2,1,3,1,5,2,0,3
3203502,ES,Sudeste,0,1,2,4,4,3,0,4,8
3203601,ES,Sudeste,0,1,2,4,4,1,0,5,7
3203700,ES,Sudeste,0,1,2,2,3,4,1,2,2
3203809,ES,Sudeste,1,2,3,0,2,6,5,7,0
3203908,ES,Sudeste,1,0,1,3,1,5,2,0,5
3204005,ES,Sudeste,1,2,3,0,2,6,5,7,3
3204054,ES,Sudeste,0,1,3,0,2,6,0,4,0
3204104,ES,Sudeste,1,0,1,1,0,3,1,4,6
3204203,ES,Sudeste,0,0,0,1,0,2,6,6,1
3204252,ES,Sudeste,0,1,2,4,4,1,0,5,0
3204302,ES,Sudeste,0,0,0,1,0,2,6,6,1
3204351,ES,Sudeste,1,2,1,3,1,5,2,3,6
3204401,ES,Sudeste,1,2,1,3,1,5,2,0,5
3204500,ES,Sudeste,1,2,1,3,1,5,1,3,6
3204559,ES,Sudeste,0,0,1,2,3,4,1,3,6
3204609,ES,Sudeste,0,1,2,2,2,6,0,4,8
3204658,ES,Sudeste,1,0,3,0,2,2,5,6,1
3204708,ES,Sudeste,1,0,1,3,1,3,4,4,8
3204807,ES,Sudeste,1,2,3,0,2,6,5,7,0
3204906,ES,Sudeste,1,0,1,3,1,3,4,1,4
3204955,ES,Sudeste,0,1,2,2,3,4,0,2,2
3205002,ES,Sudeste,0,0,0,1,0,3,4,1,4
3205010,ES,Sudeste,0,0,0,1,2,6,5,4,8
3205036,ES,Sudeste,1,0,1,3,1,3,4,4,8
3205069,ES,Sudeste,0,0,0,1,0,3,0,4,8
3205101,ES,Sudeste,0,0,0,1,0,3,4,1,4
3205150,ES,Sudeste,1,2,1,3,1,5,2,0,3
3205176,ES,Sudeste,1,2,1,3,1,5,1,3,6
3205200,ES,Sudeste,0,0,0,1,0,3,4,1,4
3205309,ES,Sudeste,0,0,0,1,0,3,4,1,4
3300100,RJ,Sudeste,0,0,0,1,0,3,4,1,4
3300159,RJ,Sudeste,0,1,2,4,4,1,0,4,0
3300209,RJ,Sudeste,0,0,0,1,0,3,4,1,4
3300225,RJ,Sudeste,0,0,0,1,0,3,0,4,8
3300233,RJ,Sudeste,0,0,0,1,0,3,6,6,1
3300258,RJ,Sudeste,0,0,0,1,0,2,6,6,1
3300308,RJ,Sudeste,0,0,0,1,0,3,4,1,4
3300407,RJ,Sudeste,0,0,0,1,0,3,4,1,4
3300456,RJ,Sudeste,1,0,1,3,1,3,4,1,4
3300506,RJ,Sudeste,1,2,1,3,1,5,5,7,3
3300605,RJ,Sudeste,1,2,1,3,1,5,2,0,3
3300704,RJ,Sudeste,0,0,0,1,0,3,4,1,4
3300803,RJ,Sudeste,1,0,1,3,1,5,2,0,5
3300902,RJ,Sudeste,0,1,2,4,4,1,0,4,8
3300936,RJ,Sudeste,1,2,3,0,2,6,5,7,3
3300951,RJ,Sudeste,0,0,0,1,0,2,6,6,1
3301009,RJ,Sudeste,0,0,0,1,0,3,4,1,4
3301108,RJ,Sudeste,0,0,0,1,0,2,6,6,8
3301157,RJ,Sudeste,1,2,3,0,2,6,5,7,3
3301207,RJ,Sudeste,0,0,0,1,0,3,6,4,8
3301306,RJ,Sudeste,0,0,0,1,0,3,4,1,4
3301405,RJ,Sudeste,1,2,3,0,2,6,5,7,0
3301504,RJ,Sudeste,0,0,0,1,0,3,0,4,0
3301603,RJ,Sudeste,1,2,3,0,2,6,5,7,3
3301702,RJ,Sudeste,0,0,0,1,0,3,4,1,4
3301801,RJ,Sudeste,1,2,3,0,2,6,5,7,0
3301850,RJ,Sudeste,1,0,0,1,0,3,4,4,4
3301876,RJ,Sudeste,1,2,1,3,2,6,5,7,0
3301900,RJ,Sudeste,1,0,0,1,0,3,4,1,4
3302007,RJ,Sudeste,0,0,0,1,0,3,4,1,4
3302056,RJ,Sudeste,1,2,1,3,1,5,2,4,8
3302106,RJ,Sudeste,1,2,3,0,2,6,5,7,3
3302205,RJ,Sudeste,1,0,1,3,1,3,4,1,4
3302254,RJ,Sudeste,0,0,0,1,0,2,6,6,1
3302270,RJ,Sudeste,1,2,1,3,1,5,2,0,5
3302304,RJ,Sudeste,0,1,2,4,4,1,0,4,8
3302403,RJ,Sudeste,0,0,0,1,0,3,4,1,4
3302452,RJ,Sudeste,0,1,2,4,4,1,0,4,8
3302502,RJ,Sudeste,1,2,1,3,1,3,4,1,4
3302601,RJ,Sudeste,0,0,0,1,0,3,4,1,4
3302700,RJ,Sudeste,0,0,0,1,0,2,6,6,1
3302809,RJ,Sudeste,1,2,3,0,5,0,7,8,9
3302858,RJ,Sudeste,1,0,1,3,1,3,4,1,4
3302908,RJ,Sudeste,1,0,1,3,1,3,4,4,8
3303005,RJ,Sudeste,1,2,1,3,1,5,2,4,5
3303104,RJ,Sudeste,0,1,3,0,2,6,5,7,0
3303203,RJ,Sudeste,0,0,0,1,0,3,4,1,4
3303302,RJ,Sudeste,0,0,0,1,0,3,4,1,4
3303401,RJ,Sudeste,1,0,1,3,1,3,4,1,4
3303500,RJ,Sudeste,1,0,1,3,1,3,4,1,4
3303609,RJ,Sudeste,0,0,0,1,0,3,4,4,8
3303708,RJ,Sudeste,0,0,0,1,0,3,4,4,4
3303807,RJ,Sudeste,1,0,1,3,1,5,2,0,5
3303856,RJ,Sudeste,1,2,1,3,1,5,2,4,8
3303906,RJ,Sudeste,0,0,0,1,0,3,4,1,4
3303955,RJ,Sudeste,0,0,0,1,0,3,6,4,8
3304003,RJ,Sudeste,0,0,0,1,0,2,6,6,1
3304102,RJ,Sudeste,1,2,1,3,2,6,5,4,0
3304110,RJ,Sudeste,0,0,0,1,0,2,6,6,1
3304128,RJ,Sudeste,0,1,3,0,2,6,5,7,0
3304144,RJ,Sudeste,1,0,1,3,1,3,4,1,4
3304151,RJ,Sudeste,0,0,0,1,0,2,6,6,1
3304201,RJ,Sudeste,0,0,0,1,0,3,4,1,4
3304300,RJ,Sudeste,1,0,1,3,1,3,4,1,4
3304409,RJ,Sudeste,0,1,2,2,2,6,0,4,0
3304508,RJ,Sudeste,0,0,0,1,0,2,6,4,8
3304524,RJ,Sudeste,0,0,0,1,0,3,4,1,4
3304557,RJ,Sudeste,1,0,0,1,0,3,4,1,4
3304607,RJ,Sudeste,1,2,3,0,2,6,5,7,3
3304706,RJ,Sudeste,0,0,0,1,0,3,4,4,4
3304755,RJ,Sudeste,1,2,1,3,1,5,2,0,3
3304805,RJ,Sudeste,1,2,3,0,2,6,5,7,3
3304904,RJ,Sudeste,1,0,1,3,1,3,4,1,4
3305000,RJ,Sudeste,0,0,0,1,0,2,6,6,1
3305109,RJ,Sudeste,1,0,1,3,1,3,4,1,4
3305133,RJ,Sudeste,1,2,3,0,2,6,5,7,3
3305158,RJ,Sudeste,0,1,2,2,3,4,1,7,0
3305208,RJ,Sudeste,1,0,1,3,1,3,4,1,4
3305307,RJ,Sudeste,1,1,3,0,2,6,5,7,0
3305406,RJ,Sudeste,0,0,0,1,0,3,1,4,8
3305505,RJ,Sudeste,0,0,0,1,0,2,6,6,1
3305554,RJ,Sudeste,0,0,0,1,0,3,4,1,4
3305604,RJ,Sudeste,1,2,1,3,1,5,2,0,3
3305703,RJ,Sudeste,1,2,1,3,1,5,2,0,5
3305752,RJ,Sudeste,1,2,1,3,1,3,4,4,5
3305802,RJ,Sudeste,1,0,0,1,0,3,4,1,4
3305901,RJ,Sudeste,1,2,3,0,2,6,5,7,3
3306008,RJ,Sudeste,0,0,0,1,0,3,4,1,4
3306107,RJ,Sudeste,1,0,0,1,0,3,4,1,4
3306156,RJ,Sudeste,1,2,3,0,2,6,5,7,3
3306206,RJ,Sudeste,0,0,0,1,0,3,4,4,8
3306305,RJ,Sudeste,0,0,0,1,0,3,4,1,4
3500105,SP,Sudeste,0,0,0,1,0,3,0,4,8
3500204,SP,Sudeste,0,1,2,4,4,1,3,5,7
3500303,SP,Sudeste,0,0,0,1,0,3,6,4,8
3500402,SP,Sudeste,0,1,3,2,3,4,1,7,6
3500501,SP,Sudeste,0,1,2,4,4,1,0,4,8
3500550,SP,Sudeste,0,1,2,4,4,1,3,5,7
3500600,SP,Sudeste,0,1,2,4,4,1,0,5,7
3500709,SP,Sudeste,0,0,0,1,0,2,6,6,1
3500758,SP,Sudeste,0,1,2,2,3,4,1,2,2
3500808,SP,Sudeste,0,1,2,4,4,1,0,5,7
3500907,SP,Sudeste,0,1,2,4,4,1,3,5,7
3501004,SP,Sudeste,0,1,2,4,4,1,3,5,7
3501103,SP,Sudeste,0,1,2,2,3,4,3,2,2
3501152,SP,Sudeste,0,0,0,1,0,2,6,6,1
3501202,SP,Sudeste,0,1,2,2,3,4,3,2,2
3501301,SP,Sudeste,0,0,0,1,0,3,0,4,8
3501400,SP,Sudeste,0,1,2,4,4,1,0,2,0
3501509,SP,Sudeste,0,1,2,2,3,4,5,2,2
3501608,SP,Sudeste,0,0,0,1,0,3,4,1,4
3501707,SP,Sudeste,0,0,0,1,0,3,6,4,8
3501806,SP,Sudeste,0,1,2,4,4,1,0,5,7
3501905,SP,Sudeste,0,0,0,1,0,2,6,6,1
3502002,SP,Sudeste,0,1,2,4,4,1,0,5,7
3502101,SP,Sudeste,0,0,0,1,0,3,4,1,8
3502200,SP,Sudeste,0,0,0,1,0,2,6,6,1
3502309,SP,Sudeste,0,1,2,4,4,1,0,5,7
3502408,SP,Sudeste,0,1,2,4,4,1,0,5,7
3502507,SP,Sudeste,0,0,0,1,0,3,4,4,8
3502606,SP,Sudeste,0,1,2,4,4,1,0,5,7
3502705,SP,Sudeste,0,0,0,1,0,3,4,4,8
3502754,SP,Sudeste,0,0,0,1,0,2,6,6,1
3502804,SP,Sudeste,0,0,0,1,0,3,4,1,4
3502903,SP,Sudeste,0,0,0,1,0,3,4,4,8
3503000,SP,Sudeste,0,1,2,4,4,1,0,5,7
3503109,SP,Sudeste,0,1,2,2,3,4,1,5,7
3503158,SP,Sudeste,0,1,3,0,2,6,5,7,0
3503208,SP,Sudeste,0,0,0,1,0,3,4,1,4
3503307,SP,Sudeste,0,0,0,1,0,3,4,1,4
3503356,SP,Sudeste,0,1,2,2,3,4,3,2,2
3503406,SP,Sudeste,0,1,2,2,3,4,3,2,2
3503505,SP,Sudeste,1,1,3,0,2,6,5,7,0
3503604,SP,Sudeste,0,1,2,4,4,1,0,4,8
3503703,SP,Sudeste,0,0,0,4,4,2,6,6,8
3503802,SP,Sudeste,0,0,0,1,0,3,4,4,8
3503901,SP,Sudeste,0,0,0,1,0,3,4,1,4
3503950,SP,Sudeste,0,1,2,4,4,1,0,5,7
3504008,SP,Sudeste,0,0,0,1,0,3,4,1,4
3504107,SP,Sudeste,0,0,0,1,0,3,4,1,4
3504206,SP,Sudeste,0,1,2,4,4,1,0,5,8
3504305,SP,Sudeste,0,1,2,4,4,1,3,5,7
3504404,SP,Sudeste,0,0,0,1,0,2,6,6,8
3504503,SP,Sudeste,0,0,0,1,0,3,4,1,4
3504602,SP,Sudeste,0,0,0,1,0,3,4,4,8
3504701,SP,Sudeste,0,1,2,4,4,1,0,2,2
3504800,SP,Sudeste,0,1,2,4,4,1,0,4,8
3504909,SP,Sudeste,1,2,3,0,2,6,5,7,3
3505005,SP,Sudeste,0,1,2,2,3,4,3,2,2
3505104,SP,Sudeste,0,1,2,4,5,0,0,8,9
3505203,SP,Sudeste,0,0,0,1,0,3,6,4,8
3505302,SP,Sudeste,0,0,0,1,0,2,6,4,8
3505351,SP,Sudeste,1,2,1,3,1,5,1,3,6
3505401,SP,Sudeste,1,2,3,0,2,6,5,7,0
3505500,SP,Sudeste,0,0,0,1,0,3,4,1,4
3505609,SP,Sudeste,0,0,0,1,0,3,4,4,8
3505708,SP,Sudeste,0,0,0,1,0,3,4,1,4
3505807,SP,Sudeste,0,0,2,2,3,4,1,3,6
3505906,SP,Sudeste,0,0,0,1,0,3,4,4,8
3506003,SP,Sudeste,0,0,0,1,0,3,4,1,4
3506102,SP,Sudeste,0,0,0,1,0,3,4,1,4
3506201,SP,Sudeste,0,1,2,4,4,1,3,5,7
3506300,SP,Sudeste,0,1,2,4,4,1,0,4,8
3506359,SP,Sudeste,1,0,0,1,0,3,4,1,4
3506409,SP,Sudeste,0,1,2,4,4,1,3,5,7
3506508,SP,Sudeste,0,0,0,1,0,3,4,1,4
3506607,SP,Sudeste,0,1,2,2,3,4,1,3,6
3506706,SP,Sudeste,0,1,2,2,3,4,0,2,2
3506805,SP,Sudeste,0,1,2,4,4,1,0,4,8
3506904,SP,Sudeste,0,1,3,2,2,6,5,7,0
3507001,SP,Sudeste,0,0,0,1,0,3,4,1,4
3507100,SP,Sudeste,0,0,0,1,0,2,6,6,1
3507159,SP,Sudeste,0,1,2,4,4,1,0,4,8
3507209,SP,Sudeste,0,1,2,4,4,1,3,5,7
3507308,SP,Sudeste,0,0,0,1,0,2,6,6,1
3507407,SP,Sudeste,0,1,2,4,4,1,0,5,7
3507456,SP,Sudeste,0,1,2,4,4,1,0,5,7
3507506,SP,Sudeste,0,0,0,1,0,3,4,1,4
3507605,SP,Sudeste,0,0,0,1,0,3,4,1,4
3507704,SP,Sudeste,0,1,2,4,4,1,0,5,7
3507753,SP,Sudeste,0,1,2,4,4,1,0,5,7
3507803,SP,Sudeste,0,0,0,1,0,3,0,4,8
3507902,SP,Sudeste,0,0,0,1,0,2,6,4,8
3508009,SP,Sudeste,0,1,2,2,3,4,1,3,6
3508108,SP,Sudeste,0,0,0,1,0,2,6,6,8
3508207,SP,Sudeste,0,1,2,4,4,2,6,6,7
3508306,SP,Sudeste,0,1,2,4,4,1,0,2,2
3508405,SP,Sudeste,0,0,0,1,0,3,4,1,4
3508504,SP,Sudeste,0,0,0,1,0,3,4,1,4
3508603,SP,Sudeste,0,0,0,1,0,3,4,4,8
3508702,SP,Sudeste,0,1,2,4,4,1,0,5,7
3508801,SP,Sudeste,0,1,2,4,4,1,0,4,8
3508900,SP,Sudeste,0,1,2,2,3,4,3,2,2
3509007,SP,Sudeste,0,0,0,1,0,3,4,1,4
3509106,SP,Sudeste,0,1,2,4,4,1,0,2,0
3509205,SP,Sudeste,0,0,0,1,0,3,4,1,4
3509254,SP,Sudeste,0,0,0,1,0,2,6,6,1
3509304,SP,Sudeste,0,1,2,4,4,1,0,5,7
3509403,SP,Sudeste,0,0,0,1,0,3,0,4,8
3509452,SP,Sudeste,0,1,2,4,4,1,0,5,7
3509502,SP,Sudeste,0,0,0,1,0,3,4,1,4
3509601,SP,Sudeste,0,0,0,1,0,3,4,1,4
3509700,SP,Sudeste,0,0,0,1,0,3,4,4,8
3509809,SP,Sudeste,0,1,2,4,4,1,3,5,7
3509908,SP,Sudeste,0,1,2,2,2,6,0,4,8
3509957,SP,Sudeste,0,1,2,4,4,1,0,4,8
3510005,SP,Sudeste,0,0,0,1,0,3,0,4,8
3510104,SP,Sudeste,0,1,2,4,4,1,3,2,2
3510153,SP,Sudeste,0,0,0,4,4,2,6,6,8
3510203,SP,Sudeste,0,0,1,1,1,3,4,4,6
3510302,SP,Sudeste,0,0,0,4,4,3,0,4,8
3510401,SP,Sudeste,0,0,0,1,0,3,4,1,4
3510500,SP,Sudeste,0,0,0,1,0,3,4,1,4
3510609,SP,Sudeste,1,0,0,1,0,3,4,1,4
3510708,SP,Sudeste,0,1,2,4,4,1,0,4,8
3510807,SP,Sudeste,0,0,0,1,0,3,1,4,8
3510906,SP,Sudeste,0,1,2,2,3,4,3,2,2
3511003,SP,Sudeste,0,0,0,1,0,2,6,6,1
3511102,SP,Sudeste,0,0,0,1,0,3,4,1,4
3511201,SP,Sudeste,0,1,2,4,4,1,0,5,7
3511300,SP,Sudeste,0,0,0,1,0,2,6,6,8
3511409,SP,Sudeste,0,0,0,1,0,2,6,4,8
3511508,SP,Sudeste,0,0,0,1,0,3,4,1,8
3511607,SP,Sudeste,0,0,0,1,0,3,0,4,8
3511706,SP,Sudeste,0,0,0,1,0,2,6,4,8
3511904,SP,Sudeste,0,1,2,4,4,1,0,5,7
3512001,SP,Sudeste,0,0,0,1,0,2,6,6,8
3512100,SP,Sudeste,0,1,2,2,3,4,1,3,6
3512209,SP,Sudeste,0,0,0,1,0,3,6,4,8
3512308,SP,Sudeste,0,2,3,2,3,4,1,4,6
3512407,SP,Sudeste,0,0,0,1,0,2,6,6,1
3512506,SP,Sudeste,0,1,2,4,4,1,0,5,7
3512605,SP,Sudeste,0,1,2,4,4,1,3,5,7
3512704,SP,Sudeste,0,1,2,4,4,1,0,5,7
3512803,SP,Sudeste,0,0,0,1,0,3,4,1,4
3512902,SP,Sudeste,0,1,2,4,4,1,6,5,7
3513009,SP,Sudeste,0,0,0,1,0,3,4,1,4
3513108,SP,Sudeste,0,0,0,1,0,3,4,4,8
3513207,SP,Sudeste,0,1,2,4,4,1,3,5,7
3513306,SP,Sudeste,0,1,2,2,3,4,1,2,2
3513405,SP,Sudeste,0,0,0,1,0,3,4,1,4
3513504,SP,Sudeste,0,0,0,1,0,2,6,6,1
3513603,SP,Sudeste,1,2,1,3,1,5,2,0,5
3513702,SP,Sudeste,0,0,0,1,0,2,6,6,8
3513801,SP,Sudeste,0,0,0,1,0,3,4,1,4
3513850,SP,Sudeste,0,1,2,2,3,4,6,2,2
3513900,SP,Sudeste,0,1,2,4,4,1,0,4,8
3514007,SP,Sudeste,0,1,2,4,4,1,0,4,8
3514106,SP,Sudeste,0,0,0,1,0,3,0,4,8
3514205,SP,Sudeste,0,1,2,4,4,1,3,2,2
3514304,SP,Sudeste,0,0,0,1,0,2,6,6,1
3514403,SP,Sudeste,0,0,0,1,0,3,4,4,8
3514502,SP,Sudeste,0,1,2,4,4,1,0,5,8
3514601,SP,Sudeste,0,0,0,1,0,1,0,4,8
3514700,SP,Sudeste,0,1,2,4,4,1,0,5,7
3514809,SP,Sudeste,1,2,1,3,1,5,1,3,6
3514908,SP,Sudeste,0,0,0,1,0,2,6,6,1
3514924,SP,Sudeste,0,1,2,4,4,1,0,5,7
3514957,SP,Sudeste,0,1,2,2,5,0,7,8,9
3515004,SP,Sudeste,0,0,0,1,0,3,4,1,4
3515103,SP,Sudeste,1,0,0,1,0,3,4,1,4
3515129,SP,Sudeste,0,1,2,4,4,1,3,5,7
3515152,SP,Sudeste,0,1,0,1,0,1,0,4,8
3515186,SP,Sudeste,0,0,0,1,0,3,4,4,8
3515194,SP,Sudeste,0,1,2,4,4,1,0,5,7
3515202,SP,Sudeste,0,0,0,1,0,2,6,6,1
3515301,SP,Sudeste,0,1,2,2,3,4,3,2,2
3515350,SP,Sudeste,1,1,3,0,2,6,5,7,0
3515400,SP,Sudeste,0,1,2,4,4,1,0,5,7
3515509,SP,Sudeste,0,0,0,1,0,3,4,4,8
3515608,SP,Sudeste,0,1,2,4,4,1,3,5,7
3515657,SP,Sudeste,0,1,2,2,3,4,1,2,2
3515707,SP,Sudeste,0,0,0,1,0,3,4,1,4
3515806,SP,Sudeste,0,1,2,4,4,1,3,2,2
3515905,SP,Sudeste,0,1,2,4,4,1,3,5,7
3516002,SP,Sudeste,0,1,2,4,4,1,0,5,8
3516101,SP,Sudeste,0,1,2,4,4,1,3,5,7
3516200,SP,Sudeste,0,0,0,1,0,3,4,1,4
3516309,SP,Sudeste,1,0,1,3,1,3,4,1,4
3516408,SP,Sudeste,0,0,0,1,0,3,4,1,4
3516507,SP,Sudeste,0,1,2,4,4,1,0,5,7
3516606,SP,Sudeste,0,1,2,4,4,1,0,5,7
3516705,SP,Sudeste,0,0,0,1,0,3,4,4,8
3516804,SP,Sudeste,0,1,2,4,4,1,0,5,7
3516853,SP,Sudeste,0,0,0,1,0,2,6,6,1
3516903,SP,Sudeste,0,1,2,4,4,1,0,4,8
3517000,SP,Sudeste,0,1,2,4,4,1,0,5,7
3517109,SP,Sudeste,0,1,2,4,4,1,0,5,7
3517208,SP,Sudeste,0,1,2,4,4,1,0,4,8
3517307,SP,Sudeste,0,0,0,1,0,2,6,6,1
3517406,SP,Sudeste,0,0,0,1,0,2,6,6,8
3517505,SP,Sudeste,0,0,0,1,0,2,6,4,8
3517604,SP,Sudeste,0,1,2,2,3,4,1,3,6
3517703,SP,Sudeste,0,1,0,4,4,1,0,4,8
3517802,SP,Sudeste,0,1,2,4,4,1,3,5,7
3517901,SP,Sudeste,0,1,2,4,4,1,0,5,7
3518008,SP,Sudeste,0,1,3,0,5,0,7,8,9
3518107,SP,Sudeste,0,1,2,2,3,4,0,2,2
3518206,SP,Sudeste,0,0,0,1,0,3,0,4,8
3518305,SP,Sudeste,0,0,0,1,0,3,4,4,8
3518404,SP,Sudeste,0,0,0,1,0,3,4,1,4
3518503,SP,Sudeste,1,2,3,0,2,6,5,7,3
3518602,SP,Sudeste,0,0,0,1,0,3,4,4,8
3518701,SP,Sudeste,0,0,0,1,0,3,4,1,4
3518800,SP,Sudeste,0,0,0,1,0,3,4,1,4
3518859,SP,Sudeste,0,1,2,4,4,1,3,5,7
3518909,SP,Sudeste,0,1,2,4,4,1,0,5,7
3519006,SP,Sudeste,0,1,2,2,3,4,1,3,6
3519055,SP,Sudeste,0,1,2,2,3,4,1,3,6
3519071,SP,Sudeste,0,0,0,1,0,3,4,1,4
3519105,SP,Sudeste,0,1,2,4,4,1,0,5,8
3519204,SP,Sudeste,0,1,2,4,4,1,0,5,7
3519253,SP,Sudeste,0,1,2,2,3,4,0,4,0
3519303,SP,Sudeste,0,0,0,1,0,3,6,6,8
3519402,SP,Sudeste,0,1,2,4,4,1,0,5,7
3519501,SP,Sudeste,0,1,2,4,4,1,0,5,7
3519600,SP,Sudeste,0,0,0,1,0,3,4,1,4
3519709,SP,Sudeste,1,0,1,3,1,3,4,1,4
3519808,SP,Sudeste,0,1,2,4,4,1,0,5,7
3519907,SP,Sudeste,0,1,2,4,4,1,0,5,7
3520004,SP,Sudeste,0,0,0,1,0,3,0,4,8
3520103,SP,Sudeste,0,0,0,1,0,3,0,4,8
3520202,SP,Sudeste,1,2,3,0,2,6,5,4,8
3520301,SP,Sudeste,0,0,0,1,0,2,6,6,1
3520400,SP,Sudeste,0,0,0,1,0,2,6,6,1
3520426,SP,Sudeste,0,0,0,1,0,2,6,6,1
3520442,SP,Sudeste,0,1,2,4,5,0,0,4,8
3520509,SP,Sudeste,0,0,0,1,0,3,4,1,4
3520608,SP,Sudeste,0,1,2,4,4,1,0,2,2
3520707,SP,Sudeste,0,1,2,4,4,1,3,2,2
3520806,SP,Sudeste,0,1,2,4,4,1,0,5,7
3520905,SP,Sudeste,0,0,0,1,0,1,0,4,8
3521002,SP,Sudeste,0,0,0,1,0,3,4,4,8
3521101,SP,Sudeste,0,0,0,1,0,2,6,6,1
3521150,SP,Sudeste,0,1,2,2,3,4,1,4,6
3521200,SP,Sudeste,1,2,1,3,1,5,2,0,5
3521309,SP,Sudeste,0,1,2,2,3,4,0,4,8
3521408,SP,Sudeste,0,0,0,1,0,2,6,6,1
3521507,SP,Sudeste,0,1,2,4,4,1,0,5,7
3521606,SP,Sudeste,0,1,2,4,4,1,0,5,7
3521705,SP,Sudeste,0,1,2,2,3,4,1,3,6
3521804,SP,Sudeste,0,1,2,4,4,1,0,5,7
3521903,SP,Sudeste,0,1,2,4,3,4,3,4,8
3522000,SP,Sudeste,0,1,2,4,4,2,6,6,1
3522109,SP,Sudeste,1,0,1,3,1,3,4,1,4
3522158,SP,Sudeste,1,2,3,0,5,0,7,8,9
3522208,SP,Sudeste,0,0,0,1,0,3,4,1,4
3522307,SP,Sudeste,0,0,0,1,0,3,4,1,4
3522406,SP,Sudeste,0,0,0,1,0,3,4,1,4
3522505,SP,Sudeste,0,0,0,1,0,3,4,1,4
3522604,SP,Sudeste,0,0,0,1,0,2,6,6,1
3522653,SP,Sudeste,1,2,3,0,2,6,5,7,0
3522703,SP,Sudeste,0,0,0,1,0,3,4,4,8
3522802,SP,Sudeste,0,1,2,2,3,4,1,4,6
3522901,SP,Sudeste,0,0,0,1,0,2,6,6,1
3523008,SP,Sudeste,0,1,2,2,3,4,3,2,2
3523107,SP,Sudeste,0,0,0,1,0,3,4,1,4
3523206,SP,Sudeste,0,0,0,1,0,3,4,4,8
3523305,SP,Sudeste,1,1,3,2,3,4,1,3,6
3523404,SP,Sudeste,0,0,0,1,0,3,4,1,4
3523503,SP,Sudeste,0,1,2,2,3,4,0,4,8
3523602,SP,Sudeste,0,0,0,1,0,2,6,4,8
3523701,SP,Sudeste,0,1,2,4,4,1,0,5,7
3523800,SP,Sudeste,0,1,2,4,4,1,0,4,8
3523909,SP,Sudeste,0,0,0,1,0,3,4,1,4
3524006,SP,Sudeste,0,0,0,1,0,2,6,6,1
3524105,SP,Sudeste,0,0,0,1,0,3,6,4,8
3524204,SP,Sudeste,0,1,2,4,4,1,0,5,7
3524303,SP,Sudeste,0,0,0,1,0,3,4,1,8
3524402,SP,Sudeste,0,0,0,1,0,3,4,1,4
3524501,SP,Sudeste,0,0,0,1,0,2,6,6,1
3524600,SP,Sudeste,0,0,1,2,3,4,1,3,6
3524709,SP,Sudeste,0,0,0,1,0,2,6,6,1
3524808,SP,Sudeste,0,0,0,1,0,3,4,1,8
3524907,SP,Sudeste,0,0,0,4,4,2,6,6,1
3525003,SP,Sudeste,0,0,0,1,0,3,4,1,4
3525102,SP,Sudeste,0,0,0,1,0,3,4,4,8
3525201,SP,Sudeste,0,0,0,1,0,3,4,1,8
3525300,SP,Sudeste,0,0,0,1,0,3,4,1,4
3525409,SP,Sudeste,0,1,2,4,4,1,3,5,7
3525508,SP,Sudeste,1,2,1,3,1,5,0,4,8
3525607,SP,Sudeste,0,1,2,2,3,4,3,2,2
3525706,SP,Sudeste,0,0,0,1,0,3,0,4,8
3525805,SP,Sudeste,0,1,2,4,4,1,0,5,7
3525854,SP,Sudeste,0,0,0,4,4,2,6,6,1
3525904,SP,Sudeste,0,0,0,1,0,3,4,1,4
3526001,SP,Sudeste,0,0,0,1,0,1,0,4,8
3526100,SP,Sudeste,1,2,1,2,3,4,1,3,6
3526209,SP,Sudeste,0,0,0,1,0,3,4,4,8
3526308,SP,Sudeste,0,1,2,4,4,1,0,5,7
3526407,SP,Sudeste,0,0,0,1,0,2,6,6,1
3526506,SP,Sudeste,0,1,2,4,4,1,0,5,7
3526605,SP,Sudeste,0,1,2,4,4,1,0,4,8
3526704,SP,Sudeste,0,0,0,1,0,3,4,1,4
3526803,SP,Sudeste,0,0,0,1,0,2,6,6,1
3526902,SP,Sudeste,0,0,0,1,0,3,4,1,4
3527009,SP,Sudeste,0,0,0,1,0,2,6,4,8
3527108,SP,Sudeste,0,0,0,1,0,2,6,6,1
3527207,SP,Sudeste,0,0,0,1,0,3,4,1,4
3527256,SP,Sudeste,0,1,2,4,4,1,0,5,7
3527306,SP,Sudeste,0,0,0,1,0,2,6,6,1
3527405,SP,Sudeste,0,0,0,1,0,1,0,4,8
3527504,SP,Sudeste,0,1,2,4,4,1,3,5,7
3527603,SP,Sudeste,0,0,0,1,0,2,6,6,1
3527702,SP,Sudeste,0,1,2,4,4,1,0,5,7
3527801,SP,Sudeste,0,1,2,4,4,1,0,4,8
3527900,SP,Sudeste,0,1,2,2,3,4,3,2,2
3528007,SP,Sudeste,0,1,0,4,4,1,0,4,8
3528106,SP,Sudeste,0,1,2,4,4,1,0,5,7
3528205,SP,Sudeste,0,1,2,4,3,4,3,2,2
3528304,SP,Sudeste,0,1,2,4,4,1,3,5,7
3528403,SP,Sudeste,0,0,0,1,0,2,6,6,1
3528502,SP,Sudeste,1,0,0,1,0,3,4,1,4
3528601,SP,Sudeste,0,1,2,4,4,1,0,5,7
3528700,SP,Sudeste,0,1,2,2,3,4,3,2,2
3528809,SP,Sudeste,0,1,2,4,4,1,0,5,8
3528858,SP,Sudeste,0,1,0,4,4,2,6,6,1
3528908,SP,Sudeste,0,1,2,2,3,4,1,2,2
3529005,SP,Sudeste,0,0,0,1,0,3,4,1,4
3529104,SP,Sudeste,0,1,2,4,4,1,0,5,7
3529203,SP,Sudeste,0,1,2,4,4,1,0,4,8
3529302,SP,Sudeste,0,0,0,1,0,3,6,6,1
3529401,SP,Sudeste,0,0,0,1,0,3,4,1,4
3529500,SP,Sudeste,0,0,0,4,4,2,6,6,1
3529609,SP,Sudeste,0,0,0,1,0,2,6,6,1
3529658,SP,Sudeste,0,1,2,4,4,1,3,5,7
3529708,SP,Sudeste,0,0,0,1,0,2,6,6,1
3529807,SP,Sudeste,0,1,2,4,4,1,0,4,8
3529906,SP,Sudeste,1,2,3,2,2,6,1,4,6
3530003,SP,Sudeste,0,1,2,2,3,4,1,2,2
3530102,SP,Sudeste,0,0,0,4,4,1,0,4,8
3530201,SP,Sudeste,0,1,0,4,4,1,0,4,8
3530300,SP,Sudeste,0,0,0,1,0,3,4,1,8
3530409,SP,Sudeste,0,1,2,2,3,4,3,2,2
3530508,SP,Sudeste,0,0,0,1,0,3,4,4,8
3530607,SP,Sudeste,1,0,0,1,0,3,4,1,4
3530706,SP,Sudeste,0,0,0,1,0,3,4,1,4
3530805,SP,Sudeste,0,0,0,1,0,3,4,1,4
3530904,SP,Sudeste,0,1,2,2,3,4,1,2,2
3531001,SP,Sudeste,0,1,3,0,5,0,7,8,9
3531100,SP,Sudeste,0,0,0,1,0,3,4,1,4
3531209,SP,Sudeste,0,1,2,4,4,1,0,5,7
3531308,SP,Sudeste,0,0,0,1,0,3,4,4,8
3531407,SP,Sudeste,0,0,0,1,0,3,4,4,8
3531506,SP,Sudeste,0,1,2,4,4,1,0,4,8
3531605,SP,Sudeste,0,1,2,2,3,4,3,2,2
3531704,SP,Sudeste,0,1,2,4,4,1,0,5,0
3531803,SP,Sudeste,0,0,0,1,0,2,6,6,1
3531902,SP,Sudeste,0,0,0,1,0,3,0,4,8
3532009,SP,Sudeste,0,0,0,1,0,2,6,6,1
3532058,SP,Sudeste,0,1,2,2,3,4,1,2,2
3532108,SP,Sudeste,0,1,2,4,4,1,0,5,7
3532157,SP,Sudeste,0,1,2,2,3,4,1,2,2
3532207,SP,Sudeste,0,1,2,4,4,1,0,5,7
3532306,SP,Sudeste,1,2,3,0,2,6,5,7,3
3532405,SP,Sudeste,0,0,0,1,0,3,1,4,8
3532504,SP,Sudeste,0,1,2,4,4,1,0,4,8
3532603,SP,Sudeste,0,1,2,4,4,1,0,4,8
3532702,SP,Sudeste,0,1,2,4,4,1,0,2,2
3532801,SP,Sudeste,0,1,2,4,4,1,0,5,8
3532827,SP,Sudeste,0,0,0,4,4,1,0,4,8
3532843,SP,Sudeste,0,1,2,4,4,1,3,5,7
3532868,SP,Sudeste,0,1,2,2,3,4,3,2,2
3532900,SP,Sudeste,0,0,0,4,4,2,6,6,8
3533007,SP,Sudeste,0,1,2,4,4,1,0,5,7
3533106,SP,Sudeste,0,1,2,4,4,1,0,2,0
3533205,SP,Sudeste,0,1,2,4,4,1,0,5,7
3533254,SP,Sudeste,0,1,2,4,4,1,0,5,7
3533304,SP,Sudeste,0,1,2,4,4,1,0,5,7
3533403,SP,Sudeste,0,0,0,1,0,3,4,1,4
3533502,SP,Sudeste,0,0,0,1,0,3,4,4,8
3533601,SP,Sudeste,0,0,0,1,0,2,6,6,1
3533700,SP,Sudeste,0,1,2,2,3,4,3,5,7
3533809,SP,Sudeste,0,1,2,2,3,4,3,3,2
3533908,SP,Sudeste,0,0,0,1,0,3,4,1,8
3534005,SP,Sudeste,0,1,2,4,4,1,3,5,7
3534104,SP,Sudeste,0,1,2,4,5,0,0,8,9
3534203,SP,Sudeste,0,0,0,1,0,2,6,6,1
3534302,SP,Sudeste,0,0,0,1,0,2,6,6,8
3534401,SP,Sudeste,0,0,0,1,0,3,4,1,4
3534500,SP,Sudeste,0,1,2,2,3,4,3,2,2
3534609,SP,Sudeste,0,0,0,1,0,3,4,4,8
3534708,SP,Sudeste,0,0,0,1,0,3,4,4,8
3534757,SP,Sudeste,0,0,0,1,0,2,6,6,1
3534807,SP,Sudeste,0,1,2,4,4,1,0,4,0
3534906,SP,Sudeste,0,1,2,4,4,1,0,5,7
3535002,SP,Sudeste,0,1,2,2,3,4,0,4,8
3535101,SP,Sudeste,0,1,2,4,4,1,0,4,0
3535200,SP,Sudeste,0,1,2,4,4,1,0,5,7
3535309,SP,Sudeste,0,0,0,4,4,1,0,4,8
3535408,SP,Sudeste,0,1,2,2,3,4,0,4,8
3535507,SP,Sudeste,0,0,0,1,0,3,4,4,8
3535606,SP,Sudeste,1,2,3,0,2,6,5,7,3
3535705,SP,Sudeste,0,1,0,4,4,1,6,5,8
3535804,SP,Sudeste,0,1,2,2,3,4,1,3,6
3535903,SP,Sudeste,0,1,2,2,3,4,1,3,6
3536000,SP,Sudeste,0,0,0,1,0,2,6,6,1
3536109,SP,Sudeste,0,0,0,1,0,2,1,4,8
3536208,SP,Sudeste,0,0,0,2,3,4,1,4,6
3536257,SP,Sudeste,0,1,2,4,4,1,3,5,7
3536307,SP,Sudeste,0,0,0,1,0,2,6,6,1
3536406,SP,Sudeste,0,1,2,4,4,1,0,5,7
3536505,SP,Sudeste,0,0,0,1,0,2,6,6,1
3536570,SP,Sudeste,0,1,2,4,4,1,3,5,7
3536604,SP,Sudeste,0,1,2,2,3,4,1,3,6
3536703,SP,Sudeste,0,0,0,1,0,2,6,6,8
3536802,SP,Sudeste,1,2,1,3,1,5,1,3,6
3536901,SP,Sudeste,0,1,2,4,4,1,3,5,7
3537008,SP,Sudeste,0,0,0,1,0,2,6,6,1
3537107,SP,Sudeste,0,0,0,1,0,3,4,4,8
3537156,SP,Sudeste,0,1,2,2,3,4,1,2,2
3537206,SP,Sudeste,1,2,3,0,2,6,5,7,3
3537305,SP,Sudeste,0,0,0,1,0,3,4,4,8
3537404,SP,Sudeste,0,1,2,4,4,1,0,4,8
3537503,SP,Sudeste,0,0,0,1,0,2,6,6,8
3537602,SP,Sudeste,0,0,0,1,0,3,4,1,4
3537701,SP,Sudeste,0,1,2,4,4,1,0,5,7
3537800,SP,Sudeste,0,0,1,2,3,4,1,3,6
3537909,SP,Sudeste,0,0,0,1,0,3,4,4,8
3538006,SP,Sudeste,0,0,0,1,0,3,4,1,4
3538105,SP,Sudeste,0,0,0,1,0,3,0,4,8
3538204,SP,Sudeste,0,1,1,2,3,4,1,4,6
3538303,SP,Sudeste,0,1,2,4,4,1,0,5,7
3538501,SP,Sudeste,0,0,0,4,4,1,0,4,8
3538600,SP,Sudeste,0,0,0,1,0,3,4,4,8
3538709,SP,Sudeste,0,0,0,1,0,3,4,1,4
3538808,SP,Sudeste,0,0,0,1,0,3,0,4,8
3538907,SP,Sudeste,0,1,2,2,3,4,0,4,8
3539004,SP,Sudeste,0,1,2,4,4,1,0,5,8
3539103,SP,Sudeste,0,0,0,1,0,3,4,4,8
3539202,SP,Sudeste,0,0,0,1,0,2,6,6,8
3539301,SP,Sudeste,0,0,0,1,0,3,4,1,8
3539400,SP,Sudeste,0,1,2,4,4,1,0,4,8
3539509,SP,Sudeste,0,0,0,1,0,3,4,4,8
3539608,SP,Sudeste,0,1,2,4,4,1,0,5,7
3539707,SP,Sudeste,0,1,2,2,3,4,3,2,2
3539806,SP,Sudeste,0,0,0,1,0,3,4,1,4
3539905,SP,Sudeste,0,1,2,2,5,0,7,8,9
3540002,SP,Sudeste,0,0,0,1,0,2,6,6,1
3540101,SP,Sudeste,0,1,2,4,4,1,3,5,7
3540200,SP,Sudeste,0,0,0,1,0,3,4,4,8
3540259,SP,Sudeste,0,1,2,4,4,1,3,5,7
3540309,SP,Sudeste,0,1,2,4,4,1,3,5,7
3540408,SP,Sudeste,0,1,2,4,4,1,3,5,7
3540507,SP,Sudeste,0,1,2,4,4,1,0,5,7
3540606,SP,Sudeste,0,0,0,1,0,3,4,1,8
3540705,SP,Sudeste,0,0,0,1,0,3,6,6,8
3540754,SP,Sudeste,0,0,0,1,0,3,0,4,8
3540804,SP,Sudeste,0,0,0,1,0,2,6,4,8
3540853,SP,Sudeste,1,1,3,0,2,6,5,7,0
3540903,SP,Sudeste,0,0,0,1,0,2,6,6,1
3541000,SP,Sudeste,0,0,0,1,0,3,4,1,4
3541059,SP,Sudeste,0,1,2,4,4,1,0,5,7
3541109,SP,Sudeste,0,1,2,4,4,1,0,5,7
3541208,SP,Sudeste,0,1,2,4,4,1,0,4,8
3541307,SP,Sudeste,0,0,0,1,0,3,4,4,8
3541406,SP,Sudeste,0,0,0,1,0,3,4,1,4
3541505,SP,Sudeste,0,0,0,1,0,3,0,4,8
3541604,SP,Sudeste,0,0,0,1,0,2,6,6,1
3541653,SP,Sudeste,0,1,2,2,3,4,1,2,2
3541703,SP,Sudeste,0,0,0,1,0,2,6,6,1
3541901,SP,Sudeste,0,0,0,1,0,6,0,4,8
3542008,SP,Sudeste,0,0,0,1,0,2,6,4,8
3542107,SP,Sudeste,0,0,0,1,0,2,6,6,1
3542206,SP,Sudeste,0,0,0,1,0,3,0,4,8
3542305,SP,Sudeste,0,1,2,4,4,1,0,5,7
3542404,SP,Sudeste,0,0,0,1,0,3,0,4,8
3542503,SP,Sudeste,0,1,2,2,3,4,0,2,2
3542602,SP,Sudeste,0,0,0,1,0,3,4,1,4
3542701,SP,Sudeste,0,1,2,2,3,4,1,2,2
3542800,SP,Sudeste,1,1,3,2,2,6,5,7,0
3542909,SP,Sudeste,0,1,2,4,4,1,0,4,8
3543006,SP,Sudeste,0,1,2,2,3,4,1,3,6
3543105,SP,Sudeste,0,1,2,4,4,1,3,5,7
3543204,SP,Sudeste,0,1,2,4,4,1,3,5,7
3543238,SP,Sudeste,0,1,2,4,4,1,3,5,7
3543253,SP,Sudeste,0,0,0,1,0,2,6,6,1
3543303,SP,Sudeste,0,0,0,1,0,3,4,1,4
3543402,SP,Sudeste,0,0,0,1,0,3,4,1,4
3543501,SP,Sudeste,0,1,2,4,4,1,0,5,7
3543709,SP,Sudeste,0,1,2,4,4,1,0,4,8
3543808,SP,Sudeste,0,1,2,4,4,1,0,5,7
3543907,SP,Sudeste,0,0,0,1,0,3,4,1,4
3544004,SP,Sudeste,0,0,0,1,0,3,4,4,8
3544103,SP,Sudeste,0,0,0,1,0,3,4,4,8
3544202,SP,Sudeste,0,1,2,4,4,1,0,5,7
3544251,SP,Sudeste,0,0,0,1,0,2,6,6,1
3544301,SP,Sudeste,0,0,0,1,0,2,6,4,8
3544400,SP,Sudeste,0,1,2,2,3,4,3,2,2
3544509,SP,Sudeste,0,1,2,4,4,1,3,2,2
3544608,SP,Sudeste,0,1,2,4,4,1,3,5,7
3544707,SP,Sudeste,0,1,2,4,4,1,3,5,7
3544806,SP,Sudeste,0,1,2,4,4,1,0,5,7
3544905,SP,Sudeste,0,1,2,2,3,4,0,2,2
3545001,SP,Sudeste,0,1,2,2,2,6,0,4,8
3545100,SP,Sudeste,0,1,2,4,4,1,0,2,2
3545159,SP,Sudeste,0,0,0,4,4,1,0,4,8
3545209,SP,Sudeste,0,0,0,1,0,3,4,1,4
3545308,SP,Sudeste,0,0,0,1,0,2,6,6,1
3545407,SP,Sudeste,0,0,0,4,4,1,0,4,8
3545506,SP,Sudeste,0,0,0,1,0,2,6,6,1
3545605,SP,Sudeste,0,1,2,4,4,1,0,4,8
3545704,SP,Sudeste,0,1,2,4,4,1,0,5,7
3545803,SP,Sudeste,0,0,0,1,0,3,4,1,4
3546009,SP,Sudeste,1,0,0,1,0,6,5,4,8
3546108,SP,Sudeste,0,1,2,4,4,1,3,5,7
3546207,SP,Sudeste,0,1,2,4,4,1,0,5,7
3546256,SP,Sudeste,0,1,2,4,4,1,3,5,7
3546306,SP,Sudeste,0,1,2,4,4,1,0,4,8
3546405,SP,Sudeste,0,0,0,1,0,3,4,4,8
3546504,SP,Sudeste,0,1,2,4,4,1,0,5,7
3546603,SP,Sudeste,0,0,0,1,0,3,4,4,8
3546702,SP,Sudeste,0,0,0,1,0,2,6,6,1
3546801,SP,Sudeste,0,0,0,1,0,3,4,1,4
3546900,SP,Sudeste,0,1,2,4,4,1,0,5,7
3547007,SP,Sudeste,0,1,2,4,4,1,0,5,7
3547106,SP,Sudeste,0,1,2,4,4,1,0,5,7
3547304,SP,Sudeste,0,0,0,1,0,3,4,1,4
3547403,SP,Sudeste,0,1,2,2,3,4,1,2,2
3547502,SP,Sudeste,0,0,0,4,4,1,0,4,8
3547601,SP,Sudeste,0,0,0,1,0,2,6,4,8
3547650,SP,Sudeste,0,1,2,4,4,1,0,5,7
3547700,SP,Sudeste,0,1,2,4,4,1,0,4,8
3547809,SP,Sudeste,0,0,0,1,0,3,4,1,4
3547908,SP,Sudeste,0,1,2,2,3,4,3,2,2
3548005,SP,Sudeste,0,0,0,1,0,3,6,4,8
3548054,SP,Sudeste,0,1,2,4,4,1,3,5,7
3548104,SP,Sudeste,0,1,2,4,4,1,3,5,7
3548203,SP,Sudeste,0,2,3,2,2,6,0,4,0
3548302,SP,Sudeste,0,1,2,4,4,1,0,2,0
3548401,SP,Sudeste,0,1,2,4,5,0,0,8,9
3548500,SP,Sudeste,0,0,0,1,0,3,4,1,4
3548609,SP,Sudeste,1,2,1,3,1,5,1,3,6
3548708,SP,Sudeste,0,0,0,1,0,3,4,1,4
3548807,SP,Sudeste,0,0,0,1,0,3,4,1,4
3548906,SP,Sudeste,0,0,0,1,0,3,4,1,4
3549003,SP,Sudeste,0,1,2,4,4,1,0,5,7
3549102,SP,Sudeste,0,0,0,1,0,3,4,1,4
3549201,SP,Sudeste,0,1,2,4,4,1,3,2,2
3549250,SP,Sudeste,0,1,2,4,4,1,3,2,2
3549300,SP,Sudeste,0,1,2,4,4,1,3,5,7
3549409,SP,Sudeste,0,0,0,1,0,3,4,1,8
3549508,SP,Sudeste,0,1,2,4,4,1,0,5,7
3549607,SP,Sudeste,1,2,3,0,2,6,5,7,0
3549706,SP,Sudeste,0,0,0,1,0,3,4,4,8
3549805,SP,Sudeste,0,0,0,1,0,3,4,1,4
3549904,SP,Sudeste,0,0,0,1,0,3,4,1,4
3549953,SP,Sudeste,0,2,3,0,2,6,5,7,0
3550001,SP,Sudeste,0,1,2,4,4,1,0,4,8
3550100,SP,Sudeste,0,0,0,1,0,3,4,4,8
3550209,SP,Sudeste,0,1,2,2,3,4,1,3,6
3550308,SP,Sudeste,0,0,0,1,0,3,4,1,4
3550407,SP,Sudeste,0,0,0,1,0,3,0,4,8
3550506,SP,Sudeste,0,1,2,4,4,1,3,5,7
3550605,SP,Sudeste,0,0,0,1,0,3,4,1,4
3550704,SP,Sudeste,0,0,0,1,0,3,4,1,4
3550803,SP,Sudeste,0,1,2,4,4,1,0,5,7
3550902,SP,Sudeste,0,1,2,4,4,1,0,4,8
3551009,SP,Sudeste,1,0,0,1,0,3,4,1,4
3551108,SP,Sudeste,0,1,2,2,3,4,1,4,6
3551207,SP,Sudeste,0,1,2,4,4,1,3,5,7
3551306,SP,Sudeste,0,0,0,1,0,2,6,6,1
3551405,SP,Sudeste,0,1,2,4,4,1,0,4,0
3551504,SP,Sudeste,0,0,0,1,0,3,4,4,8
3551603,SP,Sudeste,0,0,0,1,0,3,0,4,8
3551702,SP,Sudeste,0,0,0,1,0,3,4,1,4
3551801,SP,Sudeste,1,2,1,2,3,4,1,3,6
3551900,SP,Sudeste,0,1,2,4,4,1,0,4,8
3552007,SP,Sudeste,1,2,3,0,2,6,5,7,0
3552106,SP,Sudeste,0,0,0,1,0,3,4,4,8
3552205,SP,Sudeste,0,0,0,1,0,3,4,1,4
3552304,SP,Sudeste,0,1,2,4,4,1,3,5,7
3552403,SP,Sudeste,0,0,0,1,0,3,4,1,4
3552502,SP,Sudeste,0,0,0,1,0,3,4,1,4
3552551,SP,Sudeste,0,0,0,4,4,2,6,6,1
3552601,SP,Sudeste,0,1,2,4,4,1,0,4,8
3552700,SP,Sudeste,0,1,2,4,4,1,0,5,7
3552809,SP,Sudeste,0,0,0,1,0,3,4,1,4
3552908,SP,Sudeste,0,1,2,2,3,4,1,3,6
3553005,SP,Sudeste,0,1,2,4,4,1,0,4,8
3553104,SP,Sudeste,0,1,2,4,4,1,0,5,7
3553203,SP,Sudeste,0,1,2,4,4,1,0,2,2
3553302,SP,Sudeste,0,0,0,1,0,3,0,4,8
3553401,SP,Sudeste,0,0,0,1,0,2,6,6,8
3553500,SP,Sudeste,0,1,2,4,4,1,1,5,7
3553609,SP,Sudeste,0,1,2,4,4,1,0,4,8
3553658,SP,Sudeste,0,1,3,0,5,0,7,2,2
3553708,SP,Sudeste,0,0,0,1,0,3,4,1,4
3553807,SP,Sudeste,0,0,0,1,0,3,0,4,8
3553856,SP,Sudeste,0,1,2,4,4,1,3,5,7
3553906,SP,Sudeste,0,1,2,4,4,1,0,5,7
3553955,SP,Sudeste,0,0,0,1,0,2,6,6,1
3554003,SP,Sudeste,0,0,0,1,0,3,4,1,4
3554102,SP,Sudeste,0,0,0,1,0,3,4,1,4
3554201,SP,Sudeste,0,1,2,2,3,4,3,2,2
3554300,SP,Sudeste,0,1,2,4,4,1,0,4,8
3554409,SP,Sudeste,0,1,2,4,4,1,0,5,7
3554508,SP,Sudeste,0,0,0,1,0,2,6,6,1
3554607,SP,Sudeste,0,1,2,2,3,4,1,2,2
3554656,SP,Sudeste,0,1,2,4,4,1,0,5,7
3554706,SP,Sudeste,0,1,2,4,4,1,0,5,8
3554755,SP,Sudeste,0,1,2,4,4,1,3,5,7
3554805,SP,Sudeste,0,0,0,1,0,3,4,4,8
3554904,SP,Sudeste,0,1,2,4,4,1,0,5,7
3554953,SP,Sudeste,0,1,2,2,3,4,1,3,6
3555000,SP,Sudeste,0,0,0,1,0,3,4,4,8
3555109,SP,Sudeste,0,1,2,4,4,1,0,4,8
3555208,SP,Sudeste,0,1,2,4,3,4,3,2,2
3555307,SP,Sudeste,0,1,2,4,4,1,3,5,7
3555356,SP,Sudeste,0,0,0,1,0,2,6,6,1
3555406,SP,Sudeste,0,0,0,1,0,3,4,1,4
3555505,SP,Sudeste,0,1,2,4,4,1,0,5,7
3555604,SP,Sudeste,0,0,0,4,4,1,6,6,8
3555703,SP,Sudeste,0,1,2,4,4,1,3,5,7
3555802,SP,Sudeste,0,1,2,4,4,1,0,5,7
3555901,SP,Sudeste,0,1,2,4,4,1,3,5,7
3556008,SP,Sudeste,0,1,2,4,4,1,0,5,7
3556107,SP,Sudeste,0,0,0,1,0,2,6,6,8
3556206,SP,Sudeste,0,0,0,1,0,3,4,1,4
3556305,SP,Sudeste,0,0,0,1,0,2,6,6,8
3556354,SP,Sudeste,1,2,1,3,1,5,2,0,5
3556404,SP,Sudeste,0,0,0,1,0,3,4,4,8
3556453,SP,Sudeste,0,0,0,1,0,3,4,1,4
3556503,SP,Sudeste,0,0,0,1,0,3,4,1,4
3556602,SP,Sudeste,0,1,2,4,4,1,0,4,8
3556701,SP,Sudeste,0,0,0,1,0,2,6,6,1
3556800,SP,Sudeste,0,1,0,4,4,1,0,4,8
3556909,SP,Sudeste,0,0,0,1,4,2,6,6,8
3556958,SP,Sudeste,0,1,2,4,4,1,0,5,7
3557006,SP,Sudeste,0,0,0,1,0,3,4,1,4
3557105,SP,Sudeste,0,0,0,1,0,3,4,1,4
3557154,SP,Sudeste,0,1,2,4,4,1,3,5,7
3557204,SP,Sudeste,0,1,2,4,4,1,0,4,8
3557303,SP,Sudeste,0,0,0,2,5,0,7,8,9
4100103,PR,Sul,0,1,2,2,3,4,1,3,2
4100202,PR,Sul,0,0,0,1,0,2,6,6,1
4100301,PR,Sul,0,1,2,2,3,4,1,3,6
4100400,PR,Sul,1,0,0,1,0,3,4,1,4
4100459,PR,Sul,0,1,2,2,3,4,3,2,2
4100509,PR,Sul,0,1,2,4,4,1,0,4,8
4100608,PR,Sul,0,1,2,2,3,4,1,4,8
4100707,PR,Sul,0,1,2,2,3,4,1,2,2
4100806,PR,Sul,0,1,2,2,3,4,1,3,6
4100905,PR,Sul,0,1,2,2,3,4,3,2,2
4101002,PR,Sul,0,0,0,1,0,3,6,4,8
4101051,PR,Sul,0,1,2,4,4,1,3,5,7
4101101,PR,Sul,0,0,0,1,0,3,6,4,8
4101150,PR,Sul,0,1,2,2,3,4,3,2,2
4101200,PR,Sul,0,0,0,1,0,3,4,4,8
4101309,PR,Sul,0,1,2,2,3,4,3,2,2
4101408,PR,Sul,0,0,0,1,0,3,4,1,4
4101507,PR,Sul,0,0,0,1,0,3,4,1,4
4101606,PR,Sul,0,0,0,1,0,4,1,4,8
4101655,PR,Sul,0,1,2,2,3,4,1,2,2
4101705,PR,Sul,0,1,2,2,3,4,1,3,6
4101804,PR,Sul,0,0,0,1,0,2,6,6,1
4101853,PR,Sul,0,1,2,2,3,4,1,2,2
4101903,PR,Sul,0,1,2,4,4,1,0,5,7
4102000,PR,Sul,0,1,2,4,4,3,0,4,8
4102109,PR,Sul,0,0,0,2,3,4,1,4,8
4102208,PR,Sul,0,1,2,2,3,4,3,2,2
4102307,PR,Sul,0,0,0,1,0,2,6,6,1
4102406,PR,Sul,0,1,2,2,3,4,1,3,6
4102505,PR,Sul,0,1,2,2,3,4,1,2,2
4102604,PR,Sul,1,2,3,0,2,6,5,7,3
4102703,PR,Sul,0,1,2,2,3,4,3,2,2
4102752,PR,Sul,0,1,2,4,4,1,3,5,7
4102802,PR,Sul,0,1,2,2,3,4,1,4,8
4102901,PR,Sul,0,1,2,2,3,4,1,4,6
4103008,PR,Sul,0,1,2,2,3,4,3,2,2
4103024,PR,Sul,0,1,2,2,3,4,3,2,2
4103040,PR,Sul,0,1,2,2,3,4,1,3,6
4103057,PR,Sul,0,1,2,2,3,4,1,2,2
4103107,PR,Sul,1,2,1,3,1,5,2,0,5
4103156,PR,Sul,0,1,2,2,3,4,1,2,2
4103206,PR,Sul,0,1,2,2,3,4,1,3,6
4103222,PR,Sul,0,1,2,4,4,1,3,5,7
4103305,PR,Sul,0,1,2,2,3,4,3,2,2
4103354,PR,Sul,0,1,2,2,3,4,1,3,6
4103370,PR,Sul,0,1,2,2,3,4,1,2,2
4103404,PR,Sul,0,1,2,2,3,4,3,2,2
4103453,PR,Sul,0,0,0,1,0,2,6,6,1
4103479,PR,Sul,0,1,2,2,3,4,3,2,2
4103503,PR,Sul,0,1,2,2,3,4,0,2,2
4103602,PR,Sul,0,0,0,1,0,1,0,4,8
4103701,PR,Sul,0,0,0,1,0,3,4,1,4
4103800,PR,Sul,0,1,2,2,3,4,1,2,6
4103909,PR,Sul,0,1,2,2,3,4,1,3,6
4103958,PR,Sul,0,1,2,2,3,4,1,3,6
4104006,PR,Sul,0,0,0,1,0,3,4,1,4
4104055,PR,Sul,0,1,2,2,3,4,3,2,2
4104105,PR,Sul,0,1,2,2,3,4,1,3,6
4104204,PR,Sul,0,0,0,1,0,3,4,1,4
4104253,PR,Sul,0,0,0,1,0,3,4,4,8
4104303,PR,Sul,0,0,0,1,0,3,4,1,4
4104402,PR,Sul,1,2,1,2,3,4,1,3,6
4104428,PR,Sul,0,1,2,2,3,4,1,3,6
4104451,PR,Sul,0,1,2,2,3,4,1,3,6
4104501,PR,Sul,0,0,0,1,0,2,6,6,8
4104600,PR,Sul,0,0,0,1,0,2,6,6,1
4104659,PR,Sul,0,0,0,2,3,4,1,3,6
4104709,PR,Sul,0,1,2,2,3,4,1,3,6
4104808,PR,Sul,0,0,0,1,0,3,4,1,4
4104907,PR,Sul,0,0,0,1,0,3,4,1,4
4105003,PR,Sul,0,1,2,4,4,1,3,5,7
4105102,PR,Sul,0,1,2,2,3,4,3,2,2
4105201,PR,Sul,1,2,1,3,1,5,2,0,5
4105300,PR,Sul,0,1,2,2,3,4,1,2,2
4105409,PR,Sul,0,1,2,4,4,1,0,4,8
4105508,PR,Sul,0,0,0,1,0,3,4,1,4
4105607,PR,Sul,0,0,0,1,0,2,0,4,8
4105706,PR,Sul,0,1,2,2,3,4,1,2,2
4105805,PR,Sul,0,0,0,1,0,3,4,1,4
4105904,PR,Sul,0,0,0,1,0,3,4,4,8
4106001,PR,Sul,0,1,2,2,3,4,1,2,2
4106100,PR,Sul,0,1,2,4,4,1,3,5,7
4106209,PR,Sul,0,1,2,2,3,4,1,4,6
4106308,PR,Sul,0,1,2,2,3,4,1,3,6
4106407,PR,Sul,0,0,0,1,0,3,4,4,8
4106456,PR,Sul,0,1,2,2,3,4,3,2,2
4106506,PR,Sul,0,0,0,2,3,4,1,4,8
4106555,PR,Sul,0,1,2,2,3,4,3,2,2
4106571,PR,Sul,0,1,2,4,4,1,3,5,7
4106605,PR,Sul,0,0,0,1,0,3,0,4,8
4106704,PR,Sul,0,1,2,2,3,4,3,2,2
4106803,PR,Sul,0,1,2,2,3,4,1,3,6
4106852,PR,Sul,0,1,2,4,4,1,3,5,7
4106902,PR,Sul,0,0,0,1,0,3,4,1,4
4107009,PR,Sul,1,2,1,2,2,6,1,3,6
4107108,PR,Sul,0,0,0,1,0,2,6,6,1
4107124,PR,Sul,0,1,2,2,3,4,1,2,2
4107157,PR,Sul,0,1,2,2,3,4,1,2,2
4107207,PR,Sul,0,0,0,1,0,3,4,4,8
4107256,PR,Sul,0,0,0,2,3,2,6,4,8
4107306,PR,Sul,0,1,2,2,3,4,3,2,2
4107405,PR,Sul,0,1,2,2,3,4,3,2,2
4107504,PR,Sul,0,1,2,2,3,4,1,2,2
4107520,PR,Sul,0,1,2,2,3,4,3,2,2
4107538,PR,Sul,0,1,2,2,3,4,3,2,2
4107546,PR,Sul,0,1,2,2,3,4,1,3,2
4107553,PR,Sul,0,1,2,2,3,4,3,2,2
4107603,PR,Sul,0,1,1,2,3,4,1,3,6
4107652,PR,Sul,0,0,0,1,0,3,4,1,4
4107702,PR,Sul,0,1,2,2,3,4,1,2,2
4107736,PR,Sul,0,1,2,2,3,4,3,2,2
4107751,PR,Sul,0,1,2,2,2,6,0,4,0
4107801,PR,Sul,0,1,2,4,4,1,3,5,7
4107850,PR,Sul,0,1,2,2,3,4,3,2,2
4107900,PR,Sul,0,1,2,4,4,1,0,4,8
4108007,PR,Sul,0,1,2,2,3,4,1,2,8
4108106,PR,Sul,0,1,2,2,3,4,3,2,2
4108205,PR,Sul,0,1,2,4,4,1,3,5,7
4108304,PR,Sul,0,0,0,1,0,3,4,1,4
4108320,PR,Sul,0,1,2,2,3,4,3,2,2
4108403,PR,Sul,0,0,0,1,0,3,4,1,4
4108452,PR,Sul,0,1,2,2,3,4,3,2,2
4108502,PR,Sul,1,2,1,2,1,4,1,3,6
4108551,PR,Sul,0,1,2,2,3,4,3,2,2
4108601,PR,Sul,0,1,0,2,3,4,0,4,8
4108650,PR,Sul,0,1,2,2,3,4,1,3,6
4108700,PR,Sul,0,1,2,4,4,1,3,5,7
4108809,PR,Sul,0,0,0,1,0,3,4,4,8
4108908,PR,Sul,0,1,2,4,4,1,3,5,7
4108957,PR,Sul,0,1,2,2,3,4,1,3,6
4109005,PR,Sul,0,1,2,2,3,4,3,2,2
4109104,PR,Sul,0,1,2,4,4,1,3,5,7
4109203,PR,Sul,0,1,2,2,3,4,3,2,2
4109302,PR,Sul,0,1,2,2,3,1,3,5,7
4109401,PR,Sul,0,0,0,1,0,3,4,1,4
4109500,PR,Sul,1,2,3,0,2,6,5,7,3
4109609,PR,Sul,1,0,1,3,1,3,4,4,4
4109658,PR,Sul,0,1,2,2,3,4,1,2,2
4109708,PR,Sul,0,0,0,1,0,3,4,4,8
4109757,PR,Sul,0,1,2,4,4,1,0,5,7
4109807,PR,Sul,0,0,0,1,0,3,4,1,8
4109906,PR,Sul,0,1,2,4,4,1,0,5,7
4110003,PR,Sul,0,1,2,2,3,4,1,2,2
4110052,PR,Sul,0,1,2,4,4,1,3,5,7
4110078,PR,Sul,0,0,0,2,3,3,0,4,8
4110102,PR,Sul,0,0,0,2,0,3,1,3,6
4110201,PR,Sul,1,2,1,2,3,4,1,3,6
4110300,PR,Sul,0,1,2,4,4,1,3,2,2
4110409,PR,Sul,0,0,0,1,0,2,6,6,1
4110508,PR,Sul,0,1,2,2,3,4,1,3,6
4110607,PR,Sul,0,1,2,2,3,4,1,2,2
4110656,PR,Sul,0,1,2,4,4,1,3,5,7
4110706,PR,Sul,0,0,0,1,0,3,4,1,4
4110805,PR,Sul,0,1,1,2,3,4,1,3,6
4110904,PR,Sul,0,1,2,2,3,4,1,3,6
4110953,PR,Sul,0,1,0,4,4,1,0,4,8
4111001,PR,Sul,0,1,2,2,3,4,3,2,2
4111100,PR,Sul,0,1,2,4,4,1,3,5,7
4111209,PR,Sul,0,0,0,1,0,2,6,6,8
4111258,PR,Sul,0,0,0,1,0,3,4,4,8
4111308,PR,Sul,0,1,2,4,4,1,0,5,7
4111407,PR,Sul,0,1,2,2,3,4,1,3,6
4111506,PR,Sul,0,0,0,2,0,3,1,4,8
4111555,PR,Sul,0,1,2,4,4,1,0,4,8
4111605,PR,Sul,0,1,2,4,4,1,3,5,7
4111704,PR,Sul,0,1,2,4,4,1,3,5,7
4111803,PR,Sul,0,0,0,1,0,3,4,4,8
4111902,PR,Sul,0,0,0,1,0,2,6,6,8
4112009,PR,Sul,0,0,0,1,0,2,6,6,1
4112108,PR,Sul,0,0,0,1,0,3,6,4,8
4112207,PR,Sul,0,1,2,2,3,4,3,2,2
4112306,PR,Sul,0,1,2,2,3,4,1,2,2
4112405,PR,Sul,0,1,2,4,4,1,0,5,7
4112504,PR,Sul,0,1,2,4,4,1,0,4,8
4112603,PR,Sul,0,1,2,2,3,4,3,2,2
4112702,PR,Sul,0,1,2,4,4,1,0,5,7
4112751,PR,Sul,0,1,2,2,3,4,3,2,2
4112801,PR,Sul,0,0,0,1,0,2,6,6,1
4112900,PR,Sul,0,1,2,4,4,1,3,5,7
4112959,PR,Sul,0,1,2,2,3,4,3,2,2
4113007,PR,Sul,0,1,2,2,3,4,6,2,2
4113106,PR,Sul,0,1,2,2,3,4,3,2,2
4113205,PR,Sul,0,0,0,1,0,3,4,1,8
4113254,PR,Sul,1,1,2,2,3,4,1,3,6
4113304,PR,Sul,0,0,0,1,0,3,1,4,6
4113403,PR,Sul,0,1,2,2,3,4,3,2,2
4113429,PR,Sul,0,1,2,2,3,1,3,5,7
4113452,PR,Sul,0,1,2,2,3,4,1,2,2
4113502,PR,Sul,0,0,0,1,0,3,4,4,8
4113601,PR,Sul,0,1,2,2,3,4,3,2,2
4113700,PR,Sul,0,0,0,1,0,3,4,1,4
4113734,PR,Sul,0,1,2,4,4,1,3,5,7
4113759,PR,Sul,0,1,2,2,3,4,3,2,2
4113809,PR,Sul,0,1,2,4,4,1,3,5,7
4113908,PR,Sul,0,0,0,1,0,2,6,6,1
4114005,PR,Sul,0,1,2,2,3,4,1,3,6
4114104,PR,Sul,0,0,1,2,1,3,1,3,6
4114203,PR,Sul,0,0,0,1,0,2,6,6,8
4114302,PR,Sul,0,0,0,1,0,3,0,4,8
4114351,PR,Sul,0,1,2,2,3,4,3,2,2
4114401,PR,Sul,0,0,0,1,0,2,6,6,1
4114500,PR,Sul,1,2,1,2,3,4,1,3,6
4114609,PR,Sul,0,0,0,1,0,3,4,1,4
4114708,PR,Sul,0,1,2,4,4,1,3,2,2
4114807,PR,Sul,0,0,0,1,0,3,4,6,8
4114906,PR,Sul,0,1,2,2,3,4,1,3,6
4115002,PR,Sul,0,1,2,2,3,4,1,3,6
4115101,PR,Sul,0,1,2,2,3,4,1,3,6
4115200,PR,Sul,0,0,0,1,0,3,4,1,4
4115309,PR,Sul,0,1,2,2,3,4,3,2,2
4115358,PR,Sul,0,1,2,2,3,4,3,5,7
4115408,PR,Sul,0,1,2,2,3,4,1,4,8
4115457,PR,Sul,0,1,2,4,4,1,3,5,7
4115507,PR,Sul,0,1,2,4,4,1,3,5,7
4115606,PR,Sul,0,0,0,1,0,2,6,6,1
4115705,PR,Sul,0,0,0,1,0,3,4,4,8
4115739,PR,Sul,0,1,2,2,3,4,3,2,2
4115754,PR,Sul,0,1,2,2,3,4,0,4,8
4115804,PR,Sul,0,0,0,1,0,3,4,1,4
4115853,PR,Sul,0,1,2,4,4,1,3,5,7
4115903,PR,Sul,0,1,2,2,3,4,3,2,2
4116000,PR,Sul,0,1,2,4,4,1,3,5,7
4116059,PR,Sul,0,1,2,2,3,4,1,3,6
4116109,PR,Sul,0,1,2,2,3,4,1,2,2
4116208,PR,Sul,1,2,3,2,2,6,1,3,6
4116307,PR,Sul,0,1,2,2,3,4,3,2,2
4116406,PR,Sul,0,1,2,2,3,4,3,2,2
4116505,PR,Sul,0,1,2,2,3,4,3,2,2
4116604,PR,Sul,0,1,2,2,3,4,1,2,2
4116703,PR,Sul,0,1,2,2,3,4,1,2,2
4116802,PR,Sul,0,1,2,2,3,4,3,2,2
4116901,PR,Sul,0,0,0,1,0,3,4,4,8
4116950,PR,Sul,0,1,2,2,3,4,1,2,2
4117008,PR,Sul,0,1,2,2,3,4,1,2,2
4117057,PR,Sul,0,1,2,2,3,4,1,2,2
4117107,PR,Sul,0,0,0,1,0,3,0,4,8
4117206,PR,Sul,0,1,2,4,4,1,0,5,7
4117214,PR,Sul,0,1,2,4,4,1,3,5,7
4117222,PR,Sul,0,1,2,2,3,4,1,2,2
4117255,PR,Sul,0,1,2,2,3,4,1,3,6
4117271,PR,Sul,0,1,2,2,3,4,1,2,2
4117297,PR,Sul,0,1,2,2,3,4,3,2,2
4117305,PR,Sul,0,0,0,1,0,2,6,6,1
4117404,PR,Sul,0,1,2,4,4,1,3,5,7
4117453,PR,Sul,0,1,2,4,4,1,3,5,7
4117503,PR,Sul,0,0,0,1,0,3,4,4,4
4117602,PR,Sul,0,0,0,1,0,3,4,1,4
4117701,PR,Sul,0,0,0,2,3,4,1,3,6
4117800,PR,Sul,0,1,2,2,3,4,1,3,6
4117909,PR,Sul,0,0,0,1,0,3,6,6,8
4118006,PR,Sul,0,1,0,4,4,1,0,4,8
4118105,PR,Sul,0,1,2,4,4,1,0,5,8
4118204,PR,Sul,0,0,0,1,0,3,4,1,4
4118303,PR,Sul,0,1,2,4,4,1,3,5,7
4118402,PR,Sul,0,0,0,1,0,3,4,1,4
4118451,PR,Sul,0,1,2,4,4,1,3,5,7
4118501,PR,Sul,0,0,0,1,0,3,4,1,4
4118600,PR,Sul,0,1,2,2,3,4,3,2,2
4118709,PR,Sul,0,1,2,2,3,4,1,2,2
4118808,PR,Sul,0,1,2,4,4,1,3,5,7
4118857,PR,Sul,0,1,2,2,3,4,3,3,7
4118907,PR,Sul,0,0,0,1,0,2,6,6,1
4119004,PR,Sul,0,1,2,4,4,1,3,5,7
4119103,PR,Sul,0,0,0,1,0,2,6,6,1
4119152,PR,Sul,0,0,0,1,0,3,4,1,4
4119202,PR,Sul,0,1,2,2,3,4,3,2,2
4119251,PR,Sul,0,1,2,4,4,1,3,5,7
4119301,PR,Sul,0,0,0,1,0,2,6,6,1
4119400,PR,Sul,0,0,0,2,3,4,1,3,6
4119509,PR,Sul,1,0,1,3,1,3,4,1,4
4119608,PR,Sul,0,1,2,2,3,4,1,3,6
4119657,PR,Sul,0,1,2,4,4,1,3,5,7
4119707,PR,Sul,0,1,2,4,4,1,3,5,7
4119806,PR,Sul,0,1,2,2,3,4,3,2,2
4119905,PR,Sul,0,0,0,1,0,3,4,1,4
4119954,PR,Sul,0,0,0,1,0,3,0,4,8
4120002,PR,Sul,0,0,0,1,0,2,6,6,1
4120101,PR,Sul,0,1,2,2,3,4,3,2,2
4120150,PR,Sul,0,1,2,2,3,4,1,3,6
4120200,PR,Sul,0,1,2,4,4,1,0,5,7
4120309,PR,Sul,0,1,2,2,3,4,1,3,6
4120333,PR,Sul,0,1,2,4,4,1,3,5,7
4120358,PR,Sul,0,1,2,2,3,4,1,3,6
4120408,PR,Sul,0,1,2,2,3,4,1,2,2
4120507,PR,Sul,0,1,2,2,3,4,1,2,2
4120606,PR,Sul,1,2,1,3,1,5,1,3,6
4120655,PR,Sul,0,1,2,2,3,4,3,2,2
4120705,PR,Sul,0,1,2,4,3,1,0,2,2
4120804,PR,Sul,0,0,0,1,0,2,6,6,1
4120853,PR,Sul,0,1,2,4,4,1,3,5,7
4120903,PR,Sul,0,0,0,1,0,2,6,6,1
4121000,PR,Sul,0,1,2,2,3,4,1,3,6
4121109,PR,Sul,0,1,2,4,4,1,3,5,7
4121208,PR,Sul,1,2,3,0,5,0,1,3,6
4121257,PR,Sul,0,1,2,4,4,1,3,5,7
4121307,PR,Sul,0,1,2,4,4,1,3,5,7
4121356,PR,Sul,0,1,2,4,4,1,3,5,7
4121406,PR,Sul,0,1,2,4,4,1,0,4,8
4121505,PR,Sul,0,1,2,2,3,4,1,3,6
4121604,PR,Sul,0,1,2,4,4,1,3,5,7
4121703,PR,Sul,0,2,1,2,3,4,1,3,6
4121752,PR,Sul,0,1,2,2,3,4,1,3,6
4121802,PR,Sul,0,0,0,1,0,2,6,6,1
4121901,PR,Sul,0,1,2,2,3,4,1,2,2
4122008,PR,Sul,0,1,2,2,3,4,1,3,6
4122107,PR,Sul,0,1,2,4,4,1,3,2,2
4122156,PR,Sul,0,1,2,2,3,4,3,3,6
4122172,PR,Sul,1,1,3,2,3,4,1,3,6
4122206,PR,Sul,1,0,0,1,0,2,6,6,1
4122305,PR,Sul,0,0,0,1,0,3,6,6,8
4122404,PR,Sul,0,0,0,1,0,3,4,1,4
4122503,PR,Sul,0,1,2,4,4,1,3,5,7
4122602,PR,Sul,0,1,2,2,3,4,1,3,6
4122651,PR,Sul,0,1,2,2,3,4,1,3,6
4122701,PR,Sul,0,0,0,1,0,2,6,6,1
4122800,PR,Sul,0,1,2,2,3,4,1,2,2
4122909,PR,Sul,0,1,2,2,3,4,1,2,2
4123006,PR,Sul,0,1,2,2,3,4,1,3,6
4123105,PR,Sul,0,1,2,2,3,4,3,2,2
4123204,PR,Sul,0,1,2,4,4,1,3,5,7
4123303,PR,Sul,0,1,2,2,3,4,3,2,2
4123402,PR,Sul,0,1,2,2,3,4,0,2,2
4123501,PR,Sul,0,0,0,1,0,1,0,4,8
4123600,PR,Sul,0,1,2,2,3,4,3,2,2
4123709,PR,Sul,0,1,2,4,4,1,0,4,8
4123808,PR,Sul,0,1,2,4,4,1,3,5,7
4123824,PR,Sul,0,1,2,2,3,4,3,2,2
4123857,PR,Sul,1,2,1,2,3,4,1,3,6
4123907,PR,Sul,0,1,2,4,4,1,3,5,7
4123956,PR,Sul,0,1,2,2,3,4,1,2,2
4124004,PR,Sul,0,1,2,4,4,1,3,5,7
4124020,PR,Sul,0,0,0,2,3,4,1,3,6
4124053,PR,Sul,0,0,0,4,4,1,0,4,8
4124103,PR,Sul,0,0,0,1,0,3,4,4,8
4124202,PR,Sul,0,1,2,4,4,1,3,2,2
4124301,PR,Sul,0,1,2,4,4,1,3,5,7
4124400,PR,Sul,0,0,0,1,0,3,0,4,8
4124509,PR,Sul,0,0,0,1,0,2,6,6,1
4124608,PR,Sul,0,0,0,4,4,2,6,6,1
4124707,PR,Sul,0,1,2,2,3,4,1,3,6
4124806,PR,Sul,0,1,2,2,3,4,6,2,2
4124905,PR,Sul,0,1,2,4,4,1,0,5,7
4125001,PR,Sul,0,1,2,2,3,4,1,2,2
4125100,PR,Sul,0,1,2,2,3,4,1,3,6
4125209,PR,Sul,0,1,2,2,3,4,1,2,2
4125308,PR,Sul,0,1,2,4,4,1,3,5,7
4125357,PR,Sul,0,1,2,4,4,1,0,5,7
4125407,PR,Sul,0,1,2,4,4,1,3,5,7
4125456,PR,Sul,0,1,2,2,3,4,3,2,2
4125506,PR,Sul,0,0,0,1,0,3,4,1,4
4125555,PR,Sul,0,1,2,2,3,4,3,2,2
4125605,PR,Sul,1,0,1,2,1,4,1,3,6
4125704,PR,Sul,0,0,0,2,3,4,1,3,6
4125753,PR,Sul,0,1,2,2,3,4,3,2,2
4125803,PR,Sul,0,1,2,4,4,1,0,5,8
4125902,PR,Sul,0,1,2,2,3,4,3,2,2
4126009,PR,Sul,0,1,2,2,3,4,3,2,2
4126108,PR,Sul,0,1,2,2,3,4,3,2,2
4126207,PR,Sul,0,1,2,2,3,4,1,3,6
4126256,PR,Sul,0,0,0,1,0,3,4,1,4
4126272,PR,Sul,0,0,0,1,0,2,6,6,1
4126306,PR,Sul,0,0,0,1,0,3,0,4,8
4126355,PR,Sul,0,1,2,4,4,1,3,5,7
4126405,PR,Sul,0,1,2,2,3,4,3,2,2
4126504,PR,Sul,0,1,2,2,3,4,0,4,8
4126603,PR,Sul,0,0,0,1,0,4,1,4,8
4126652,PR,Sul,0,1,2,4,4,1,3,5,7
4126678,PR,Sul,0,1,2,2,3,4,1,2,2
4126702,PR,Sul,0,1,2,4,4,1,0,5,7
4126801,PR,Sul,0,0,0,1,0,1,0,4,8
4126900,PR,Sul,0,1,2,4,4,1,3,5,7
4127007,PR,Sul,0,1,2,2,3,4,1,2,2
4127106,PR,Sul,0,0,0,1,0,2,6,1,1
4127205,PR,Sul,0,0,0,2,3,4,1,4,8
4127304,PR,Sul,0,1,2,4,4,1,0,4,8
4127403,PR,Sul,0,1,2,2,3,4,1,3,6
4127502,PR,Sul,0,1,2,2,3,4,1,3,6
4127601,PR,Sul,0,0,1,2,3,4,1,3,6
4127700,PR,Sul,0,0,0,1,0,3,4,1,4
4127809,PR,Sul,0,1,2,2,3,4,1,3,6
4127858,PR,Sul,0,1,2,2,3,4,1,3,6
4127882,PR,Sul,0,1,2,2,3,4,0,4,0
4127908,PR,Sul,0,1,2,2,3,4,3,2,2
4127957,PR,Sul,0,1,2,2,3,4,3,2,2
4127965,PR,Sul,0,0,0,2,3,2,6,6,1
4128005,PR,Sul,0,0,0,1,0,2,6,6,8
4128104,PR,Sul,0,0,0,1,0,3,4,1,4
4128203,PR,Sul,0,0,0,1,0,3,4,1,4
4128302,PR,Sul,0,1,2,2,3,4,3,2,2
4128401,PR,Sul,0,1,2,2,3,4,3,2,2
4128500,PR,Sul,0,1,2,2,3,4,0,4,8
4128534,PR,Sul,0,1,2,2,3,4,1,2,2
4128559,PR,Sul,0,1,2,2,3,4,3,2,2
4128609,PR,Sul,0,1,2,2,3,4,1,3,6
4128625,PR,Sul,0,1,2,2,3,4,3,2,2
4128633,PR,Sul,1,2,3,0,2,6,5,7,3
4128658,PR,Sul,0,1,2,4,4,1,3,5,7
4128708,PR,Sul,0,1,2,2,3,4,3,2,2
4128807,PR,Sul,0,1,2,2,3,4,1,2,2
4200051,SC,Sul,0,1,2,2,3,4,3,2,2
4200101,SC,Sul,0,1,2,2,3,4,1,3,6
4200200,SC,Sul,0,0,0,1,0,3,0,4,8
4200309,SC,Sul,0,1,2,2,3,4,1,3,6
4200408,SC,Sul,0,0,0,2,3,2,1,3,6
4200507,SC,Sul,0,1,2,2,3,4,3,2,2
4200556,SC,Sul,0,1,2,4,4,1,3,5,7
4200606,SC,Sul,0,1,2,2,3,4,1,3,6
4200705,SC,Sul,0,1,2,2,3,4,1,2,2
4200754,SC,Sul,0,1,2,4,4,1,3,5,7
4200804,SC,Sul,0,1,2,4,4,1,3,5,7
4200903,SC,Sul,0,1,2,4,4,1,3,5,7
4201000,SC,Sul,0,1,2,2,3,4,1,2,2
4201109,SC,Sul,0,1,2,4,4,1,0,5,7
4201208,SC,Sul,0,1,2,4,4,2,6,5,7
4201257,SC,Sul,0,0,0,1,0,2,6,6,1
4201273,SC,Sul,0,1,2,4,4,1,3,5,7
4201307,SC,Sul,0,0,0,1,0,2,6,6,1
4201406,SC,Sul,0,0,0,1,0,3,4,1,4
4201505,SC,Sul,0,1,2,4,4,1,0,4,8
4201604,SC,Sul,0,1,2,2,3,4,3,2,2
4201653,SC,Sul,0,1,2,4,4,1,3,5,7
4201703,SC,Sul,0,1,2,4,4,1,0,4,8
4201802,SC,Sul,0,1,2,4,4,1,3,2,2
4201901,SC,Sul,0,1,2,2,3,4,1,3,6
4201950,SC,Sul,1,2,1,3,1,6,5,4,0
4202057,SC,Sul,0,0,0,2,0,3,0,4,8
4202073,SC,Sul,0,1,2,4,4,1,0,4,8
4202081,SC,Sul,0,1,2,4,4,2,6,6,7
4202099,SC,Sul,0,1,2,4,4,1,3,2,2
4202107,SC,Sul,0,0,0,1,0,3,4,4,8
4202131,SC,Sul,0,1,2,2,3,4,3,3,2
4202156,SC,Sul,0,1,2,2,3,4,3,2,2
4202206,SC,Sul,0,0,0,1,0,2,6,6,1
4202305,SC,Sul,0,0,0,1,0,3,4,1,4
4202404,SC,Sul,0,0,0,1,0,3,4,1,4
4202438,SC,Sul,0,1,2,2,3,4,3,2,2
4202453,SC,Sul,0,0,0,1,0,3,0,4,8
4202503,SC,Sul,0,1,2,4,4,1,3,5,7
4202537,SC,Sul,0,1,2,4,4,1,3,5,7
4202578,SC,Sul,0,1,2,4,4,1,3,5,7
4202602,SC,Sul,0,1,2,2,3,4,1,3,2
4202701,SC,Sul,0,0,0,1,0,2,6,6,1
4202800,SC,Sul,0,0,0,1,0,2,6,4,8
4202859,SC,Sul,0,0,0,1,0,2,6,6,1
4202875,SC,Sul,0,1,2,2,3,4,3,2,2
4202909,SC,Sul,0,0,0,1,0,3,4,1,4
4203006,SC,Sul,0,0,0,1,0,2,6,6,1
4203105,SC,Sul,0,1,2,4,4,1,3,5,7
4203154,SC,Sul,0,1,2,2,3,4,1,3,6
4203303,SC,Sul,0,0,0,1,0,2,6,6,1
4203402,SC,Sul,0,1,2,2,3,4,3,2,2
4203501,SC,Sul,0,1,2,2,3,4,1,5,7
4203600,SC,Sul,0,0,0,1,0,2,6,6,1
4203709,SC,Sul,0,0,3,0,2,6,5,4,0
4203808,SC,Sul,0,0,0,1,0,3,4,4,8
4203907,SC,Sul,0,0,0,1,0,2,6,6,8
4203956,SC,Sul,0,0,0,1,0,2,6,6,1
4204004,SC,Sul,0,0,0,1,0,2,6,6,1
4204103,SC,Sul,0,1,2,4,4,1,3,5,7
4204152,SC,Sul,0,1,2,4,4,1,3,5,7
4204178,SC,Sul,1,1,3,2,3,4,1,3,2
4204194,SC,Sul,0,1,2,4,4,1,3,5,7
4204202,SC,Sul,0,0,0,1,0,3,4,1,4
4204251,SC,Sul,0,0,0,1,0,2,6,6,1
4204301,SC,Sul,0,0,0,1,0,3,4,1,8
4204350,SC,Sul,0,1,2,2,3,4,0,2,2
4204400,SC,Sul,0,1,2,2,3,4,0,4,8
4204459,SC,Sul,0,1,2,4,4,1,3,5,7
4204509,SC,Sul,0,1,2,4,4,1,0,4,8
4204558,SC,Sul,0,0,0,1,0,2,6,6,1
4204608,SC,Sul,0,0,0,1,0,3,4,1,4
4204707,SC,Sul,0,1,0,4,4,2,6,6,8
4204756,SC,Sul,0,1,2,4,4,1,3,5,7
4204806,SC,Sul,0,0,0,1,0,3,6,6,8
4204905,SC,Sul,0,1,2,4,3,1,3,2,2
4205001,SC,Sul,0,1,2,2,3,4,0,4,8
4205100,SC,Sul,0,1,2,4,4,2,6,6,8
4205159,SC,Sul,0,0,0,4,4,2,6,6,1
4205175,SC,Sul,0,1,2,4,4,1,3,5,7
4205191,SC,Sul,0,1,3,2,3,4,1,3,6
4205209,SC,Sul,0,1,2,4,4,1,3,5,7
4205308,SC,Sul,0,0,0,1,0,2,6,4,8
4205357,SC,Sul,0,1,2,4,4,1,3,5,7
4205407,SC,Sul,0,0,0,1,0,3,4,1,4
4205431,SC,Sul,0,1,2,4,4,1,3,5,7
4205456,SC,Sul,0,0,0,1,0,2,6,6,8
4205506,SC,Sul,0,0,0,1,0,3,4,4,8
4205555,SC,Sul,0,1,2,4,4,1,3,5,7
4205605,SC,Sul,0,1,2,4,4,1,3,5,7
4205704,SC,Sul,0,0,0,1,0,3,4,4,8
4205803,SC,Sul,0,0,0,1,0,2,6,6,1
4205902,SC,Sul,0,0,0,1,0,3,4,1,4
4206009,SC,Sul,0,0,0,2,3,3,1,4,8
4206108,SC,Sul,0,1,2,2,3,4,1,2,2
4206207,SC,Sul,0,0,0,1,0,2,0,4,8
4206306,SC,Sul,0,0,0,1,0,2,6,6,1
4206405,SC,Sul,0,1,2,4,4,1,3,5,7
4206504,SC,Sul,0,0,0,1,0,3,4,1,4
4206603,SC,Sul,0,1,2,4,4,1,0,5,7
4206652,SC,Sul,0,1,2,2,3,2,6,6,1
4206702,SC,Sul,0,0,0,1,0,1,0,4,8
4206751,SC,Sul,0,1,2,4,4,1,3,5,7
4206801,SC,Sul,0,1,2,4,4,1,3,5,7
4206900,SC,Sul,0,0,0,1,0,3,0,4,8
4207007,SC,Sul,0,0,0,1,0,3,4,6,8
4207106,SC,Sul,0,0,0,1,0,2,6,4,8
4207205,SC,Sul,0,1,2,2,3,4,3,2,2
4207304,SC,Sul,0,0,0,1,0,3,4,4,8
4207403,SC,Sul,0,1,2,4,4,1,3,5,7
4207502,SC,Sul,0,0,0,1,0,3,4,6,8
4207577,SC,Sul,0,1,2,4,4,1,3,5,7
4207601,SC,Sul,0,1,2,4,4,1,3,5,7
4207650,SC,Sul,0,1,2,4,4,1,3,5,7
4207684,SC,Sul,0,1,2,4,4,1,3,5,7
4207700,SC,Sul,0,1,2,2,3,2,6,6,1
4207759,SC,Sul,0,1,2,4,3,1,3,2,2
4207809,SC,Sul,0,1,2,4,4,1,0,5,7
4207858,SC,Sul,0,1,2,4,4,1,3,5,7
4207908,SC,Sul,0,1,2,4,4,1,0,5,7
4208005,SC,Sul,0,1,2,4,4,2,6,6,1
4208104,SC,Sul,0,0,0,1,0,4,1,4,8
4208203,SC,Sul,0,0,0,1,0,3,4,1,4
4208302,SC,Sul,0,0,0,1,0,3,4,1,4
4208401,SC,Sul,0,0,0,1,0,2,6,6,1
4208450,SC,Sul,0,0,0,1,0,3,4,4,8
4208500,SC,Sul,0,1,0,4,4,1,0,4,8
4208609,SC,Sul,0,1,2,4,4,1,3,5,7
4208708,SC,Sul,0,1,2,4,4,1,3,5,8
4208807,SC,Sul,0,0,0,1,0,3,0,4,8
4208906,SC,Sul,0,0,0,1,0,3,4,1,4
4208955,SC,Sul,0,1,2,4,4,1,3,5,7
4209003,SC,Sul,0,0,0,1,0,2,6,6,8
4209102,SC,Sul,0,0,0,1,0,3,4,1,4
4209151,SC,Sul,0,1,2,2,3,4,1,3,6
4209177,SC,Sul,0,1,2,4,4,1,3,5,7
4209201,SC,Sul,0,1,2,4,4,1,3,5,7
4209300,SC,Sul,0,0,0,1,0,3,4,1,4
4209409,SC,Sul,0,0,0,1,0,3,4,4,8
4209458,SC,Sul,0,1,2,2,3,4,3,2,2
4209508,SC,Sul,0,0,0,1,0,2,6,6,1
4209607,SC,Sul,0,0,0,1,0,2,6,4,8
4209706,SC,Sul,0,1,2,2,3,4,1,3,6
4209805,SC,Sul,0,1,2,2,3,4,1,3,6
4209854,SC,Sul,0,1,2,2,3,4,1,5,7
4209904,SC,Sul,0,0,0,1,0,2,1,4,8
4210001,SC,Sul,0,0,0,1,0,2,6,6,8
4210035,SC,Sul,0,0,0,4,4,2,6,6,8
4210050,SC,Sul,0,1,2,2,3,4,3,2,2
4210100,SC,Sul,0,0,0,1,0,3,4,4,8
4210209,SC,Sul,0,1,2,4,2,6,5,7,0
4210308,SC,Sul,0,1,2,2,3,4,1,2,2
4210407,SC,Sul,0,1,2,4,4,1,0,4,8
4210506,SC,Sul,0,0,0,1,0,2,6,6,1
4210555,SC,Sul,0,1,2,2,3,4,3,2,2
4210605,SC,Sul,0,0,0,1,0,2,6,4,8
4210704,SC,Sul,0,1,2,4,4,1,0,5,7
4210803,SC,Sul,0,1,2,2,3,4,0,4,8
4210852,SC,Sul,0,1,2,2,3,4,3,3,2
4210902,SC,Sul,0,1,2,4,4,1,3,5,7
4211009,SC,Sul,0,0,0,1,0,2,6,6,1
4211058,SC,Sul,0,0,1,3,1,5,1,4,6
4211108,SC,Sul,0,1,2,4,4,1,0,5,7
4211207,SC,Sul,0,0,0,1,0,2,6,6,1
4211256,SC,Sul,0,1,2,4,4,1,3,5,7
4211306,SC,Sul,0,0,0,1,0,3,4,1,4
4211405,SC,Sul,0,1,2,4,4,1,0,5,7
4211454,SC,Sul,0,1,2,4,4,1,3,5,7
4211504,SC,Sul,0,0,0,1,0,2,6,6,1
4211603,SC,Sul,0,0,0,1,0,2,6,6,1
4211652,SC,Sul,0,1,2,4,4,1,3,5,7
4211702,SC,Sul,0,0,0,1,0,2,6,4,8
4211751,SC,Sul,0,0,0,1,0,2,6,6,1
4211801,SC,Sul,0,1,2,4,4,1,3,5,7
4211850,SC,Sul,0,1,2,4,4,1,3,5,7
4211876,SC,Sul,0,1,2,4,3,1,3,2,2
4211892,SC,Sul,0,1,2,4,4,1,3,5,7
4211900,SC,Sul,0,0,0,1,0,3,4,1,4
4212007,SC,Sul,0,1,2,2,3,4,1,2,2
4212056,SC,Sul,0,1,2,2,3,4,3,2,2
4212106,SC,Sul,0,1,2,2,3,4,3,2,2
4212205,SC,Sul,0,0,0,1,0,2,6,4,8
4212239,SC,Sul,0,1,2,4,4,1,3,5,7
4212254,SC,Sul,0,1,2,4,4,1,0,4,8
4212270,SC,Sul,0,1,2,4,4,1,3,5,7
4212304,SC,Sul,0,1,2,2,3,4,1,4,8
4212403,SC,Sul,0,1,2,2,3,4,3,2,2
4212502,SC,Sul,0,0,0,1,0,3,4,4,8
4212601,SC,Sul,0,1,2,4,4,1,3,5,7
4212650,SC,Sul,1,2,3,0,2,6,5,7,3
4212700,SC,Sul,0,1,2,2,3,4,1,2,2
4212809,SC,Sul,0,0,0,1,0,3,4,4,8
4212908,SC,Sul,0,0,0,1,0,2,6,6,1
4213005,SC,Sul,0,1,2,1,3,2,6,6,1
4213104,SC,Sul,0,0,0,1,0,2,6,6,1
4213153,SC,Sul,0,1,2,4,4,1,3,5,7
4213203,SC,Sul,0,0,0,1,0,2,6,6,1
4213302,SC,Sul,0,1,2,4,4,1,3,5,7
4213351,SC,Sul,0,1,2,2,3,4,1,2,2
4213401,SC,Sul,0,1,2,4,4,1,0,5,7
4213500,SC,Sul,0,0,0,1,0,3,4,4,8
4213609,SC,Sul,0,0,0,1,0,3,0,4,8
4213708,SC,Sul,0,0,0,1,0,2,6,6,8
4213807,SC,Sul,0,1,2,4,4,1,0,4,8
4213906,SC,Sul,0,1,2,2,3,4,3,2,2
4214003,SC,Sul,0,0,0,1,0,2,6,6,1
4214102,SC,Sul,0,1,2,4,4,1,3,5,7
4214151,SC,Sul,0,1,2,4,4,1,0,5,7
4214201,SC,Sul,0,0,0,1,0,2,6,4,8
4214300,SC,Sul,0,1,2,2,3,4,3,2,2
4214409,SC,Sul,0,1,2,4,4,1,3,5,7
4214508,SC,Sul,0,1,2,4,4,1,3,5,7
4214607,SC,Sul,0,1,2,4,4,1,0,5,7
4214706,SC,Sul,0,0,0,1,0,2,6,6,8
4214805,SC,Sul,0,0,0,1,0,3,4,1,8
4214904,SC,Sul,0,1,2,4,4,1,3,5,7
4215000,SC,Sul,0,0,0,1,0,3,6,4,8
4215059,SC,Sul,0,1,2,2,3,4,1,2,2
4215075,SC,Sul,0,1,2,4,4,1,3,5,7
4215109,SC,Sul,0,1,0,4,4,1,0,4,8
4215208,SC,Sul,0,1,2,2,3,4,3,2,2
4215307,SC,Sul,0,0,0,1,0,2,6,6,1
4215356,SC,Sul,0,1,2,4,4,1,3,5,7
4215406,SC,Sul,0,1,2,4,4,2,6,6,7
4215455,SC,Sul,0,0,0,1,0,2,6,6,1
4215505,SC,Sul,0,0,0,1,0,2,6,6,8
4215554,SC,Sul,0,1,2,4,4,1,3,5,7
4215604,SC,Sul,0,1,2,4,4,1,3,5,7
4215653,SC,Sul,0,1,2,4,4,1,0,5,7
4215679,SC,Sul,0,1,2,2,3,4,3,2,2
4215687,SC,Sul,0,1,2,2,3,4,3,2,2
4215695,SC,Sul,0,1,2,4,4,1,3,5,7
4215703,SC,Sul,0,0,0,1,0,2,6,6,1
4215752,SC,Sul,0,1,2,4,4,1,0,5,7
4215802,SC,Sul,0,0,0,1,0,3,4,1,4
4215901,SC,Sul,0,1,2,4,4,1,3,5,7
4216008,SC,Sul,0,1,0,4,4,2,6,4,8
4216057,SC,Sul,0,1,2,4,4,1,0,5,8
4216107,SC,Sul,0,1,2,4,4,1,0,5,8
4216206,SC,Sul,0,0,0,1,0,2,6,6,1
4216255,SC,Sul,0,1,2,4,4,1,3,5,7
4216305,SC,Sul,0,0,0,1,0,3,4,4,8
4216354,SC,Sul,0,0,0,2,3,2,6,6,1
4216404,SC,Sul,0,1,2,4,4,1,3,5,7
4216503,SC,Sul,0,1,2,4,4,1,3,5,7
4216602,SC,Sul,0,0,0,1,0,3,4,1,4
4216701,SC,Sul,0,1,2,2,3,4,0,4,8
4216800,SC,Sul,0,1,2,2,3,4,3,2,2
4216909,SC,Sul,0,0,0,1,0,2,6,6,8
4217006,SC,Sul,0,0,0,1,0,2,6,6,8
4217105,SC,Sul,0,1,2,4,3,1,3,2,2
4217154,SC,Sul,0,1,2,4,4,1,3,5,7
4217204,SC,Sul,0,0,0,1,0,3,6,4,8
4217253,SC,Sul,0,1,2,4,2,6,0,7,0
4217303,SC,Sul,0,1,0,4,4,2,6,6,8
4217402,SC,Sul,0,0,0,1,0,3,6,4,8
4217501,SC,Sul,0,0,0,1,0,2,6,6,1
4217550,SC,Sul,0,1,2,4,4,1,3,5,7
4217600,SC,Sul,0,0,0,1,0,2,6,6,1
4217709,SC,Sul,0,1,0,4,4,1,0,4,8
4217758,SC,Sul,0,1,2,4,4,1,3,5,7
4217808,SC,Sul,0,0,0,1,0,2,6,4,8
4217907,SC,Sul,0,1,2,4,4,2,6,5,7
4217956,SC,Sul,0,1,2,4,4,1,3,5,7
4218004,SC,Sul,0,0,0,1,0,3,4,1,8
4218103,SC,Sul,0,1,2,2,3,4,3,2,2
4218202,SC,Sul,0,0,0,1,0,2,6,6,1
4218251,SC,Sul,0,1,2,4,4,2,6,6,8
4218301,SC,Sul,0,0,0,1,0,2,6,6,1
4218350,SC,Sul,0,0,0,1,0,2,6,6,1
4218400,SC,Sul,0,1,2,2,3,4,1,2,2
4218509,SC,Sul,0,0,0,1,0,2,6,6,1
4218608,SC,Sul,0,0,0,1,0,2,6,6,1
4218707,SC,Sul,0,0,0,1,0,3,4,1,4
4218756,SC,Sul,0,1,2,4,4,1,3,5,7
4218806,SC,Sul,0,0,0,1,0,2,6,6,8
4218855,SC,Sul,0,1,2,4,4,1,3,5,7
4218905,SC,Sul,1,2,1,2,3,4,1,3,6
4218954,SC,Sul,0,1,2,2,3,4,3,2,2
4219002,SC,Sul,0,0,0,1,0,2,6,6,1
4219101,SC,Sul,0,1,2,4,4,1,3,5,7
4219150,SC,Sul,0,1,2,2,3,4,3,2,2
4219176,SC,Sul,0,0,0,1,0,2,6,6,1
4219200,SC,Sul,0,1,2,2,3,4,1,2,2
4219309,SC,Sul,0,0,0,1,0,3,6,6,8
4219358,SC,Sul,0,1,2,2,3,4,3,2,2
4219408,SC,Sul,0,1,2,4,4,1,0,5,7
4219507,SC,Sul,0,0,0,1,0,3,4,4,8
4219606,SC,Sul,0,1,2,4,4,1,3,5,7
4219705,SC,Sul,0,0,0,1,0,2,6,6,8
4219853,SC,Sul,0,1,2,4,4,1,0,5,7
4220000,SC,Sul,0,0,0,4,4,1,0,4,8
4300034,RS,Sul,0,1,2,2,3,4,3,2,2
4300059,RS,Sul,0,1,2,2,3,4,3,2,2
4300109,RS,Sul,0,1,2,4,4,1,0,5,7
4300208,RS,Sul,0,1,2,4,4,1,3,5,7
4300307,RS,Sul,0,1,2,4,4,1,0,5,7
4300406,RS,Sul,0,0,0,1,0,3,4,4,8
4300455,RS,Sul,0,1,2,4,4,1,3,2,2
4300471,RS,Sul,0,1,2,4,4,1,3,5,7
4300505,RS,Sul,0,0,0,1,0,2,6,6,1
4300554,RS,Sul,0,1,2,4,4,1,3,5,7
4300570,RS,Sul,0,1,2,4,4,1,3,5,7
4300604,RS,Sul,1,0,0,1,0,3,4,1,4
4300638,RS,Sul,0,1,2,2,2,6,5,7,0
4300646,RS,Sul,0,1,2,4,4,1,0,4,8
4300661,RS,Sul,0,1,2,4,4,1,3,5,7
4300703,RS,Sul,0,1,2,2,3,4,3,2,2
4300802,RS,Sul,0,0,0,1,0,2,6,6,8
4300851,RS,Sul,0,1,2,2,3,4,3,2,2
4300877,RS,Sul,0,0,0,1,0,2,6,6,1
4300901,RS,Sul,0,0,0,1,0,2,6,6,1
4301008,RS,Sul,0,0,0,1,0,2,6,6,1
4301057,RS,Sul,0,1,2,4,4,1,0,4,8
4301073,RS,Sul,0,1,2,4,4,1,3,2,2
4301107,RS,Sul,0,1,2,4,4,1,0,4,8
4301206,RS,Sul,0,1,2,4,4,1,0,4,7
4301305,RS,Sul,0,1,2,2,3,4,3,2,2
4301404,RS,Sul,0,1,2,2,3,4,1,4,6
4301503,RS,Sul,0,1,2,2,3,4,3,2,2
4301552,RS,Sul,0,1,2,4,4,1,3,5,7
4301602,RS,Sul,0,0,0,1,0,3,4,1,4
4301636,RS,Sul,0,1,2,4,4,1,0,4,8
4301651,RS,Sul,0,0,0,4,4,2,6,6,1
4301701,RS,Sul,0,1,2,4,4,1,0,5,7
4301750,RS,Sul,1,1,3,2,2,6,5,7,2
4301800,RS,Sul,0,1,2,4,4,1,3,5,7
4301859,RS,Sul,0,1,3,0,5,0,7,8,9
4301875,RS,Sul,0,1,2,2,3,4,3,5,7
4301909,RS,Sul,1,2,1,2,3,4,1,3,6
4301958,RS,Sul,0,1,2,4,4,1,3,5,7
4302006,RS,Sul,0,1,2,2,3,4,3,2,2
4302105,RS,Sul,0,0,0,1,0,3,4,1,4
4302204,RS,Sul,0,1,2,4,4,1,0,5,7
4302220,RS,Sul,0,1,2,4,4,1,3,5,7
4302238,RS,Sul,0,1,2,2,3,4,3,5,7
4302253,RS,Sul,0,1,2,4,4,1,3,5,7
4302303,RS,Sul,0,1,2,2,3,4,1,3,6
4302352,RS,Sul,0,0,0,1,0,2,6,6,1
4302378,RS,Sul,0,1,2,2,3,4,3,2,2
4302402,RS,Sul,0,0,0,1,0,2,6,4,8
4302451,RS,Sul,1,2,1,3,1,5,1,3,6
4302501,RS,Sul,0,1,2,2,3,4,3,2,2
4302584,RS,Sul,0,1,2,2,3,4,3,2,2
4302600,RS,Sul,0,1,2,2,3,4,3,2,2
4302659,RS,Sul,0,1,2,4,4,1,0,5,7
4302709,RS,Sul,0,0,0,1,0,3,0,4,8
4302808,RS,Sul,0,0,0,1,0,3,4,4,8
4302907,RS,Sul,0,1,2,2,3,4,1,3,6
4303004,RS,Sul,0,0,0,1,0,3,4,4,8
4303103,RS,Sul,0,0,0,1,0,3,4,1,4
4303202,RS,Sul,0,1,2,4,4,1,3,2,2
4303301,RS,Sul,0,1,2,2,3,4,3,2,2
4303400,RS,Sul,0,1,2,2,3,4,3,2,2
4303509,RS,Sul,0,0,0,1,0,3,4,4,8
4303558,RS,Sul,0,0,0,1,0,2,6,6,1
4303608,RS,Sul,0,1,2,4,4,1,0,2,2
4303673,RS,Sul,0,1,2,4,4,1,3,5,7
4303707,RS,Sul,0,1,2,2,3,4,3,2,2
4303806,RS,Sul,0,1,2,4,4,1,3,5,7
4303905,RS,Sul,0,0,0,1,0,3,6,6,4
4304002,RS,Sul,0,1,2,2,3,4,3,2,2
4304101,RS,Sul,0,1,2,4,4,1,3,5,7
4304200,RS,Sul,0,0,0,1,0,3,0,4,8
4304309,RS,Sul,0,1,2,4,4,1,3,2,2
4304358,RS,Sul,0,0,0,1,0,2,6,6,1
4304408,RS,Sul,0,0,0,1,0,3,4,4,8
4304507,RS,Sul,1,2,1,2,1,3,1,3,6
4304606,RS,Sul,0,0,0,1,0,3,4,1,4
4304622,RS,Sul,0,1,2,2,3,4,3,5,7
4304630,RS,Sul,0,0,0,1,0,3,4,4,8
4304655,RS,Sul,0,1,2,4,4,1,3,5,7
4304663,RS,Sul,0,0,0,1,0,3,0,4,8
4304671,RS,Sul,0,1,2,4,4,1,3,5,7
4304689,RS,Sul,0,0,0,1,2,6,5,4,8
4304697,RS,Sul,0,1,2,4,4,1,3,5,7
4304705,RS,Sul,0,0,0,1,0,3,4,4,8
4304713,RS,Sul,1,2,3,0,2,6,5,7,3
4304804,RS,Sul,0,0,0,1,0,2,6,6,1
4304853,RS,Sul,0,1,2,4,4,1,3,5,7
4304903,RS,Sul,0,1,2,1,0,2,6,4,8
4304952,RS,Sul,0,1,2,4,4,1,3,5,7
4305009,RS,Sul,0,1,2,4,4,1,0,5,7
4305108,RS,Sul,0,0,0,1,0,3,4,1,4
4305116,RS,Sul,0,1,2,4,4,1,3,2,2
4305124,RS,Sul,0,1,2,4,4,1,3,2,2
4305132,RS,Sul,0,1,2,4,4,1,3,5,7
4305157,RS,Sul,0,1,2,4,4,1,3,2,2
4305173,RS,Sul,1,1,3,0,2,6,5,7,0
4305207,RS,Sul,0,0,0,4,4,1,0,4,8
4305306,RS,Sul,0,1,2,4,4,1,3,5,7
4305355,RS,Sul,0,0,0,1,0,2,6,6,1
4305371,RS,Sul,0,1,2,4,4,1,3,5,7
4305405,RS,Sul,0,1,2,2,3,4,3,5,7
4305439,RS,Sul,0,1,2,4,4,1,0,5,7
4305447,RS,Sul,0,1,2,4,4,1,3,5,7
4305454,RS,Sul,0,1,2,4,4,1,0,4,8
4305504,RS,Sul,0,1,2,2,3,4,3,2,2
4305587,RS,Sul,0,1,2,4,4,1,3,5,7
4305603,RS,Sul,0,1,2,2,3,4,3,2,2
4305702,RS,Sul,0,1,2,2,3,4,3,2,2
4305801,RS,Sul,0,1,2,4,4,1,3,2,2
4305850,RS,Sul,0,1,2,4,4,1,3,5,7
4305871,RS,Sul,0,1,2,4,4,1,3,5,7
4305900,RS,Sul,0,1,2,2,3,4,3,2,2
4305959,RS,Sul,0,1,2,4,4,1,6,5,7
4305975,RS,Sul,0,1,2,4,4,1,3,5,7
4306007,RS,Sul,0,1,2,4,4,1,0,4,8
4306056,RS,Sul,0,1,2,4,4,1,0,5,7
4306072,RS,Sul,0,1,2,2,3,4,3,2,2
4306106,RS,Sul,0,0,0,1,0,3,4,4,8
4306130,RS,Sul,0,1,2,4,4,1,3,5,7
4306205,RS,Sul,0,0,0,1,0,2,6,4,8
4306304,RS,Sul,0,1,2,2,3,4,3,2,2
4306320,RS,Sul,0,1,2,2,3,4,3,2,2
4306379,RS,Sul,0,1,2,2,3,4,3,2,2
4306403,RS,Sul,0,0,0,1,0,2,6,6,1
4306452,RS,Sul,0,1,2,4,4,1,3,5,7
4306502,RS,Sul,0,1,2,2,3,4,0,2,2
4306551,RS,Sul,0,1,2,4,4,1,0,5,7
4306601,RS,Sul,0,0,0,2,3,4,1,3,6
4306700,RS,Sul,0,1,2,4,4,1,3,5,7
4306734,RS,Sul,0,1,2,4,4,1,3,5,7
4306759,RS,Sul,0,1,2,4,4,1,3,5,7
4306767,RS,Sul,0,0,0,1,0,3,4,4,8
4306809,RS,Sul,0,0,0,1,0,2,6,6,8
4306908,RS,Sul,0,1,2,2,3,4,0,4,2
4306924,RS,Sul,0,1,2,2,3,4,1,2,2
4306932,RS,Sul,0,1,2,2,3,4,1,4,6
4306957,RS,Sul,0,0,0,1,0,2,6,6,1
4306973,RS,Sul,0,1,2,2,3,4,1,2,2
4307005,RS,Sul,0,0,0,1,0,3,4,1,4
4307054,RS,Sul,0,1,2,4,4,1,3,5,7
4307104,RS,Sul,0,1,2,2,3,4,3,2,2
4307203,RS,Sul,0,1,2,4,4,1,3,2,2
4307302,RS,Sul,0,1,2,2,5,0,1,3,6
4307401,RS,Sul,0,1,2,4,4,1,3,5,7
4307450,RS,Sul,0,1,2,4,4,1,3,5,7
4307500,RS,Sul,0,1,2,4,4,1,0,5,7
4307559,RS,Sul,0,1,2,4,4,1,0,4,8
4307609,RS,Sul,0,0,0,1,0,3,6,4,8
4307708,RS,Sul,0,0,0,1,0,3,4,1,8
4307807,RS,Sul,0,0,0,1,0,2,6,6,1
4307815,RS,Sul,0,1,2,4,4,1,3,5,7
4307831,RS,Sul,0,1,2,4,4,1,3,5,7
4307864,RS,Sul,0,1,2,4,4,1,3,2,2
4307906,RS,Sul,0,0,0,1,0,3,4,1,4
4308003,RS,Sul,0,1,2,4,4,1,0,4,8
4308052,RS,Sul,0,1,2,4,4,1,3,5,7
4308078,RS,Sul,0,1,2,4,4,1,0,5,7
4308102,RS,Sul,0,0,0,1,0,2,0,4,8
4308201,RS,Sul,0,0,0,1,0,2,6,6,1
4308250,RS,Sul,0,1,2,2,3,4,3,2,2
4308300,RS,Sul,0,1,2,4,4,1,0,4,0
4308409,RS,Sul,0,1,2,2,3,4,3,2,2
4308433,RS,Sul,0,1,2,4,4,1,3,5,7
4308458,RS,Sul,0,1,2,2,3,4,3,2,2
4308508,RS,Sul,0,0,0,1,0,3,4,4,8
4308607,RS,Sul,0,0,0,1,0,2,6,6,1
4308706,RS,Sul,0,1,2,4,4,2,0,4,8
4308805,RS,Sul,0,1,2,2,3,4,1,3,6
4308854,RS,Sul,0,1,2,2,3,4,3,2,2
4308904,RS,Sul,0,0,0,1,0,1,0,4,8
4309001,RS,Sul,0,1,2,4,4,1,0,4,8
4309050,RS,Sul,0,0,0,1,0,2,6,6,1
4309100,RS,Sul,0,0,0,1,0,3,4,4,8
4309126,RS,Sul,0,1,2,2,3,4,3,2,2
4309159,RS,Sul,0,1,2,4,4,1,3,5,7
4309209,RS,Sul,0,0,0,1,0,3,4,1,4
4309258,RS,Sul,0,1,2,2,3,4,3,2,2
4309308,RS,Sul,0,0,0,1,0,3,4,1,4
4309407,RS,Sul,0,0,0,1,0,2,6,4,8
4309506,RS,Sul,0,1,2,4,4,1,0,5,7
4309555,RS,Sul,0,1,2,4,4,1,0,5,7
4309571,RS,Sul,0,1,2,4,4,1,3,5,7
4309605,RS,Sul,0,0,0,1,0,2,6,6,1
4309654,RS,Sul,0,1,2,4,4,1,3,2,2
4309704,RS,Sul,0,1,2,4,4,1,3,5,7
4309753,RS,Sul,0,1,2,4,4,1,3,5,7
4309803,RS,Sul,0,1,2,4,4,1,3,5,7
4309902,RS,Sul,0,1,2,2,3,4,3,2,2
4309951,RS,Sul,0,1,2,4,4,1,3,5,7
4310009,RS,Sul,0,0,0,1,0,2,6,6,8
4310108,RS,Sul,0,0,0,1,0,2,6,6,1
4310207,RS,Sul,0,0,0,1,0,3,4,1,4
4310306,RS,Sul,0,1,2,2,3,4,1,2,2
4310330,RS,Sul,0,0,0,1,0,3,0,4,8
4310363,RS,Sul,0,0,0,1,0,2,6,6,1
4310405,RS,Sul,0,1,2,4,4,1,0,5,7
4310413,RS,Sul,0,1,2,2,3,4,3,2,2
4310439,RS,Sul,0,1,2,2,3,4,3,2,2
4310462,RS,Sul,0,1,2,4,4,1,3,5,7
4310504,RS,Sul,0,1,2,2,3,4,3,2,2
4310538,RS,Sul,0,1,2,2,3,4,1,4,8
4310553,RS,Sul,0,1,2,2,3,4,3,2,2
4310579,RS,Sul,0,1,2,4,4,1,3,5,7
4310603,RS,Sul,0,0,0,1,0,3,0,4,8
4310652,RS,Sul,0,1,2,2,3,4,3,2,2
4310702,RS,Sul,0,1,2,4,4,1,3,5,7
4310751,RS,Sul,0,1,2,2,3,4,3,2,2
4310801,RS,Sul,0,0,0,1,0,3,6,4,8
4310850,RS,Sul,0,1,2,4,4,1,3,5,7
4310900,RS,Sul,0,1,2,4,4,1,3,5,7
4311007,RS,Sul,0,1,2,2,3,4,0,4,2
4311106,RS,Sul,0,1,2,4,4,1,0,5,7
4311122,RS,Sul,0,1,2,4,4,1,0,5,2
4311130,RS,Sul,0,1,2,2,3,4,3,2,2
4311155,RS,Sul,0,1,2,2,3,4,3,3,6
4311205,RS,Sul,0,1,2,4,4,1,3,5,7
4311239,RS,Sul,0,1,2,2,2,6,3,2,2
4311254,RS,Sul,0,1,2,4,4,1,3,5,7
4311270,RS,Sul,0,1,2,4,4,1,3,5,7
4311304,RS,Sul,0,0,0,1,0,3,4,4,8
4311403,RS,Sul,0,0,0,1,0,3,4,1,4
4311429,RS,Sul,0,1,2,2,3,4,5,2,2
4311502,RS,Sul,0,1,2,2,3,4,3,2,2
4311601,RS,Sul,0,1,2,4,4,1,3,5,7
4311627,RS,Sul,0,0,0,1,0,2,6,6,1
4311643,RS,Sul,0,1,2,4,4,1,3,5,7
4311700,RS,Sul,0,1,2,2,3,4,3,2,2
4311718,RS,Sul,0,1,2,2,3,4,3,2,2
4311734,RS,Sul,0,1,2,4,4,1,3,2,2
4311759,RS,Sul,0,1,2,2,3,4,3,2,2
4311775,RS,Sul,0,1,2,4,4,1,0,2,2
4311791,RS,Sul,0,1,2,4,4,1,3,2,2
4311809,RS,Sul,0,0,0,1,0,2,6,6,8
4311908,RS,Sul,0,1,2,4,4,1,3,5,7
4311981,RS,Sul,0,1,2,2,3,4,3,2,2
4312005,RS,Sul,0,1,2,2,3,4,3,2,2
4312054,RS,Sul,0,1,2,4,4,1,3,5,7
4312104,RS,Sul,0,1,2,4,4,1,3,2,2
4312138,RS,Sul,0,1,2,2,3,4,3,2,2
4312153,RS,Sul,0,1,2,4,4,2,6,6,8
4312179,RS,Sul,0,1,2,4,4,1,3,2,2
4312203,RS,Sul,0,1,2,4,4,1,3,2,2
4312252,RS,Sul,0,1,2,4,4,1,0,5,7
4312302,RS,Sul,0,1,2,2,3,4,1,3,6
4312351,RS,Sul,0,1,2,4,4,1,3,5,7
4312377,RS,Sul,0,1,2,4,4,1,3,5,7
4312385,RS,Sul,0,1,2,2,3,4,3,2,2
4312401,RS,Sul,0,0,0,1,0,3,4,1,4
4312427,RS,Sul,0,1,2,4,3,1,3,2,2
4312443,RS,Sul,0,1,2,4,4,1,3,2,2
4312450,RS,Sul,0,1,2,4,4,1,0,4,0
4312476,RS,Sul,0,0,0,4,4,1,0,4,8
4312500,RS,Sul,0,1,2,2,3,4,3,5,7
4312609,RS,Sul,0,0,0,1,0,2,6,6,1
4312617,RS,Sul,0,1,2,4,4,1,3,5,7
4312625,RS,Sul,0,1,2,2,3,4,3,2,2
4312658,RS,Sul,0,0,0,1,0,2,6,6,1
4312708,RS,Sul,0,1,2,2,3,4,0,4,8
4312757,RS,Sul,0,1,2,4,4,1,3,5,7
4312807,RS,Sul,0,1,0,4,4,2,6,6,1
4312906,RS,Sul,0,0,0,1,0,2,6,6,1
4312955,RS,Sul,0,1,2,4,4,1,3,5,7
4313003,RS,Sul,0,1,2,2,3,4,3,2,2
4313011,RS,Sul,0,1,2,2,3,4,3,2,2
4313037,RS,Sul,0,1,2,4,4,1,0,5,7
4313060,RS,Sul,0,0,0,1,0,2,6,6,1
4313086,RS,Sul,0,1,2,2,3,4,3,2,2
4313102,RS,Sul,0,0,0,1,0,2,6,6,1
4313201,RS,Sul,0,0,0,1,0,2,0,4,8
4313300,RS,Sul,0,0,0,1,0,2,6,6,8
4313334,RS,Sul,0,1,2,2,3,4,3,2,2
4313359,RS,Sul,0,1,2,4,4,2,6,6,1
4313375,RS,Sul,0,0,0,1,0,3,4,1,4
4313391,RS,Sul,0,1,2,2,3,4,3,2,2
4313409,RS,Sul,0,0,0,1,0,3,4,1,4
4313425,RS,Sul,0,1,2,2,3,4,3,2,2
4313441,RS,Sul,0,1,2,4,4,1,3,5,7
4313490,RS,Sul,0,1,2,4,4,1,3,2,2
4313508,RS,Sul,0,0,0,1,0,3,4,4,8
4313607,RS,Sul,0,1,2,2,3,4,3,2,2
4313656,RS,Sul,0,0,0,1,0,2,6,6,1
4313706,RS,Sul,0,1,2,2,3,4,1,3,6
4313805,RS,Sul,0,1,2,2,3,4,3,2,2
4313904,RS,Sul,0,0,0,1,0,2,6,6,1
4313953,RS,Sul,0,1,2,4,4,1,0,4,8
4314001,RS,Sul,0,1,2,4,4,1,0,5,7
4314027,RS,Sul,0,1,2,4,4,1,3,5,7
4314035,RS,Sul,0,1,2,4,4,1,3,5,7
4314050,RS,Sul,0,0,0,1,0,3,4,4,8
4314068,RS,Sul,0,1,2,4,4,1,3,5,7
4314076,RS,Sul,0,1,2,4,4,1,0,5,7
4314100,RS,Sul,0,0,0,1,0,3,4,1,4
4314134,RS,Sul,0,1,2,4,4,1,3,5,7
4314159,RS,Sul,0,1,2,4,4,1,0,4,8
4314175,RS,Sul,0,1,2,2,3,4,3,2,2
4314209,RS,Sul,0,1,2,4,4,1,0,5,7
4314308,RS,Sul,0,1,2,4,4,1,3,5,7
4314407,RS,Sul,0,0,0,1,0,3,4,1,4
4314423,RS,Sul,0,0,0,1,0,2,6,6,1
4314456,RS,Sul,0,1,2,4,4,1,3,5,7
4314464,RS,Sul,0,0,0,1,0,2,6,6,1
4314472,RS,Sul,0,0,0,1,0,2,6,6,1
4314498,RS,Sul,0,1,2,2,3,4,3,2,2
4314506,RS,Sul,0,1,0,4,4,1,0,4,8
4314555,RS,Sul,0,1,2,4,4,1,3,5,7
4314605,RS,Sul,0,1,2,2,3,4,1,2,2
4314704,RS,Sul,0,1,2,2,2,6,5,4,0
4314753,RS,Sul,0,1,2,4,4,2,3,2,2
4314779,RS,Sul,0,1,2,2,3,4,3,2,2
4314787,RS,Sul,0,1,2,4,4,1,3,5,7
4314803,RS,Sul,0,0,0,1,0,2,6,6,8
4314902,RS,Sul,0,0,0,1,0,3,4,1,4
4315008,RS,Sul,0,1,2,4,4,1,3,5,7
4315057,RS,Sul,0,1,2,2,3,4,3,2,2
4315073,RS,Sul,1,1,3,2,3,4,5,2,2
4315107,RS,Sul,0,1,2,4,4,1,0,4,0
4315131,RS,Sul,0,1,2,4,4,1,3,5,7
4315149,RS,Sul,0,0,0,1,0,2,6,6,1
4315156,RS,Sul,0,1,2,2,3,1,3,2,2
4315172,RS,Sul,0,1,2,4,4,1,3,5,7
4315206,RS,Sul,0,1,2,4,4,1,3,5,7
4315305,RS,Sul,0,1,2,2,3,4,0,4,8
4315313,RS,Sul,0,1,2,2,3,4,3,2,2
4315321,RS,Sul,0,1,2,4,4,1,3,5,7
4315354,RS,Sul,0,1,2,2,3,4,3,2,2
4315404,RS,Sul,1,1,3,0,2,6,5,7,0
4315503,RS,Sul,0,1,2,2,3,4,1,4,2
4315552,RS,Sul,0,1,2,2,3,4,3,2,2
4315602,RS,Sul,0,0,0,1,0,3,4,1,4
4315701,RS,Sul,0,0,0,2,3,3,1,4,6
4315750,RS,Sul,0,0,0,1,0,2,6,6,1
4315800,RS,Sul,0,0,0,1,0,2,6,6,1
4315909,RS,Sul,0,1,2,4,4,1,3,5,7
4316006,RS,Sul,0,0,0,1,0,3,6,4,8
4316105,RS,Sul,0,1,2,2,3,4,3,2,2
4316204,RS,Sul,0,1,2,4,4,1,3,5,7
4316303,RS,Sul,0,0,0,1,0,2,6,6,1
4316402,RS,Sul,0,0,0,1,0,3,0,4,8
4316428,RS,Sul,0,1,2,4,4,1,3,2,2
4316436,RS,Sul,0,1,2,2,3,4,3,2,2
4316451,RS,Sul,0,0,0,1,0,2,6,6,1
4316477,RS,Sul,0,1,2,4,4,1,3,5,7
4316501,RS,Sul,0,1,2,4,4,1,0,4,8
4316600,RS,Sul,0,1,2,4,4,1,0,4,8
4316709,RS,Sul,0,1,2,4,4,1,3,5,7
4316733,RS,Sul,0,1,2,2,3,4,3,2,2
4316758,RS,Sul,0,0,0,1,0,2,6,6,1
4316808,RS,Sul,0,0,0,1,0,3,4,1,4
4316907,RS,Sul,0,0,0,1,0,3,4,1,4
4316956,RS,Sul,0,1,2,4,4,1,3,2,8
4316972,RS,Sul,0,1,2,4,4,1,3,5,7
4317004,RS,Sul,0,1,2,2,3,4,5,2,0
4317103,RS,Sul,0,0,0,1,0,3,4,1,4
4317202,RS,Sul,0,0,0,1,0,3,4,1,4
4317301,RS,Sul,0,1,2,2,3,4,1,4,8
4317400,RS,Sul,0,0,0,1,0,3,4,4,8
4317509,RS,Sul,0,0,0,1,0,3,4,1,4
4317558,RS,Sul,0,1,2,4,4,1,3,5,7
4317608,RS,Sul,0,0,0,1,0,3,4,4,8
4317707,RS,Sul,0,1,2,2,3,4,1,3,6
4317756,RS,Sul,0,1,2,4,4,1,3,5,7
4317806,RS,Sul,0,1,2,4,4,1,3,5,7
4317905,RS,Sul,0,1,2,4,4,1,3,5,7
4317954,RS,Sul,0,1,2,4,4,1,3,2,2
4318002,RS,Sul,0,0,0,1,0,3,4,4,8
4318051,RS,Sul,0,1,2,4,4,1,0,5,7
4318101,RS,Sul,0,1,2,2,3,4,1,3,6
4318200,RS,Sul,0,1,2,2,3,4,1,3,6
4318309,RS,Sul,0,0,0,1,0,3,4,4,8
4318408,RS,Sul,0,0,0,1,0,3,4,4,8
4318424,RS,Sul,0,1,2,4,4,1,3,5,7
4318432,RS,Sul,0,1,2,4,4,1,3,5,7
4318440,RS,Sul,0,1,2,4,4,1,3,5,7
4318457,RS,Sul,0,1,2,4,4,1,3,5,7
4318465,RS,Sul,0,1,2,4,4,1,3,5,7
4318481,RS,Sul,0,1,2,2,3,4,0,4,8
4318499,RS,Sul,0,1,2,2,3,4,3,2,2
4318507,RS,Sul,1,2,3,0,2,6,5,4,0
4318606,RS,Sul,0,1,2,4,4,1,3,2,2
4318614,RS,Sul,0,1,2,2,3,4,3,2,2
4318622,RS,Sul,0,1,2,2,4,1,1,3,6
4318705,RS,Sul,0,0,0,1,0,3,4,1,4
4318804,RS,Sul,0,1,2,4,4,1,0,4,8
4318903,RS,Sul,0,0,0,1,0,3,4,4,8
4319000,RS,Sul,0,0,0,1,0,2,6,6,1
4319109,RS,Sul,0,1,2,4,4,1,3,5,7
4319125,RS,Sul,0,1,2,2,3,4,3,2,2
4319158,RS,Sul,0,1,2,2,3,4,3,5,7
4319208,RS,Sul,0,1,2,2,3,4,3,2,2
4319307,RS,Sul,0,1,2,4,4,1,3,5,7
4319356,RS,Sul,0,1,2,4,4,1,0,5,7
4319364,RS,Sul,0,1,2,2,2,6,5,2,2
4319372,RS,Sul,0,1,2,4,4,1,3,5,7
4319406,RS,Sul,0,1,2,4,4,1,0,4,8
4319505,RS,Sul,0,0,0,1,0,3,4,4,8
4319604,RS,Sul,0,1,2,4,4,1,3,5,8
4319703,RS,Sul,0,1,2,4,4,1,3,2,2
4319711,RS,Sul,0,1,2,4,4,1,0,5,7
4319737,RS,Sul,0,1,2,4,4,1,3,2,2
4319752,RS,Sul,0,1,2,4,4,1,0,5,7
4319802,RS,Sul,0,1,2,4,4,2,6,6,7
4319901,RS,Sul,0,0,0,1,0,3,6,6,4
4320008,RS,Sul,0,0,0,1,0,3,4,1,4
4320107,RS,Sul,0,0,0,1,0,3,0,4,8
4320206,RS,Sul,0,1,2,4,4,1,0,5,7
4320230,RS,Sul,0,1,2,4,4,1,3,5,7
4320263,RS,Sul,0,1,2,2,3,4,3,2,0
4320305,RS,Sul,0,1,2,4,4,1,3,5,7
4320321,RS,Sul,0,1,2,4,4,1,3,5,7
4320354,RS,Sul,0,1,3,2,3,6,5,2,2
4320404,RS,Sul,0,0,0,1,0,2,0,4,8
4320453,RS,Sul,0,1,2,4,4,1,3,5,7
4320503,RS,Sul,0,1,2,4,4,1,3,5,7
4320552,RS,Sul,0,0,0,2,3,4,1,4,8
4320578,RS,Sul,0,1,2,4,4,1,3,5,7
4320602,RS,Sul,0,1,2,2,3,4,1,2,2
4320651,RS,Sul,1,1,3,2,2,6,5,7,0
4320677,RS,Sul,0,1,2,2,2,6,5,7,0
4320701,RS,Sul,0,1,2,4,4,1,0,4,8
4320800,RS,Sul,0,0,0,1,0,3,4,4,8
4320859,RS,Sul,0,1,2,2,3,4,1,2,2
4320909,RS,Sul,0,0,0,1,0,2,6,6,1
4321006,RS,Sul,0,1,2,4,4,1,0,5,8
4321105,RS,Sul,0,1,2,4,4,1,0,4,8
4321204,RS,Sul,0,0,0,1,0,3,4,4,8
4321303,RS,Sul,0,0,0,1,0,2,6,6,8
4321329,RS,Sul,0,1,2,4,4,1,3,5,7
4321352,RS,Sul,0,1,2,2,3,4,0,4,0
4321402,RS,Sul,0,1,2,4,4,1,0,4,8
4321436,RS,Sul,0,1,3,0,2,6,5,7,0
4321451,RS,Sul,0,0,0,1,0,3,6,6,8
4321469,RS,Sul,0,1,2,4,4,1,3,2,2
4321477,RS,Sul,0,1,2,4,4,1,0,3,6
4321493,RS,Sul,0,1,2,4,4,1,3,5,7
4321501,RS,Sul,0,0,0,1,0,3,4,4,8
4321600,RS,Sul,0,0,0,1,0,3,4,4,8
4321626,RS,Sul,0,1,2,4,3,4,3,2,2
4321634,RS,Sul,0,1,2,4,4,1,3,5,7
4321667,RS,Sul,0,1,2,4,4,1,0,4,8
4321709,RS,Sul,0,0,0,1,0,2,6,6,8
4321808,RS,Sul,0,0,0,1,0,3,0,4,8
4321832,RS,Sul,0,1,2,4,4,1,3,2,2
4321857,RS,Sul,0,1,2,4,4,1,3,5,7
4321907,RS,Sul,0,0,0,1,0,3,0,4,8
4321956,RS,Sul,0,0,0,2,3,4,1,3,6
4322004,RS,Sul,0,0,0,1,0,2,6,6,1
4322103,RS,Sul,0,1,2,4,4,1,3,5,7
4322152,RS,Sul,1,2,3,0,2,6,5,7,3
4322202,RS,Sul,0,1,2,2,3,4,3,2,2
4322251,RS,Sul,0,0,0,1,0,2,6,6,1
4322301,RS,Sul,0,1,2,2,3,4,0,4,8
4322327,RS,Sul,0,1,2,4,4,1,3,5,7
4322343,RS,Sul,0,1,2,2,3,4,3,2,2
4322376,RS,Sul,0,1,2,2,3,4,3,2,2
4322400,RS,Sul,0,0,0,1,0,3,4,1,4
4322509,RS,Sul,0,0,0,1,0,3,4,4,8
4322525,RS,Sul,0,1,2,4,4,1,3,5,7
4322533,RS,Sul,0,1,2,4,4,1,3,5,7
4322541,RS,Sul,0,1,2,4,4,1,0,4,8
4322558,RS,Sul,0,1,2,2,3,4,3,2,2
4322608,RS,Sul,0,0,0,1,0,3,4,1,4
4322707,RS,Sul,0,0,0,1,0,3,0,4,8
4322806,RS,Sul,0,0,0,1,0,2,6,6,1
4322855,RS,Sul,0,1,2,4,4,1,3,5,7
4322905,RS,Sul,0,1,2,4,4,1,3,5,7
4323002,RS,Sul,1,0,0,1,1,3,4,1,4
4323101,RS,Sul,0,1,2,4,4,1,3,5,7
4323200,RS,Sul,0,1,2,4,4,1,3,5,7
4323309,RS,Sul,0,1,2,4,4,2,6,6,1
4323358,RS,Sul,0,1,2,4,4,1,3,5,7
4323408,RS,Sul,0,1,2,4,4,1,3,5,7
4323457,RS,Sul,0,1,2,4,4,1,3,2,2
4323507,RS,Sul,0,1,2,4,3,1,3,2,2
4323606,RS,Sul,0,1,2,4,4,1,3,5,7
4323705,RS,Sul,0,1,2,4,4,1,3,5,7
4323754,RS,Sul,0,1,2,4,4,1,3,5,7
4323770,RS,Sul,0,1,2,2,3,4,3,2,2
4323804,RS,Sul,0,0,0,1,0,1,0,4,8
5000203,MS,Centro-Oeste,0,0,0,1,0,4,1,3,6
5000252,MS,Centro-Oeste,0,1,2,4,4,1,3,5,7
5000609,MS,Centro-Oeste,0,0,1,3,1,3,1,3,6
5000708,MS,Centro-Oeste,0,0,0,1,0,3,0,4,8
5000807,MS,Centro-Oeste,0,1,2,4,4,1,3,5,7
5000856,MS,Centro-Oeste,0,1,2,2,3,2,6,6,1
5000906,MS,Centro-Oeste,0,1,2,2,3,4,1,3,6
5001003,MS,Centro-Oeste,0,0,0,1,0,2,6,4,8
5001102,MS,Centro-Oeste,1,2,1,3,1,5,2,0,5
5001243,MS,Centro-Oeste,0,1,2,2,3,4,1,3,6
5001508,MS,Centro-Oeste,0,1,2,2,3,4,1,3,6
5001904,MS,Centro-Oeste,0,0,0,1,0,2,6,6,1
5002001,MS,Centro-Oeste,0,1,2,2,3,4,1,2,2
5002100,MS,Centro-Oeste,1,2,1,2,3,4,1,3,6
5002159,MS,Centro-Oeste,1,2,1,3,1,5,1,3,6
5002209,MS,Centro-Oeste,0,0,2,2,3,4,1,3,6
5002308,MS,Centro-Oeste,0,1,2,2,3,4,3,3,6
5002407,MS,Centro-Oeste,0,1,2,2,3,4,1,4,8
5002605,MS,Centro-Oeste,0,1,2,2,3,4,3,2,2
5002704,MS,Centro-Oeste,0,0,0,1,0,3,4,1,4
5002803,MS,Centro-Oeste,0,1,2,4,4,1,3,5,7
5002902,MS,Centro-Oeste,0,0,0,2,3,4,1,4,8
5002951,MS,Centro-Oeste,0,0,2,2,3,4,1,3,6
5003108,MS,Centro-Oeste,0,1,2,4,4,1,0,5,7
5003157,MS,Centro-Oeste,1,2,1,3,2,6,1,3,6
5003207,MS,Centro-Oeste,1,0,0,1,0,3,4,1,4
5003256,MS,Centro-Oeste,0,1,2,2,3,4,1,5,7
5003306,MS,Centro-Oeste,0,0,0,1,0,3,1,4,8
5003454,MS,Centro-Oeste,0,1,2,4,4,1,0,5,7
5003488,MS,Centro-Oeste,0,1,2,2,2,6,5,7,6
5003504,MS,Centro-Oeste,0,1,2,4,4,1,0,5,7
5003702,MS,Centro-Oeste,0,0,0,1,0,3,4,1,4
5003751,MS,Centro-Oeste,0,1,2,2,3,4,1,3,6
5003801,MS,Centro-Oeste,0,0,0,1,0,3,0,4,8
5003900,MS,Centro-Oeste,0,1,2,4,4,1,3,5,7
5004007,MS,Centro-Oeste,0,1,2,4,4,1,0,5,7
5004106,MS,Centro-Oeste,0,1,2,2,3,4,1,3,6
5004304,MS,Centro-Oeste,0,1,2,2,3,4,1,3,6
5004403,MS,Centro-Oeste,0,1,2,2,3,4,1,2,2
5004502,MS,Centro-Oeste,0,1,2,2,3,4,1,3,6
5004601,MS,Centro-Oeste,0,0,0,2,3,4,1,3,6
5004700,MS,Centro-Oeste,0,0,0,2,3,4,1,3,6
5004809,MS,Centro-Oeste,0,1,2,2,3,4,0,2,0
5004908,MS,Centro-Oeste,0,1,2,2,3,4,1,3,6
5005004,MS,Centro-Oeste,1,2,3,0,2,6,5,7,3
5005103,MS,Centro-Oeste,0,1,2,2,3,4,3,5,7
5005152,MS,Centro-Oeste,0,1,2,2,3,4,1,5,7
5005202,MS,Centro-Oeste,1,2,3,0,2,6,5,7,0
5005251,MS,Centro-Oeste,0,1,2,2,3,4,3,3,6
5005400,MS,Centro-Oeste,0,0,0,2,3,4,1,3,6
5005608,MS,Centro-Oeste,1,2,3,0,2,6,5,7,3
5005681,MS,Centro-Oeste,0,0,0,1,0,3,0,4,8
5005707,MS,Centro-Oeste,0,0,0,1,0,3,4,4,8
5005806,MS,Centro-Oeste,1,2,1,2,3,4,1,3,6
5006002,MS,Centro-Oeste,0,0,2,2,3,4,1,3,6
5006200,MS,Centro-Oeste,0,0,0,1,0,3,4,4,8
5006259,MS,Centro-Oeste,0,1,2,4,4,1,3,5,7
5006275,MS,Centro-Oeste,0,1,2,4,4,1,3,5,7
5006309,MS,Centro-Oeste,0,0,0,1,0,3,4,4,8
5006358,MS,Centro-Oeste,1,1,2,4,2,6,0,4,0
5006408,MS,Centro-Oeste,0,1,2,4,4,1,0,5,7
5006606,MS,Centro-Oeste,0,0,0,1,0,3,4,4,8
5006903,MS,Centro-Oeste,1,1,2,2,3,4,1,3,6
5007109,MS,Centro-Oeste,0,1,2,2,3,4,1,3,6
5007208,MS,Centro-Oeste,0,0,0,1,0,3,6,6,8
5007307,MS,Centro-Oeste,0,1,2,4,4,1,0,5,7
5007406,MS,Centro-Oeste,0,1,2,4,4,1,0,4,8
5007505,MS,Centro-Oeste,0,1,2,2,3,4,1,4,8
5007554,MS,Centro-Oeste,0,1,2,2,3,4,1,3,6
5007695,MS,Centro-Oeste,0,0,2,2,3,4,1,3,6
5007703,MS,Centro-Oeste,0,1,2,2,3,4,1,3,6
5007802,MS,Centro-Oeste,0,0,0,1,0,2,6,6,1
5007901,MS,Centro-Oeste,1,0,1,2,3,4,1,3,6
5007935,MS,Centro-Oeste,0,1,2,4,4,1,0,5,7
5007950,MS,Centro-Oeste,1,2,3,2,3,4,1,3,6
5007976,MS,Centro-Oeste,0,1,2,4,4,1,3,5,7
5008008,MS,Centro-Oeste,0,1,2,4,4,1,0,5,7
5008305,MS,Centro-Oeste,0,0,0,1,0,2,6,6,1
5008404,MS,Centro-Oeste,0,1,2,4,4,1,3,5,7
5100102,MT,Centro-Oeste,1,2,1,3,1,5,2,0,5
5100201,MT,Centro-Oeste,0,0,0,2,3,4,1,3,6
5100250,MT,Centro-Oeste,0,0,0,1,0,3,4,4,8
5100300,MT,Centro-Oeste,0,0,0,1,0,2,6,6,1
5100359,MT,Centro-Oeste,0,1,2,2,3,4,1,3,6
5100409,MT,Centro-Oeste,0,1,2,2,3,4,3,5,7
5100508,MT,Centro-Oeste,1,2,3,0,2,6,5,7,0
5100607,MT,Centro-Oeste,0,1,2,2,3,4,3,2,2
5100805,MT,Centro-Oeste,1,2,1,3,1,5,2,0,5
5101001,MT,Centro-Oeste,0,1,2,2,3,4,1,3,6
5101209,MT,Centro-Oeste,0,1,2,4,4,1,3,2,2
5101258,MT,Centro-Oeste,0,0,0,1,0,2,6,6,8
5101308,MT,Centro-Oeste,0,1,2,4,4,1,0,4,8
5101407,MT,Centro-Oeste,0,0,0,1,0,2,6,6,1
5101605,MT,Centro-Oeste,1,2,3,0,2,6,5,7,0
5101704,MT,Centro-Oeste,1,0,1,3,1,5,1,3,6
5101803,MT,Centro-Oeste,0,0,0,1,0,3,4,1,4
5101852,MT,Centro-Oeste,0,1,2,2,3,4,1,3,6
5101902,MT,Centro-Oeste,0,1,2,2,3,4,1,3,6
5102504,MT,Centro-Oeste,1,2,1,3,1,5,2,0,5
5102603,MT,Centro-Oeste,1,2,1,0,2,6,5,7,3
5102637,MT,Centro-Oeste,0,0,0,2,3,4,1,3,6
5102678,MT,Centro-Oeste,0,0,0,2,3,4,1,3,6
5102686,MT,Centro-Oeste,0,1,2,2,3,4,1,3,6
5102694,MT,Centro-Oeste,0,1,2,4,4,1,3,5,7
5102702,MT,Centro-Oeste,0,0,1,2,3,4,1,3,6
5102793,MT,Centro-Oeste,1,1,1,2,3,4,1,3,6
5102850,MT,Centro-Oeste,0,1,2,4,4,1,0,5,7
5103007,MT,Centro-Oeste,1,2,1,3,1,5,1,3,6
5103056,MT,Centro-Oeste,0,1,2,4,4,2,6,6,8
5103106,MT,Centro-Oeste,0,1,2,2,3,4,1,3,6
5103205,MT,Centro-Oeste,0,0,0,1,0,3,4,4,8
5103254,MT,Centro-Oeste,1,2,1,3,1,5,2,0,5
5103304,MT,Centro-Oeste,1,0,1,3,1,5,1,3,6
5103353,MT,Centro-Oeste,0,0,0,1,0,3,4,4,8
5103361,MT,Centro-Oeste,0,1,2,2,3,4,1,3,6
5103379,MT,Centro-Oeste,0,1,2,4,4,1,0,4,8
5103403,MT,Centro-Oeste,0,0,0,1,0,3,4,1,4
5103437,MT,Centro-Oeste,0,1,2,2,3,4,0,2,2
5103452,MT,Centro-Oeste,0,1,2,2,3,4,1,3,6
5103502,MT,Centro-Oeste,0,1,2,2,3,4,1,3,6
5103601,MT,Centro-Oeste,0,1,2,2,3,4,1,3,6
5103700,MT,Centro-Oeste,0,1,1,2,3,4,1,3,6
5103809,MT,Centro-Oeste,0,1,2,4,3,1,0,2,2
5103858,MT,Centro-Oeste,0,1,2,2,3,4,1,3,6
5103908,MT,Centro-Oeste,1,1,1,2,3,4,1,3,6
5103957,MT,Centro-Oeste,0,1,2,4,4,1,3,5,7
5104104,MT,Centro-Oeste,1,2,1,3,1,5,2,0,5
5104203,MT,Centro-Oeste,0,1,2,2,3,4,1,3,6
5104500,MT,Centro-Oeste,0,1,2,4,4,2,6,6,1
5104526,MT,Centro-Oeste,0,1,2,2,3,4,3,5,7
5104542,MT,Centro-Oeste,0,1,2,2,3,4,1,3,6
5104559,MT,Centro-Oeste,0,1,2,2,3,4,1,3,6
5104609,MT,Centro-Oeste,0,1,2,2,3,4,1,3,6
5104807,MT,Centro-Oeste,0,0,0,1,0,3,0,4,8
5104906,MT,Centro-Oeste,1,2,1,3,1,5,1,3,6
5105002,MT,Centro-Oeste,0,0,0,1,0,2,6,6,1
5105101,MT,Centro-Oeste,1,0,1,3,1,5,1,3,6
5105150,MT,Centro-Oeste,0,0,0,1,0,3,4,4,8
5105176,MT,Centro-Oeste,1,2,1,3,1,5,2,0,5
5105200,MT,Centro-Oeste,0,1,2,2,3,4,1,3,6
5105234,MT,Centro-Oeste,0,1,2,2,3,4,3,2,2
5105259,MT,Centro-Oeste,0,0,0,1,0,3,4,1,4
5105309,MT,Centro-Oeste,1,2,3,0,2,6,5,7,3
5105507,MT,Centro-Oeste,0,1,2,2,3,4,1,3,6
5105580,MT,Centro-Oeste,0,1,2,2,3,4,1,3,6
5105606,MT,Centro-Oeste,0,0,0,1,0,3,1,4,8
5105622,MT,Centro-Oeste,0,0,0,1,0,3,0,4,8
5105903,MT,Centro-Oeste,0,0,0,1,0,2,6,6,1
5106000,MT,Centro-Oeste,0,1,2,2,3,4,1,3,6
5106109,MT,Centro-Oeste,1,0,1,3,1,5,1,4,6
5106158,MT,Centro-Oeste,1,2,3,0,2,6,5,7,0
5106174,MT,Centro-Oeste,1,2,3,2,2,6,5,7,3
5106182,MT,Centro-Oeste,0,1,2,2,3,4,1,3,6
5106190,MT,Centro-Oeste,0,1,2,2,3,4,3,5,7
5106208,MT,Centro-Oeste,0,1,2,4,4,1,0,4,6
5106216,MT,Centro-Oeste,0,0,0,1,0,2,6,6,1
5106224,MT,Centro-Oeste,0,0,0,1,0,3,4,1,8
5106232,MT,Centro-Oeste,0,0,0,1,0,1,0,4,8
5106240,MT,Centro-Oeste,0,1,2,2,3,4,1,3,6
5106257,MT,Centro-Oeste,0,0,0,1,0,3,1,4,8
5106265,MT,Centro-Oeste,0,1,2,2,3,4,1,3,6
5106273,MT,Centro-Oeste,0,1,2,4,4,1,0,5,7
5106281,MT,Centro-Oeste,0,1,2,2,3,4,1,3,6
5106299,MT,Centro-Oeste,0,0,0,1,0,2,6,6,1
5106307,MT,Centro-Oeste,0,1,2,2,3,4,1,3,6
5106315,MT,Centro-Oeste,0,1,2,4,4,1,0,5,0
5106372,MT,Centro-Oeste,0,0,0,2,3,4,1,3,6
5106422,MT,Centro-Oeste,1,0,1,3,1,5,2,4,5
5106455,MT,Centro-Oeste,0,1,2,2,3,4,1,3,6
5106505,MT,Centro-Oeste,1,2,1,3,1,5,2,0,5
5106653,MT,Centro-Oeste,0,1,2,4,4,1,0,2,0
5106703,MT,Centro-Oeste,0,1,2,4,4,1,0,5,0
5106752,MT,Centro-Oeste,0,0,0,1,0,3,4,1,4
5106778,MT,Centro-Oeste,0,1,2,2,3,4,1,3,6
5106802,MT,Centro-Oeste,0,1,2,2,3,4,3,3,2
5106828,MT,Centro-Oeste,0,1,2,2,2,6,1,3,6
5106851,MT,Centro-Oeste,1,2,3,0,2,6,5,7,3
5107008,MT,Centro-Oeste,0,1,2,2,3,4,1,3,6
5107040,MT,Centro-Oeste,0,0,0,1,0,3,4,1,8
5107065,MT,Centro-Oeste,0,0,0,2,3,4,1,3,6
5107107,MT,Centro-Oeste,1,2,1,3,1,5,2,0,5
5107156,MT,Centro-Oeste,0,1,2,4,4,1,0,2,0
5107180,MT,Centro-Oeste,1,2,1,2,3,4,1,3,6
5107198,MT,Centro-Oeste,0,1,2,2,3,4,3,2,2
5107206,MT,Centro-Oeste,0,1,2,4,4,1,0,4,8
5107248,MT,Centro-Oeste,0,1,2,4,4,1,3,5,7
5107263,MT,Centro-Oeste,0,1,2,4,4,1,3,5,7
5107297,MT,Centro-Oeste,0,1,2,4,4,1,0,5,7
5107305,MT,Centro-Oeste,0,1,1,2,3,4,1,3,6
5107354,MT,Centro-Oeste,0,1,2,2,3,4,1,3,6
5107404,MT,Centro-Oeste,0,1,2,4,4,1,0,5,7
5107578,MT,Centro-Oeste,1,2,3,0,2,6,5,7,3
5107602,MT,Centro-Oeste,0,0,0,1,0,3,4,1,4
5107701,MT,Centro-Oeste,1,2,3,0,2,6,5,7,3
5107743,MT,Centro-Oeste,0,1,2,2,3,4,1,3,6
5107750,MT,Centro-Oeste,0,1,2,4,4,1,0,5,7
5107768,MT,Centro-Oeste,0,1,2,2,3,4,3,3,7
5107776,MT,Centro-Oeste,1,1,3,2,3,4,1,3,6
5107792,MT,Centro-Oeste,0,1,2,2,3,4,1,3,6
5107800,MT,Centro-Oeste,1,2,1,2,1,4,1,3,6
5107859,MT,Centro-Oeste,0,1,1,2,3,4,1,3,6
5107875,MT,Centro-Oeste,0,1,2,2,3,4,1,3,6
5107883,MT,Centro-Oeste,0,1,2,2,3,4,3,2,2
5107909,MT,Centro-Oeste,0,0,0,1,0,3,4,1,4
5107925,MT,Centro-Oeste,0,0,0,1,0,3,4,1,4
5107941,MT,Centro-Oeste,0,1,2,2,3,4,1,3,6
5107958,MT,Centro-Oeste,0,0,0,1,0,3,4,1,4
5108006,MT,Centro-Oeste,0,1,2,2,3,4,3,3,7
5108055,MT,Centro-Oeste,0,1,2,2,3,4,1,3,6
5108105,MT,Centro-Oeste,0,1,2,2,3,4,3,2,2
5108204,MT,Centro-Oeste,0,1,2,2,3,4,1,3,6
5108303,MT,Centro-Oeste,0,1,2,4,3,4,3,5,7
5108352,MT,Centro-Oeste,1,2,3,2,2,6,1,3,6
5108402,MT,Centro-Oeste,1,0,0,1,0,3,4,1,4
5108501,MT,Centro-Oeste,0,1,2,2,3,4,1,3,6
5108600,MT,Centro-Oeste,1,2,1,3,1,5,1,3,6
5108808,MT,Centro-Oeste,0,1,2,2,3,4,1,3,6
5108857,MT,Centro-Oeste,0,0,0,2,3,2,6,6,1
5108907,MT,Centro-Oeste,0,1,2,2,3,4,1,2,2
5108956,MT,Centro-Oeste,0,1,2,4,4,1,0,4,8
5200050,GO,Centro-Oeste,1,0,1,3,1,5,2,4,5
5200100,GO,Centro-Oeste,1,2,1,3,1,5,1,0,6
5200134,GO,Centro-Oeste,0,1,2,4,4,1,0,5,8
5200159,GO,Centro-Oeste,0,1,2,4,4,1,0,2,2
5200175,GO,Centro-Oeste,0,1,2,2,3,4,1,3,6
5200209,GO,Centro-Oeste,0,1,2,4,4,1,0,5,7
5200258,GO,Centro-Oeste,1,0,1,3,1,5,4,1,4
5200308,GO,Centro-Oeste,0,0,0,1,0,3,4,1,4
5200506,GO,Centro-Oeste,0,1,2,2,3,4,3,2,2
5200555,GO,Centro-Oeste,0,0,0,1,0,2,6,6,1
5200605,GO,Centro-Oeste,0,2,1,3,1,5,1,3,6
5200803,GO,Centro-Oeste,1,2,1,3,2,6,5,7,0
5200829,GO,Centro-Oeste,0,1,2,2,3,4,3,2,2
5200852,GO,Centro-Oeste,0,1,2,4,4,1,0,5,0
5200902,GO,Centro-Oeste,0,1,2,2,3,4,3,2,2
5201108,GO,Centro-Oeste,0,0,0,1,0,3,4,1,4
5201207,GO,Centro-Oeste,0,1,3,4,4,1,0,5,0
5201306,GO,Centro-Oeste,1,0,1,3,1,3,4,4,5
5201405,GO,Centro-Oeste,1,0,0,1,0,3,4,1,4
5201454,GO,Centro-Oeste,0,1,2,4,4,1,3,5,7
5201504,GO,Centro-Oeste,0,1,2,2,3,2,6,6,1
5201603,GO,Centro-Oeste,0,1,2,2,3,4,0,2,2
5201702,GO,Centro-Oeste,1,0,1,3,1,3,0,4,8
5201801,GO,Centro-Oeste,1,2,1,3,2,6,5,7,3
5202155,GO,Centro-Oeste,1,1,2,2,3,4,1,3,6
5202353,GO,Centro-Oeste,0,1,2,4,4,1,3,5,7
5202502,GO,Centro-Oeste,0,1,2,4,4,1,0,5,7
5202601,GO,Centro-Oeste,0,1,2,4,4,1,0,5,7
5202809,GO,Centro-Oeste,0,1,2,4,3,4,3,2,2
5203104,GO,Centro-Oeste,0,1,2,4,4,1,3,5,7
5203203,GO,Centro-Oeste,0,0,0,1,0,2,6,6,1
5203302,GO,Centro-Oeste,0,0,0,1,0,3,6,6,8
5203401,GO,Centro-Oeste,0,1,2,4,4,1,3,5,7
5203500,GO,Centro-Oeste,0,0,0,2,3,4,1,3,6
5203559,GO,Centro-Oeste,0,2,2,4,4,1,0,4,8
5203575,GO,Centro-Oeste,0,1,2,2,3,4,1,2,2
5203609,GO,Centro-Oeste,0,0,0,1,0,2,1,4,8
5203807,GO,Centro-Oeste,0,1,2,2,3,4,1,2,2
5203906,GO,Centro-Oeste,0,1,2,2,3,4,1,4,6
5203939,GO,Centro-Oeste,0,1,2,4,4,1,0,5,7
5203962,GO,Centro-Oeste,0,0,0,1,0,2,6,6,1
5204003,GO,Centro-Oeste,0,1,2,2,3,4,1,3,6
5204102,GO,Centro-Oeste,0,1,2,4,4,1,0,4,8
5204201,GO,Centro-Oeste,0,1,2,2,3,4,3,2,2
5204250,GO,Centro-Oeste,0,0,0,4,4,1,0,5,8
5204300,GO,Centro-Oeste,0,0,0,1,0,2,6,6,1
5204409,GO,Centro-Oeste,0,1,2,2,3,4,1,3,6
5204508,GO,Centro-Oeste,0,0,0,1,0,3,4,1,4
5204557,GO,Centro-Oeste,0,1,2,4,4,1,0,5,7
5204607,GO,Centro-Oeste,0,1,2,2,3,4,0,2,2
5204656,GO,Centro-Oeste,0,1,2,2,3,4,1,2,2
5204706,GO,Centro-Oeste,1,2,3,0,5,0,7,8,9
5204805,GO,Centro-Oeste,0,1,2,2,3,4,3,3,6
5204854,GO,Centro-Oeste,0,1,2,4,4,1,0,5,7
5204904,GO,Centro-Oeste,1,2,1,3,1,5,2,0,5
5204953,GO,Centro-Oeste,0,1,2,2,3,4,1,3,6
5205000,GO,Centro-Oeste,0,0,0,1,0,2,0,4,8
5205059,GO,Centro-Oeste,0,1,2,2,3,4,3,2,2
5205109,GO,Centro-Oeste,0,0,0,1,0,3,4,1,4
5205208,GO,Centro-Oeste,0,1,2,4,4,1,0,5,0
5205307,GO,Centro-Oeste,0,0,0,1,0,2,6,6,1
5205406,GO,Centro-Oeste,0,0,0,1,0,3,0,4,8
5205455,GO,Centro-Oeste,0,0,0,1,0,2,6,6,1
5205471,GO,Centro-Oeste,0,0,0,1,0,2,6,6,1
5205497,GO,Centro-Oeste,1,0,0,1,0,3,4,1,4
5205513,GO,Centro-Oeste,0,0,2,4,4,1,0,4,8
5205521,GO,Centro-Oeste,0,1,2,4,4,1,0,5,0
5205703,GO,Centro-Oeste,0,1,2,4,4,1,3,5,7
5205802,GO,Centro-Oeste,0,1,2,2,3,4,1,3,6
5205901,GO,Centro-Oeste,0,0,0,1,0,2,6,6,1
5206206,GO,Centro-Oeste,0,0,0,2,3,3,1,3,6
5206305,GO,Centro-Oeste,0,1,2,4,4,1,0,5,7
5206404,GO,Centro-Oeste,0,0,0,1,0,2,6,6,1
5206503,GO,Centro-Oeste,0,1,2,2,3,4,3,2,2
5206602,GO,Centro-Oeste,0,1,2,2,3,4,1,2,2
5206701,GO,Centro-Oeste,1,2,3,0,2,6,5,7,0
5206800,GO,Centro-Oeste,0,1,2,4,4,1,0,5,7
5206909,GO,Centro-Oeste,0,0,0,1,0,2,6,6,1
5207105,GO,Centro-Oeste,0,1,2,4,4,1,3,5,7
5207253,GO,Centro-Oeste,0,1,2,2,3,4,3,2,2
5207352,GO,Centro-Oeste,0,1,2,4,4,1,3,5,7
5207402,GO,Centro-Oeste,0,0,0,1,0,2,6,6,1
5207501,GO,Centro-Oeste,0,1,2,4,4,1,0,5,7
5207535,GO,Centro-Oeste,1,2,1,2,3,4,1,3,6
5207600,GO,Centro-Oeste,0,1,2,2,3,4,1,2,2
5207808,GO,Centro-Oeste,0,1,2,2,3,4,0,4,8
5207907,GO,Centro-Oeste,1,2,1,3,1,5,1,3,6
5208004,GO,Centro-Oeste,1,0,1,3,1,3,4,1,4
5208103,GO,Centro-Oeste,0,1,2,4,4,1,0,5,7
5208152,GO,Centro-Oeste,0,1,2,4,3,4,3,5,7
5208301,GO,Centro-Oeste,0,1,3,0,2,6,5,7,0
5208400,GO,Centro-Oeste,0,0,0,1,0,4,0,4,8
5208509,GO,Centro-Oeste,0,1,2,4,4,1,0,5,7
5208608,GO,Centro-Oeste,0,0,0,1,0,3,4,1,4
5208707,GO,Centro-Oeste,0,0,0,1,0,3,4,1,4
5208806,GO,Centro-Oeste,0,0,0,1,0,3,4,1,4
5208905,GO,Centro-Oeste,0,1,2,2,3,4,1,4,8
5209101,GO,Centro-Oeste,0,0,0,1,0,3,4,4,8
5209150,GO,Centro-Oeste,0,1,2,4,4,1,3,5,7
5209200,GO,Centro-Oeste,0,0,0,1,0,3,0,4,8
5209291,GO,Centro-Oeste,0,1,2,4,3,1,3,2,2
5209408,GO,Centro-Oeste,1,1,2,2,3,4,1,3,6
5209457,GO,Centro-Oeste,1,1,2,2,3,4,1,2,2
5209606,GO,Centro-Oeste,0,1,2,2,3,4,1,2,2
5209705,GO,Centro-Oeste,0,0,0,1,0,3,4,4,8
5209804,GO,Centro-Oeste,0,1,2,4,4,1,0,5,7
5209903,GO,Centro-Oeste,1,2,1,3,1,5,2,4,5
5209937,GO,Centro-Oeste,0,1,2,2,3,4,1,2,2
5209952,GO,Centro-Oeste,0,0,0,1,0,3,1,4,8
5210000,GO,Centro-Oeste,0,0,0,1,0,3,4,1,4
5210109,GO,Centro-Oeste,0,0,0,1,0,2,6,6,1
5210158,GO,Centro-Oeste,0,1,2,4,4,1,3,5,7
5210208,GO,Centro-Oeste,0,0,0,1,0,3,4,4,8
5210307,GO,Centro-Oeste,0,1,2,2,3,4,1,2,2
5210406,GO,Centro-Oeste,0,0,0,1,0,3,4,1,4
5210562,GO,Centro-Oeste,0,1,2,4,3,1,0,2,2
5210604,GO,Centro-Oeste,0,1,2,2,3,4,0,2,0
5210802,GO,Centro-Oeste,0,1,2,4,4,1,3,5,7
5210901,GO,Centro-Oeste,0,0,0,1,0,3,0,4,8
5211008,GO,Centro-Oeste,0,1,2,2,3,4,1,3,6
5211206,GO,Centro-Oeste,0,0,2,4,4,3,0,4,8
5211305,GO,Centro-Oeste,0,1,2,2,3,4,1,2,2
5211404,GO,Centro-Oeste,0,1,2,4,4,1,0,4,8
5211503,GO,Centro-Oeste,0,0,0,1,0,3,4,1,4
5211602,GO,Centro-Oeste,0,1,2,2,3,2,6,6,1
5211701,GO,Centro-Oeste,0,1,2,2,3,4,1,3,6
5211800,GO,Centro-Oeste,1,0,1,3,1,3,4,1,4
5211909,GO,Centro-Oeste,0,0,0,1,0,3,4,1,4
5212006,GO,Centro-Oeste,0,1,2,4,4,1,3,5,7
5212055,GO,Centro-Oeste,0,1,2,4,4,1,0,2,0
5212105,GO,Centro-Oeste,0,1,2,4,4,1,0,5,7
5212204,GO,Centro-Oeste,0,1,2,2,3,4,1,3,6
5212253,GO,Centro-Oeste,0,1,2,4,4,1,3,5,7
5212303,GO,Centro-Oeste,0,1,2,2,3,4,1,3,6
5212501,GO,Centro-Oeste,1,0,0,1,0,3,4,1,4
5212600,GO,Centro-Oeste,0,1,2,4,4,1,3,5,7
5212709,GO,Centro-Oeste,1,2,1,3,1,5,2,0,5
5212808,GO,Centro-Oeste,0,1,2,4,4,1,0,5,7
5212907,GO,Centro-Oeste,0,1,2,4,3,1,0,2,2
5212956,GO,Centro-Oeste,0,1,2,2,3,4,3,2,2
5213004,GO,Centro-Oeste,0,1,2,2,3,4,1,2,2
5213053,GO,Centro-Oeste,0,1,2,2,3,4,1,3,6
5213087,GO,Centro-Oeste,0,0,0,1,0,2,6,6,1
5213103,GO,Centro-Oeste,0,0,0,1,0,3,4,1,4
5213400,GO,Centro-Oeste,0,1,2,2,3,4,3,2,2
5213509,GO,Centro-Oeste,1,2,1,3,1,5,2,0,5
5213707,GO,Centro-Oeste,0,1,2,2,3,4,1,3,6
5213756,GO,Centro-Oeste,0,1,2,2,3,4,1,3,6
5213772,GO,Centro-Oeste,1,1,2,2,3,4,1,3,6
5213806,GO,Centro-Oeste,0,0,0,1,0,3,4,1,4
5213855,GO,Centro-Oeste,0,1,2,4,4,1,3,5,7
5213905,GO,Centro-Oeste,0,1,2,4,4,1,3,5,7
5214002,GO,Centro-Oeste,0,0,0,1,0,2,6,6,1
5214051,GO,Centro-Oeste,0,1,2,4,4,1,3,5,7
5214101,GO,Centro-Oeste,0,1,2,2,3,4,1,3,6
5214408,GO,Centro-Oeste,0,0,0,1,0,2,6,4,8
5214507,GO,Centro-Oeste,0,0,0,1,0,3,4,4,8
5214606,GO,Centro-Oeste,0,0,1,2,3,3,1,3,6
5214705,GO,Centro-Oeste,0,1,2,4,4,1,0,5,7
5214804,GO,Centro-Oeste,0,1,2,4,4,1,0,2,2
5214838,GO,Centro-Oeste,0,1,2,2,3,4,1,3,6
5214861,GO,Centro-Oeste,1,2,3,0,2,6,5,7,3
5214879,GO,Centro-Oeste,0,1,2,2,3,4,3,2,2
5214903,GO,Centro-Oeste,1,2,1,3,1,5,1,3,6
5215009,GO,Centro-Oeste,0,0,0,1,0,1,0,4,8
5215207,GO,Centro-Oeste,0,1,2,2,3,4,3,2,2
5215231,GO,Centro-Oeste,1,2,1,3,1,5,2,0,5
5215256,GO,Centro-Oeste,0,1,2,2,3,4,3,2,2
5215306,GO,Centro-Oeste,0,0,1,2,3,4,1,3,6
5215405,GO,Centro-Oeste,0,1,2,4,4,1,3,5,7
5215504,GO,Centro-Oeste,0,0,0,1,0,2,6,6,1
5215603,GO,Centro-Oeste,1,2,1,3,1,5,1,3,6
5215652,GO,Centro-Oeste,0,1,2,4,4,1,3,5,7
5215702,GO,Centro-Oeste,0,0,0,1,0,3,6,6,8
5215801,GO,Centro-Oeste,0,1,2,4,4,1,3,2,2
5215900,GO,Centro-Oeste,0,1,2,4,4,1,3,5,7
5216007,GO,Centro-Oeste,0,1,2,4,4,1,3,5,7
5216304,GO,Centro-Oeste,0,1,2,4,4,1,0,5,7
5216403,GO,Centro-Oeste,0,1,2,2,3,4,1,3,6
5216452,GO,Centro-Oeste,0,1,2,2,3,2,6,6,1
5216809,GO,Centro-Oeste,0,1,2,4,4,1,0,5,0
5216908,GO,Centro-Oeste,0,1,2,4,4,2,6,6,1
5217104,GO,Centro-Oeste,0,1,2,2,3,4,1,3,6
5217203,GO,Centro-Oeste,0,0,0,4,4,1,0,4,8
5217302,GO,Centro-Oeste,1,0,1,3,1,5,1,3,6
5217401,GO,Centro-Oeste,0,0,0,1,0,3,4,4,8
5217609,GO,Centro-Oeste,1,0,1,3,1,3,4,1,4
5217708,GO,Centro-Oeste,0,1,2,2,3,4,1,3,6
5218003,GO,Centro-Oeste,1,0,1,3,1,5,2,0,5
5218052,GO,Centro-Oeste,0,1,2,2,3,4,3,2,2
5218102,GO,Centro-Oeste,0,1,2,2,3,4,3,2,2
5218300,GO,Centro-Oeste,1,0,1,3,1,5,2,0,5
5218391,GO,Centro-Oeste,0,1,2,2,3,4,1,2,2
5218508,GO,Centro-Oeste,0,0,0,1,0,3,4,1,4
5218607,GO,Centro-Oeste,0,0,0,4,4,1,0,4,8
5218706,GO,Centro-Oeste,0,1,2,4,4,1,0,4,8
5218789,GO,Centro-Oeste,0,1,2,4,4,1,0,2,2
5218805,GO,Centro-Oeste,0,0,0,1,0,3,4,1,4
5218904,GO,Centro-Oeste,0,0,0,1,0,3,4,4,8
5219001,GO,Centro-Oeste,0,1,2,4,4,1,0,5,8
5219100,GO,Centro-Oeste,0,1,2,4,4,1,0,4,8
5219209,GO,Centro-Oeste,0,1,2,2,3,4,3,2,2
5219258,GO,Centro-Oeste,0,0,0,1,0,2,6,6,1
5219357,GO,Centro-Oeste,0,1,2,4,4,1,3,5,7
5219407,GO,Centro-Oeste,0,1,2,4,4,1,0,4,0
5219456,GO,Centro-Oeste,0,1,2,2,3,4,3,2,2
5219506,GO,Centro-Oeste,0,1,2,4,4,1,0,5,7
5219605,GO,Centro-Oeste,0,1,2,4,4,1,3,5,7
5219704,GO,Centro-Oeste,1,2,3,0,2,6,5,7,9
5219712,GO,Centro-Oeste,0,1,2,4,4,2,6,6,1
5219738,GO,Centro-Oeste,0,0,0,1,0,2,0,4,8
5219753,GO,Centro-Oeste,1,2,1,3,1,5,2,0,5
5219803,GO,Centro-Oeste,0,0,0,1,2,2,6,6,1
5219902,GO,Centro-Oeste,0,1,2,4,4,1,0,5,7
5220009,GO,Centro-Oeste,0,1,2,2,3,4,1,3,6
5220058,GO,Centro-Oeste,0,1,2,4,4,1,3,5,7
5220108,GO,Centro-Oeste,0,0,0,1,0,2,6,6,1
5220157,GO,Centro-Oeste,0,1,2,2,3,4,1,3,6
5220207,GO,Centro-Oeste,1,2,1,3,1,5,1,3,6
5220264,GO,Centro-Oeste,0,1,2,4,4,1,3,5,7
5220280,GO,Centro-Oeste,0,1,2,4,4,1,3,5,7
5220405,GO,Centro-Oeste,0,0,0,1,0,2,6,6,1
5220454,GO,Centro-Oeste,0,0,0,1,0,3,4,1,4
5220504,GO,Centro-Oeste,0,1,2,2,3,4,1,3,6
5220603,GO,Centro-Oeste,0,1,2,2,3,4,1,3,7
5220686,GO,Centro-Oeste,0,0,0,4,4,1,0,4,8
5220702,GO,Centro-Oeste,1,1,3,2,3,4,5,7,2
5221007,GO,Centro-Oeste,0,1,2,2,3,4,0,2,2
5221080,GO,Centro-Oeste,1,1,3,4,2,6,0,7,0
5221197,GO,Centro-Oeste,0,0,0,1,0,2,0,4,8
5221304,GO,Centro-Oeste,0,1,2,2,3,4,5,2,2
5221403,GO,Centro-Oeste,0,0,0,1,0,3,4,1,4
5221452,GO,Centro-Oeste,0,1,2,4,4,1,0,5,7
5221502,GO,Centro-Oeste,0,1,2,2,3,4,1,3,6
5221551,GO,Centro-Oeste,0,1,2,2,3,2,1,6,1
5221577,GO,Centro-Oeste,0,1,2,2,3,4,1,2,2
5221601,GO,Centro-Oeste,0,0,0,1,0,3,4,4,8
5221700,GO,Centro-Oeste,0,1,2,2,3,4,0,4,8
5221809,GO,Centro-Oeste,0,1,2,4,4,1,3,5,7
5221858,GO,Centro-Oeste,1,0,1,3,1,3,4,1,4
5221908,GO,Centro-Oeste,0,1,2,4,4,1,0,5,7
5222005,GO,Centro-Oeste,0,1,2,2,3,4,1,3,6
5222054,GO,Centro-Oeste,0,1,2,4,4,1,0,5,7
5222203,GO,Centro-Oeste,0,1,2,4,4,1,0,4,8
5222302,GO,Centro-Oeste,0,1,2,2,3,4,3,2,2
5300108,DF,Centro-Oeste,1,0,0,1,0,3,4,1,4
