id_municipio,sigla_uf,regiao,capital_uf,amazonia_legal,n_redes_publicas,pca_1,pca_2
1100015,RO,Norte,0,1,1,-0.9034039240640653,0.5258660804086391
1100023,RO,Norte,0,1,1,0.07770040745565485,2.676845575242492
1100031,RO,Norte,0,1,1,0.865245085403189,-1.9121874854758074
1100049,RO,Norte,0,1,2,-0.4332834953726033,1.7939269472590698
1100056,RO,Norte,0,1,1,0.6930552241891808,0.588044601977361
1100064,RO,Norte,0,1,1,0.155668557760608,0.2743555431514674
1100072,RO,Norte,0,1,1,0.7452643514214778,-0.8788321878412487
1100080,RO,Norte,0,1,1,-0.773158944793969,-0.45934564426525687
1100098,RO,Norte,0,1,2,-0.5862676491827842,0.6810537123997012
1100106,RO,Norte,0,1,2,-1.5975892774796159,1.528160123822246
1100114,RO,Norte,0,1,2,0.7355633108029096,0.9972222708939562
1100122,RO,Norte,0,1,2,0.025583958820069662,2.7368202847924485
1100130,RO,Norte,0,1,1,-1.878029933909316,0.18730326093962799
1100148,RO,Norte,0,1,1,0.3880261656157127,-0.3074490440969892
1100155,RO,Norte,0,1,1,0.2269310286877451,1.3913380233732389
1100189,RO,Norte,0,1,1,-0.8201281434114844,2.015778939116134
1100205,RO,Norte,1,1,2,-1.266713285518116,3.736887107889553
1100254,RO,Norte,0,1,2,1.0228941560638383,-0.2853156776052745
1100262,RO,Norte,0,1,1,1.8785572866576992,-1.039404362342647
1100288,RO,Norte,0,1,2,1.0530701684929376,1.32123675074935
1100296,RO,Norte,0,1,1,0.6771249017879009,-1.031387824276088
1100304,RO,Norte,0,1,1,-0.8852215785973286,2.459433065537176
1100320,RO,Norte,0,1,1,-0.7816938934532822,0.4720187324795337
1100338,RO,Norte,0,1,1,-2.3006134914811693,0.7691333839402396
1100346,RO,Norte,0,1,2,0.2699221765612319,-0.1491417607464237
1100379,RO,Norte,0,1,1,-0.5428538764471977,-0.14212837764568903
1100403,RO,Norte,0,1,1,-0.10659954432823543,-0.6311118156973249
1100452,RO,Norte,0,1,1,-1.3014869911462363,0.610035974812928
1100502,RO,Norte,0,1,1,2.2477251631764865,-0.6805294418778678
1100601,RO,Norte,0,1,1,1.1173168128061421,-2.2958196836768097
1100700,RO,Norte,0,1,1,-0.7513400244747664,-0.9146842163601369
1100809,RO,Norte,0,1,1,-1.17991890219954,1.3402905311612467
1100908,RO,Norte,0,1,1,-0.5107157736804343,-1.9398346664060153
1100924,RO,Norte,0,1,1,-0.7450585509369554,0.4468749122908795
1100940,RO,Norte,0,1,1,-0.7231768486053849,0.43204919519501783
1101005,RO,Norte,0,1,1,-0.12827303585046723,-1.1047510918973504
1101104,RO,Norte,0,1,1,-0.16598368283290513,0.12028491777669437
1101203,RO,Norte,0,1,1,-0.08364729099199343,0.1280245478720776
1101302,RO,Norte,0,1,1,-0.7532483552314939,0.2521173594142422
1101401,RO,Norte,0,1,1,-0.6653458303411931,0.6111932185057953
1101435,RO,Norte,0,1,1,-0.3184641316818767,-1.1523689166505873
1101450,RO,Norte,0,1,1,-0.7508647963093356,-1.5823088299820094
1101468,RO,Norte,0,1,1,2.147971318454102,-2.0219255895373838
1101476,RO,Norte,0,1,1,0.03683620107099961,-1.4482994714078032
1101484,RO,Norte,0,1,1,1.7327363338008213,-1.4765180758030438
1101492,RO,Norte,0,1,1,-0.9643430671134144,-0.1555104391572133
1101500,RO,Norte,0,1,1,-0.7231920333449045,-0.7028472796695863
1101559,RO,Norte,0,1,1,1.599133361624178,-1.7665588196692763
1101609,RO,Norte,0,1,1,-1.059509395585705,0.03955516371985951
1101708,RO,Norte,0,1,1,-0.4214934109344607,0.42350596711198546
1101757,RO,Norte,0,1,1,-1.7455078924743188,-1.1485466157716357
1101807,RO,Norte,0,1,1,0.9055327823474935,-1.2994475010236612
1200013,AC,Norte,0,1,1,-1.7899794395559034,0.25235029925863406
1200054,AC,Norte,0,1,1,-4.760642873040305,1.2275788939448262
1200104,AC,Norte,0,1,2,-2.5915856939783435,1.4771266501915743
1200138,AC,Norte,0,1,2,-2.4186356027676967,-0.25977739938952954
1200179,AC,Norte,0,1,1,-3.667657620056298,0.29844302529154004
1200203,AC,Norte,0,1,2,-3.7578322666164996,2.9097944258844066
1200252,AC,Norte,0,1,1,-2.4860253976814968,1.3900325575495809
1200302,AC,Norte,0,1,2,-5.8142651704200015,2.9530431055681694
1200328,AC,Norte,0,1,2,-7.739230890728139,4.43030786970051
1200336,AC,Norte,0,1,1,-4.156494977327557,0.6721824921891947
1200344,AC,Norte,0,1,1,-4.162694574623875,1.5270614145894321
1200351,AC,Norte,0,1,1,-5.31017663181463,1.5430631299055841
1200385,AC,Norte,0,1,2,-2.239382621289036,-0.20698771880064443
1200393,AC,Norte,0,1,1,-4.663397005341828,0.4947600664434912
1200401,AC,Norte,1,1,2,-2.0515196218357494,3.1216236480659725
1200427,AC,Norte,0,1,1,-3.876708777039289,0.12782626746352968
1200435,AC,Norte,0,1,1,-5.760108721391595,2.126074066935334
1200450,AC,Norte,0,1,2,-2.3913783825180075,-0.046934436365739386
1200500,AC,Norte,0,1,2,-5.725994682129582,3.57709230995435
1200609,AC,Norte,0,1,2,-5.242575477565685,2.7065945373277858
1200708,AC,Norte,0,1,2,-4.6977534998250645,2.4568455241073544
1200807,AC,Norte,0,1,1,-3.7477785427863815,0.361580383277289
1300029,AM,Norte,0,1,2,-2.9039612213077186,0.34557471150126184
1300060,AM,Norte,0,1,1,-3.0584564307193656,-0.6554605028004191
1300086,AM,Norte,0,1,2,-2.2388929573309855,-0.5921439178301018
1300102,AM,Norte,0,1,2,-0.9435073267311664,-0.9773910633794692
1300144,AM,Norte,0,1,2,-0.3312984528923552,-0.1603795622079651
1300201,AM,Norte,0,1,1,-5.381414861942397,1.8983899278475647
1300300,AM,Norte,0,1,2,-2.070831128140738,0.5953231218326626
1300409,AM,Norte,0,1,2,-3.056476908830083,0.03832042472478578
1300508,AM,Norte,0,1,2,-2.8593656762810036,-0.15644845346823882
1300607,AM,Norte,0,1,2,-3.4378445826483963,0.708532012571467
1300631,AM,Norte,0,1,2,-2.466426409622415,0.7332408981629732
1300680,AM,Norte,0,1,2,-2.5208327061523,-0.06411161914891954
1300706,AM,Norte,0,1,2,-2.055670094416979,0.4064103548339125
1300805,AM,Norte,0,1,2,-2.8093332924751326,-0.14966390157283044
1300839,AM,Norte,0,1,2,-1.7067374218913673,-1.381079973687686
1300904,AM,Norte,0,1,2,-2.2671998261242368,-0.6017700704648149
1301001,AM,Norte,0,1,2,-1.6597695037873852,0.21023154053140147
1301100,AM,Norte,0,1,2,-2.5114914256609278,0.36035651723653167
1301159,AM,Norte,0,1,2,-1.2917724619745379,-0.9199584759812242
1301209,AM,Norte,0,1,2,-2.034171746381289,4.079819826612518
1301308,AM,Norte,0,1,2,-0.7414492662273463,-0.14498131023125924
1301407,AM,Norte,0,1,2,-1.153257053476871,0.09125452700172493
1301506,AM,Norte,0,1,2,-2.6714559671567666,-0.042634031838429634
1301605,AM,Norte,0,1,2,-2.8818473627806824,0.2854532137287442
1301654,AM,Norte,0,1,1,-3.8054682379663682,-0.3904015724440435
1301704,AM,Norte,0,1,2,-2.1983907358570454,1.1590665141810936
1301803,AM,Norte,0,1,2,-3.3034676683156405,0.01777251342416826
1301852,AM,Norte,0,1,2,-1.9661833270299138,1.9765778837207604
1301902,AM,Norte,0,1,2,-1.959543209451581,2.238520010474461
1301951,AM,Norte,0,1,2,-1.7398127857573178,-0.8392309289924127
1302009,AM,Norte,0,1,2,-2.170282198126472,-0.23845340945315857
1302108,AM,Norte,0,1,2,-0.42316674250883246,-1.0479795979629063
1302207,AM,Norte,0,1,2,-2.1374921603066976,-0.8780209854710237
1302306,AM,Norte,0,1,2,-2.2205303710607502,0.5633024076767785
1302405,AM,Norte,0,1,2,-1.631072436696067,0.891600279575662
1302504,AM,Norte,0,1,2,-1.90783208816143,1.566854930965182
1302553,AM,Norte,0,1,1,-3.118549267030767,-0.41387442615751413
1302603,AM,Norte,1,1,2,-0.6963577265371588,6.438965352588147
1302702,AM,Norte,0,1,2,-2.520804797773471,0.5391732839964279
1302801,AM,Norte,0,1,2,-3.0477856536906462,-0.1975123947152864
1302900,AM,Norte,0,1,2,-4.086112312111182,1.9152730397123914
1303007,AM,Norte,0,1,2,-3.180932880228118,-0.01636373035902247
1303106,AM,Norte,0,1,2,-3.0545524589025046,0.21294343457866738
1303205,AM,Norte,0,1,2,-1.719477285986521,-0.004087310799990112
1303304,AM,Norte,0,1,2,-1.9739792395272528,-0.6643753928385353
1303403,AM,Norte,0,1,2,-2.3924018299348275,1.7530697813052323
1303502,AM,Norte,0,1,1,-4.342354539864976,0.12264500420354947
1303536,AM,Norte,0,1,1,-1.0694724150526715,2.0879931053983554
1303569,AM,Norte,0,1,1,-2.8995854287822853,0.8437051732528367
1303601,AM,Norte,0,1,2,-2.762832441650632,-1.6560443486942644
1303700,AM,Norte,0,1,2,-3.0615743066565675,-0.510155126499838
1303809,AM,Norte,0,1,2,-3.5583920735534784,0.45729664119622776
1303908,AM,Norte,0,1,2,-3.14654040491845,0.25957272986189417
1303957,AM,Norte,0,1,2,-2.7759032026339163,-1.5905988411052856
1304005,AM,Norte,0,1,2,-0.967843479264395,-2.1253558889498327
1304062,AM,Norte,0,1,2,-2.5434957549417825,1.2672653070053141
1304104,AM,Norte,0,1,2,-2.084696631296064,-0.7795234698133331
1304203,AM,Norte,0,1,2,-1.5262878790378303,1.5214449770996816
1304237,AM,Norte,0,1,1,-3.838894247730821,-0.7140351106703323
1304260,AM,Norte,0,1,2,-1.9405213015018141,0.36149053475309884
1304302,AM,Norte,0,1,2,-0.9942244197906117,-0.3824016830124255
1304401,AM,Norte,0,1,2,-1.9997211691298757,-0.7283642754351564
1500107,PA,Norte,0,1,1,-4.075249681854222,2.302262060116067
1500131,PA,Norte,0,1,1,-1.6878834590412415,-0.2775160278661518
1500206,PA,Norte,0,1,1,-4.166545102504167,2.1214609871800962
1500305,PA,Norte,0,1,1,-3.762334503314235,0.6371971358284121
1500347,PA,Norte,0,1,1,-0.7292302547713918,1.3923323707068853
1500404,PA,Norte,0,1,2,-2.930313751910636,0.8896161527093487
1500503,PA,Norte,0,1,1,-2.6613354861705263,1.9861014398280095
1500602,PA,Norte,0,1,1,-3.0790081911956806,3.5017328806231522
1500701,PA,Norte,0,1,1,-4.763552455470084,0.5813708266208926
1500800,PA,Norte,0,1,2,-1.9317554185217094,3.35977611930717
1500859,PA,Norte,0,1,1,-4.368609694404595,2.9612978794263753
1500909,PA,Norte,0,1,1,-4.703156477626758,0.9324523406266931
1500958,PA,Norte,0,1,1,-3.6826663594535836,-0.14269982364736522
1501006,PA,Norte,0,1,1,-3.5783492207783447,-0.7069887985954133
1501105,PA,Norte,0,1,1,-3.8540664123098476,0.08960539061341258
1501204,PA,Norte,0,1,1,-2.6897976682377878,0.23481792151099415
1501253,PA,Norte,0,1,1,-0.8281447387741393,-1.4195067360935483
1501303,PA,Norte,0,1,1,-1.1700954748168488,5.594307264393195
1501402,PA,Norte,1,1,2,-1.2916048815938903,4.497538799944101
1501451,PA,Norte,0,1,1,-4.91274428186816,2.499114868625417
1501501,PA,Norte,0,1,2,-0.621745640707127,2.954734065799611
1501576,PA,Norte,0,1,1,-2.232464376663295,0.052628167003791186
1501600,PA,Norte,0,1,1,-2.270388768610122,0.26068520277946017
1501709,PA,Norte,0,1,1,-3.837041175028121,2.359541664088206
1501725,PA,Norte,0,1,1,-1.801723918473142,-0.11826108982921991
1501758,PA,Norte,0,1,1,-3.139390446851126,-0.43235741652088144
1501782,PA,Norte,0,1,1,-2.5123565832156993,1.703667598933894
1501808,PA,Norte,0,1,1,-6.275527511067715,3.661607710173793
1501907,PA,Norte,0,1,1,-3.036940969248014,0.6837338245875083
1501956,PA,Norte,0,1,1,-4.177349177993371,0.31847676853290857
1502004,PA,Norte,0,1,2,-3.2340508521925444,0.41148963876534433
1502103,PA,Norte,0,1,1,-4.045924868708256,1.6395585515784097
1502152,PA,Norte,0,1,1,2.711544338359321,6.474432304220987
1502202,PA,Norte,0,1,2,-1.6321736363509285,1.443704463752893
1502301,PA,Norte,0,1,1,-2.6985445524998153,0.31919126255414193
1502400,PA,Norte,0,1,1,-1.7705655056506702,3.0244737529571544
1502509,PA,Norte,0,1,1,-3.3819690191000453,-1.0199065346310558
1502608,PA,Norte,0,1,1,-4.835181134307431,0.29510740686850867
1502707,PA,Norte,0,1,2,-0.340881089282178,0.5076988090020216
1502756,PA,Norte,0,1,1,-4.301078742220089,0.9907827430583007
1502764,PA,Norte,0,1,1,-1.3906702057184073,-0.16196098581460608
1502772,PA,Norte,0,1,1,-0.0411549140666715,2.5601210390499913
1502806,PA,Norte,0,1,1,-4.58756247055928,0.569866382577295
1502855,PA,Norte,0,1,1,-3.107405708408179,-0.45482204828000794
1502905,PA,Norte,0,1,1,-4.3245857599634485,1.2688844046483183
1502939,PA,Norte,0,1,1,-3.063426999581791,1.250435643699893
1502954,PA,Norte,0,1,1,-3.036937436271226,1.7113602959445011
1503002,PA,Norte,0,1,1,-3.759206843507862,-0.8855218641358087
1503044,PA,Norte,0,1,1,-2.4370127646805892,1.242303301776454
1503077,PA,Norte,0,1,1,-3.488431443055541,-0.18600113332031887
1503093,PA,Norte,0,1,1,-2.770705570034887,0.7342151960473312
1503101,PA,Norte,0,1,1,-5.476858614926545,2.483257396747786
1503200,PA,Norte,0,1,2,-2.070286171908979,-0.019892210834864747
1503309,PA,Norte,0,1,1,-4.519879250739154,1.7470966337828258
1503408,PA,Norte,0,1,1,-1.642306286937498,-0.7750131044207974
1503457,PA,Norte,0,1,1,-3.420950746348068,1.5558052537180131
1503507,PA,Norte,0,1,1,-2.9640803480706164,-0.4693475976979896
1503606,PA,Norte,0,1,1,-2.7157706538647917,3.5826817811975835
1503705,PA,Norte,0,1,1,-3.6712245513233928,1.4713248899303102
1503754,PA,Norte,0,1,1,-2.399507324321968,3.20507508115784
1503804,PA,Norte,0,1,1,-3.2773492120336787,1.5537738442872397
1503903,PA,Norte,0,1,2,-1.3538655513179683,2.589363235890503
1504000,PA,Norte,0,1,1,-2.3250633085082346,-0.5171248893344931
1504059,PA,Norte,0,1,1,-3.1993265526429013,0.2777811949280879
1504109,PA,Norte,0,1,1,-2.9959266129438245,-0.9846922402792881
1504208,PA,Norte,0,1,1,-1.59511870826815,6.032696106660728
1504307,PA,Norte,0,1,1,-3.6781270014810716,-0.4972634713548955
1504406,PA,Norte,0,1,1,-3.439597096751791,-0.1758980146252083
1504422,PA,Norte,0,1,1,-1.7359276547049811,2.5159037332679763
1504455,PA,Norte,0,1,1,-1.981930702017912,1.234141604442638
1504505,PA,Norte,0,1,1,-4.573843314180304,0.25832654738583055
1504604,PA,Norte,0,1,1,-2.5333208035927446,0.7993995052205531
1504703,PA,Norte,0,1,1,-3.8994246334064613,2.0958103324999073
1504752,PA,Norte,0,1,1,-4.019823847811634,0.9635374631138737
1504802,PA,Norte,0,1,1,-3.2252008142285504,1.4254716695811145
1504901,PA,Norte,0,1,1,-3.6794579233437723,-0.5403427723634596
1504950,PA,Norte,0,1,1,-3.022450560941882,0.1874483102562881
1504976,PA,Norte,0,1,1,-3.796667688606013,0.7061181238951146
1505007,PA,Norte,0,1,1,-3.0976153356023466,-0.23948203222580738
1505031,PA,Norte,0,1,1,-1.344149894308846,2.464660066552084
1505064,PA,Norte,0,1,1,-4.683530745590888,2.5852346443781204
1505106,PA,Norte,0,1,1,-2.865892753027352,1.390370701457683
1505205,PA,Norte,0,1,1,-2.801805833145172,0.15409970889613692
1505304,PA,Norte,0,1,1,-2.0072040367687225,4.052814610386757
1505403,PA,Norte,0,1,2,-1.878955783491783,0.34812609434732705
1505437,PA,Norte,0,1,1,-2.7288760643288343,3.260639283864847
1505486,PA,Norte,0,1,1,-4.738475169918348,2.8375258328403485
1505494,PA,Norte,0,1,1,-1.994069369762279,-0.03945517564096013
1505502,PA,Norte,0,1,1,-1.9957538356004887,4.535638103839855
1505536,PA,Norte,0,1,1,1.1946650930496487,6.539652897356366
1505551,PA,Norte,0,1,1,-2.8740891386453336,0.6457235963627063
1505601,PA,Norte,0,1,1,-2.832330623813673,-1.5446697280665307
1505635,PA,Norte,0,1,1,-1.9022825836046107,-0.13237360186780678
1505650,PA,Norte,0,1,1,-3.9720946879085886,0.8045652094262323
1505700,PA,Norte,0,1,2,-2.875440314797526,-0.2783334001178013
1505809,PA,Norte,0,1,1,-4.166157333546543,2.4243225552440433
1505908,PA,Norte,0,1,1,-4.2829713005963965,0.7072298763361764
1506005,PA,Norte,0,1,1,-3.586319776108699,0.23451804236505636
1506104,PA,Norte,0,1,1,-0.32094892086891735,2.261298826218188
1506112,PA,Norte,0,1,1,-2.317569494631184,-1.0740364713586132
1506138,PA,Norte,0,1,1,-1.1582786380975085,2.7783876209847342
1506161,PA,Norte,0,1,1,-0.39602559780556523,1.254457137456034
1506187,PA,Norte,0,1,1,-3.187925991467085,1.4817255271560354
1506195,PA,Norte,0,1,1,-3.0348767115203525,0.5360578836911394
1506203,PA,Norte,0,1,1,-1.8530958158568402,1.6439246282520839
1506302,PA,Norte,0,1,1,-3.4990937594203593,-0.32459818043512434
1506351,PA,Norte,0,1,1,-1.9974580771499584,1.394310225205298
1506401,PA,Norte,0,1,1,-3.6209557271388966,-0.34955103042965047
1506500,PA,Norte,0,1,1,-2.664330725815772,1.5192966066117441
1506559,PA,Norte,0,1,1,-4.5577854119355425,1.5280959917178452
1506583,PA,Norte,0,1,1,-1.0257900588972269,1.6785399759179793
1506609,PA,Norte,0,1,1,-2.519333769468978,0.08650363534989877
1506708,PA,Norte,0,1,1,-2.9835841285308047,2.784475517598324
1506807,PA,Norte,0,1,1,-3.853976193929818,3.859130756715801
1506906,PA,Norte,0,1,1,-2.21975877061331,-1.992093449319002
1507003,PA,Norte,0,1,1,-2.425606914211212,0.23861059738423956
1507102,PA,Norte,0,1,1,-3.760060933324685,0.07276212391431977
1507151,PA,Norte,0,1,1,-2.68754283556297,0.24428200860941301
1507201,PA,Norte,0,1,1,-4.217196722729793,2.194071219357408
1507300,PA,Norte,0,1,1,-3.6433133421597037,2.246734396281529
1507409,PA,Norte,0,1,1,-2.4461151549443945,-0.5377717059285186
1507458,PA,Norte,0,1,1,-1.4019803587780946,1.5530259204240349
1507466,PA,Norte,0,1,1,-4.020411479422698,0.19544646709906077
1507474,PA,Norte,0,1,1,-2.727585607063061,-0.6514862549816515
1507508,PA,Norte,0,1,1,-3.0953403531717623,-0.25539624596349203
1507607,PA,Norte,0,1,1,-3.501299600505777,1.501095085841594
1507706,PA,Norte,0,1,1,-3.8119931469037653,0.07159941196897786
1507755,PA,Norte,0,1,1,-1.3141557128619674,-0.5978905482338793
1507805,PA,Norte,0,1,1,-2.305846036346012,0.5533814364585032
1507904,PA,Norte,0,1,1,-1.6944862613428544,0.1563779335006955
1507953,PA,Norte,0,1,1,-3.547635784808416,2.1472761822374515
1507961,PA,Norte,0,1,1,-3.6914404951279693,-0.55880072304728
1507979,PA,Norte,0,1,1,-1.3377791224046338,2.400525246275526
1508001,PA,Norte,0,1,1,-2.7449987867315606,1.8612230330010477
1508035,PA,Norte,0,1,1,-4.201811639072574,0.9455780806568155
1508050,PA,Norte,0,1,1,-3.4544133750120425,1.905308527218875
1508084,PA,Norte,0,1,1,-1.0123378764328552,2.4238984270075017
1508100,PA,Norte,0,1,1,0.03911697023864033,4.639774419979335
1508126,PA,Norte,0,1,1,-1.088534460451492,1.5832408440657413
1508159,PA,Norte,0,1,1,-3.1085911894725893,1.5187524137663553
1508209,PA,Norte,0,1,1,-3.332144912480442,0.5699408208082685
1508308,PA,Norte,0,1,1,-3.606170333349408,1.0585136243882054
1508357,PA,Norte,0,1,1,1.7402292432882278,4.701900044162623
1508407,PA,Norte,0,1,1,-0.14072901593828455,2.3739603662145448
1600055,AP,Norte,0,1,1,-2.175655219057404,-2.117614819065069
1600105,AP,Norte,0,1,2,-2.0356381050657175,-2.0401976213447455
1600154,AP,Norte,0,1,1,-1.446373402563278,0.900810398159485
1600204,AP,Norte,0,1,2,-1.573002508478085,-0.9524846130528166
1600212,AP,Norte,0,1,1,-2.7107766980435373,-1.444190386386359
1600238,AP,Norte,0,1,2,0.8884992579722663,2.3935240335859764
1600253,AP,Norte,0,1,1,-3.0417409271069813,-2.0967422940115927
1600279,AP,Norte,0,1,1,-2.5017222474122094,1.8549410082020261
1600303,AP,Norte,1,1,2,-2.667880830452738,3.0352253451688984
1600402,AP,Norte,0,1,1,-3.729196718267195,0.2933598644496984
1600501,AP,Norte,0,1,1,-3.0474603603045485,-0.07349272054431896
1600535,AP,Norte,0,1,2,-2.3235055368117257,-0.28657336746360784
1600550,AP,Norte,0,1,1,-2.0335187967424555,-2.668483366018071
1600600,AP,Norte,0,1,2,-2.2173334534801805,1.595612153509565
1600709,AP,Norte,0,1,2,-3.022991532166536,-1.1749018724176177
1600808,AP,Norte,0,1,1,-3.5188527699380248,-0.655381513382077
1700251,TO,Norte,0,1,1,-0.388509250203664,-0.9677183745396087
1700301,TO,Norte,0,1,1,0.2723523413338277,-0.07782391783181858
1700350,TO,Norte,0,1,1,1.6706438153449734,-0.8403074728447208
1700400,TO,Norte,0,1,1,-0.18020018537075913,-1.1251329049559018
1700707,TO,Norte,0,1,1,0.48963516109238503,0.6857679067973473
1701002,TO,Norte,0,1,1,-1.1406620055746677,-0.6915066069656568
1701051,TO,Norte,0,1,1,-0.9886981103538686,-2.3391062134320233
1701101,TO,Norte,0,1,1,2.007660293348086,-1.0059745505448245
1701309,TO,Norte,0,1,1,-1.9385394151628694,-2.0307202534906383
1701903,TO,Norte,0,1,1,0.5166195945150233,-1.4778011087532155
1702000,TO,Norte,0,1,1,0.5475531253975051,-0.43974530547741325
1702109,TO,Norte,0,1,1,-1.6060707164983001,3.0217272236669177
1702158,TO,Norte,0,1,1,-1.6992738563741503,-1.1454516384431008
1702208,TO,Norte,0,1,1,-3.73440220258719,0.461030639646857
1702307,TO,Norte,0,1,1,2.1373823977229884,2.383292017740202
1702406,TO,Norte,0,1,1,-2.603438109930428,0.03255012249900047
1702554,TO,Norte,0,1,1,-3.0584209570543726,-0.1068413012503322
1702703,TO,Norte,0,1,1,-1.4881146735113708,-2.561896961560665
1702901,TO,Norte,0,1,1,-3.2843537511759275,-0.3627262038919482
1703008,TO,Norte,0,1,1,-1.818386447043408,-1.5161588052600838
1703057,TO,Norte,0,1,1,0.1757826638088581,0.061626319602662676
1703073,TO,Norte,0,1,1,-0.37713151191888367,-1.9988633683632984
1703107,TO,Norte,0,1,1,0.9943307974319,-1.2027614136376465
1703206,TO,Norte,0,1,1,-0.005841249442297901,-1.1667737893613415
1703305,TO,Norte,0,1,1,0.08385730491219626,-1.5523468014779336
1703602,TO,Norte,0,1,1,1.3006981458934832,-1.3677055066222399
1703701,TO,Norte,0,1,1,1.4211822443221072,-2.2050095424430385
1703800,TO,Norte,0,1,1,-3.0750756974145665,-0.942549406833664
1703826,TO,Norte,0,1,1,0.5271291280297047,-2.365802502680032
1703842,TO,Norte,0,1,1,-0.5492277386556224,-0.32048455253474795
1703867,TO,Norte,0,1,1,2.8035107909668575,0.4876048866732935
1703883,TO,Norte,0,1,1,0.4538131688963875,-1.2818020440058078
1703891,TO,Norte,0,1,1,-1.2130467209257174,-2.567689479048627
1703909,TO,Norte,0,1,1,0.17198658801079333,-0.7783313913767893
1704105,TO,Norte,0,1,1,-1.3946980544031857,-1.2023931067575808
1704600,TO,Norte,0,1,1,2.592837967385961,-2.3796920913897757
1705102,TO,Norte,0,1,1,1.332631810064052,-1.6910052266491264
1705508,TO,Norte,0,1,1,-0.24987662809883324,1.2698883987880878
1705557,TO,Norte,0,1,1,0.726664965367844,-1.2454394980638752
1705607,TO,Norte,0,1,1,-1.416927929330879,-1.8594886631289438
1706001,TO,Norte,0,1,1,-0.8351949622217568,-1.1186490642444853
1706100,TO,Norte,0,1,1,1.3613705610596656,-0.5310464326404035
1706258,TO,Norte,0,1,1,0.2239704003933172,-1.9912246897826056
1706506,TO,Norte,0,1,1,0.1736732368714246,-1.8340571319580843
1707009,TO,Norte,0,1,1,-0.253242311154169,0.9748267830205579
1707108,TO,Norte,0,1,1,0.9059451941177292,-1.1568168179269804
1707207,TO,Norte,0,1,1,-2.15942636412009,-1.049214365463563
1707306,TO,Norte,0,1,1,0.37925338763946626,-0.6424553517276145
1707405,TO,Norte,0,1,1,-3.758720933696224,-0.7590585124103401
1707553,TO,Norte,0,1,1,1.5422955073592328,-1.835927343786642
1707652,TO,Norte,0,1,1,2.288196843613613,-0.9312725167051503
1707702,TO,Norte,0,1,1,-2.4681868793219164,-1.2995268636354695
1708205,TO,Norte,0,1,1,-1.1266884854800432,0.6122459051080281
1708254,TO,Norte,0,1,1,2.0399491643670387,-0.4632402740710289
1708304,TO,Norte,0,1,1,-0.09898117229214495,-2.7816777219728794
1709005,TO,Norte,0,1,1,-2.5909602897838995,-1.0835964930941504
1709302,TO,Norte,0,1,1,0.5281644701086086,1.0794777707405536
1709500,TO,Norte,0,1,1,0.03206226234159519,1.7359296890419291
1709807,TO,Norte,0,1,1,0.40036426954640675,-3.629934021517168
1710508,TO,Norte,0,1,1,-1.9159036132358374,-0.9959580725355538
1710706,TO,Norte,0,1,1,-2.4755672217419247,-2.029693284878246
1710904,TO,Norte,0,1,1,2.5421820374995936,-1.8068524702461517
1711100,TO,Norte,0,1,1,1.5450441867009668,-2.1638192062745327
1711506,TO,Norte,0,1,1,-0.8702138006036271,-1.7730512036566701
1711803,TO,Norte,0,1,1,0.32008819887961243,-2.063146098250495
1711902,TO,Norte,0,1,1,0.5283035443264493,0.7718920821904758
1711951,TO,Norte,0,1,1,1.1950997480732322,-2.4708230469791594
1712009,TO,Norte,0,1,1,-0.6509930160868084,-1.9270231107541118
1712157,TO,Norte,0,1,1,0.33258098643353234,-2.055911597793178
1712405,TO,Norte,0,1,1,-1.929708170299334,-2.515405081805972
1712454,TO,Norte,0,1,1,1.04680345088308,-1.6688100524911984
1712504,TO,Norte,0,1,1,0.12916084962391164,-1.2021259359470566
1712702,TO,Norte,0,1,1,-1.1903321436901988,-0.0036860157111047523
1712801,TO,Norte,0,1,1,-2.626627451525775,-2.087374491812403
1713205,TO,Norte,0,1,1,-0.054767556726670635,1.980624177156453
1713304,TO,Norte,0,1,1,-0.8308890203005289,-1.0399587100726864
1713601,TO,Norte,0,1,1,-0.14383005481992647,-1.6686961861486331
1713700,TO,Norte,0,1,1,0.754502509242966,-2.725805790994678
1713809,TO,Norte,0,1,1,-1.3932138795829896,-1.5591477077323173
1713957,TO,Norte,0,1,1,-1.365597607722929,-1.65753797422618
1714203,TO,Norte,0,1,1,0.9365352560248981,-0.09723686798059109
1714302,TO,Norte,0,1,1,-1.7381300598997231,-1.4166855795521478
1714880,TO,Norte,0,1,1,-0.514787122525384,0.17307187761301865
1715002,TO,Norte,0,1,1,0.3526976728692518,-1.4457772323166826
1715101,TO,Norte,0,1,1,-1.2834964524574455,-1.3629649123738892
1715150,TO,Norte,0,1,1,1.1283916354375945,-2.9073286213396057
1715259,TO,Norte,0,1,1,-1.104076320921499,-1.8828069863981232
1715507,TO,Norte,0,1,1,0.9103167406309932,-1.622146707403701
1715705,TO,Norte,0,1,1,-0.47680754447327306,-1.4173556287439615
1715754,TO,Norte,0,1,1,0.29497901402552074,-1.891830541670889
1716109,TO,Norte,0,1,1,0.6462041692897812,2.2664248619694134
1716208,TO,Norte,0,1,1,-1.8148768954716874,1.6750190454797333
1716307,TO,Norte,0,1,1,-0.9331972448460715,-0.9591397536650167
1716505,TO,Norte,0,1,1,1.4022416278941194,0.5662896090536007
1716604,TO,Norte,0,1,1,1.5266097467338886,1.2410479916332267
1716653,TO,Norte,0,1,1,-0.9883559456900542,-1.8746881897033805
1716703,TO,Norte,0,1,1,-0.19462585686277797,-0.6179899426837445
1717008,TO,Norte,0,1,1,0.500286551817549,-1.2603979438432595
1717206,TO,Norte,0,1,1,-0.6702887627132366,-1.9193658848428168
1717503,TO,Norte,0,1,1,0.30901785570352724,-0.677849812042657
1717800,TO,Norte,0,1,1,-1.0827781139308292,-1.4235475886878353
1717909,TO,Norte,0,1,1,-1.1036677458102184,-1.0435710984225846
1718006,TO,Norte,0,1,1,-1.1003888294140283,-1.3049901494029907
1718204,TO,Norte,0,1,1,0.20567549824051232,2.330398926314173
1718303,TO,Norte,0,1,1,-2.6921927242822554,-1.9429672454500149
1718402,TO,Norte,0,1,1,1.094331166123568,-1.0273488703476124
1718451,TO,Norte,0,1,1,2.596272169572638,-1.8417392123706868
1718501,TO,Norte,0,1,1,-1.8228005030660404,-1.4733000696805445
1718550,TO,Norte,0,1,1,-0.26185705829009726,-1.8568910079901568
1718659,TO,Norte,0,1,1,-0.6606987857992628,-2.3989167655464834
1718709,TO,Norte,0,1,1,0.45481221761951984,-2.3474160592117888
1718758,TO,Norte,0,1,1,-1.1749849328829878,-1.985546290341135
1718808,TO,Norte,0,1,1,-0.6970558196988053,-0.7418801591112238
1718840,TO,Norte,0,1,1,1.108707044368965,-2.2114795502056697
1718865,TO,Norte,0,1,1,-1.5838870800113514,-0.4146989103188951
1718881,TO,Norte,0,1,1,1.725169505031784,-1.8877275366205517
1718899,TO,Norte,0,1,1,2.290042434626128,-2.1459809381516695
1718907,TO,Norte,0,1,1,0.11292011244228237,-0.3341009480066653
1719004,TO,Norte,0,1,1,-1.203474091741566,-2.0580789477023815
1720002,TO,Norte,0,1,1,-0.7739040690873125,-3.229662581223052
1720101,TO,Norte,0,1,1,-2.817176477368408,-2.4084208339452786
1720150,TO,Norte,0,1,1,-2.0092539516252814,-1.0544370495301099
1720200,TO,Norte,0,1,1,-2.5647215904560805,-0.7956220640579043
1720259,TO,Norte,0,1,1,-0.5652958715757125,-2.992006555457072
1720309,TO,Norte,0,1,1,-3.1948208823909616,-0.7325760760504678
1720499,TO,Norte,0,1,1,-0.28420800688811243,-2.7423764537142663
1720655,TO,Norte,0,1,1,-0.14538233355127794,-0.09443670918695417
1720804,TO,Norte,0,1,1,-2.8477848447679084,-1.4279517173800882
1720853,TO,Norte,0,1,1,3.9110380165371774,-1.893148848299939
1720903,TO,Norte,0,1,1,-1.789990609175302,0.04876180162184183
1720937,TO,Norte,0,1,1,0.9114433724050386,-2.379468830524395
1720978,TO,Norte,0,1,1,0.30797431027531874,-2.243087426727936
1721000,TO,Norte,1,1,1,-0.6027402763402254,3.5934836017713394
1721109,TO,Norte,0,1,1,-0.5963918962812014,-2.068556074847061
1721208,TO,Norte,0,1,1,-2.738154018765852,0.7370587684331711
1721257,TO,Norte,0,1,1,1.8468062305979716,-2.194392986779987
1721307,TO,Norte,0,1,1,-0.3804747414681112,-3.268655814956042
1722081,TO,Norte,0,1,1,-2.054626050548687,-0.6629478297253137
1722107,TO,Norte,0,1,1,0.4107918696753718,1.4432156256305795
2100055,MA,Nordeste,0,1,1,-1.530171363532457,3.00828968331605
2100105,MA,Nordeste,0,0,1,-2.5710966805069337,-0.6589179805875894
2100154,MA,Nordeste,0,0,1,-3.561720291824519,-1.4283732364948774
2100204,MA,Nordeste,0,1,1,-3.3611217224802212,-0.5268296325516022
2100303,MA,Nordeste,0,0,1,-3.7358812542920057,0.35464125511068734
2100402,MA,Nordeste,0,1,1,-3.18836148999979,-1.2415930125590495
2100436,MA,Nordeste,0,1,1,-3.31102266140447,-0.15063753066238983
2100477,MA,Nordeste,0,1,1,-3.3350616564077633,-0.3429910920183959
2100501,MA,Nordeste,0,1,1,-0.8581738712934595,-0.8681117736477844
2100550,MA,Nordeste,0,1,1,-2.273547180391226,-1.6053249249235817
2100600,MA,Nordeste,0,1,1,-3.3165796461788464,-0.45075495141073846
2100709,MA,Nordeste,0,1,1,-4.054306501306781,0.5950299403526894
2100808,MA,Nordeste,0,0,1,-2.3112099452827803,-0.9736842011054279
2100832,MA,Nordeste,0,1,1,-3.558432971051549,-0.20127887389336505
2100873,MA,Nordeste,0,1,1,-4.392759036296935,-0.2275131975186625
2100907,MA,Nordeste,0,0,1,-4.297409325097229,0.7397353829786291
2100956,MA,Nordeste,0,1,1,-3.881070825114595,0.21842155063511093
2101004,MA,Nordeste,0,1,1,-2.3366663753653767,0.19577652420625002
2101103,MA,Nordeste,0,1,1,-3.5991192838374575,-1.6130017426874725
2101202,MA,Nordeste,0,1,1,-2.9109741770751363,1.86691760038616
2101251,MA,Nordeste,0,1,1,-1.3122361834492045,1.6237074805655514
2101301,MA,Nordeste,0,1,1,-3.1530030139949594,-1.0199369217686982
2101350,MA,Nordeste,0,1,1,-5.239689950168941,1.7805207085083725
2101400,MA,Nordeste,0,1,1,-0.3267568705874045,1.7775116331125305
2101509,MA,Nordeste,0,0,1,-2.5792180667706437,-0.31553422739898856
2101608,MA,Nordeste,0,1,1,-3.0765292134990756,0.8285200480986777
2101707,MA,Nordeste,0,0,1,-3.9601876777307137,1.0537697522366096
2101731,MA,Nordeste,0,0,1,-4.327560667020131,-0.7989453398752365
2101772,MA,Nordeste,0,1,1,-3.9484861556095705,0.8601663368020583
2101806,MA,Nordeste,0,1,1,-1.393155081607036,-2.088541560276402
2101905,MA,Nordeste,0,1,1,-3.5862648136228055,-0.2699733957209302
2101939,MA,Nordeste,0,1,1,-2.1386720010220026,-1.3678014683033524
2101970,MA,Nordeste,0,1,1,-1.9200040117144064,-1.5107071126533864
2102002,MA,Nordeste,0,1,2,-3.0348413929270697,-0.3832450776637682
2102036,MA,Nordeste,0,1,1,-3.7716851308164805,0.9698139066623827
2102077,MA,Nordeste,0,1,1,-3.9500470800567875,-0.769283312344039
2102101,MA,Nordeste,0,0,1,-3.7599982587882637,0.5116053318095543
2102150,MA,Nordeste,0,1,1,-3.2705783500562267,-1.7820081572224666
2102200,MA,Nordeste,0,0,1,-4.217276595861112,0.7560776679503827
2102309,MA,Nordeste,0,1,1,-2.617247131837245,-0.055315727441924346
2102325,MA,Nordeste,0,1,2,-4.130219040839973,2.050831981025186
2102358,MA,Nordeste,0,1,1,-3.460741732347146,-1.2702545384562074
2102374,MA,Nordeste,0,1,1,-4.084618755094941,-1.61964292989652
2102408,MA,Nordeste,0,1,1,-3.7556803242275683,-0.3712096980802507
2102507,MA,Nordeste,0,1,1,-4.762378176403684,0.2984719015524177
2102556,MA,Nordeste,0,1,1,-1.8408557220120798,-0.2359113433418246
2102606,MA,Nordeste,0,1,1,-4.075732711069967,0.04295041101043976
2102705,MA,Nordeste,0,1,1,-3.8286943573951913,-0.24733550988403397
2102754,MA,Nordeste,0,1,1,-1.4936163330758774,0.9678499923039157
2102804,MA,Nordeste,0,1,1,-1.48624258702306,-0.018330719409114907
2102903,MA,Nordeste,0,1,1,-3.523926252160616,-0.0013317227564038632
2103000,MA,Nordeste,0,0,1,-3.1753506873358504,2.2095940522484523
2103109,MA,Nordeste,0,1,1,-2.2877840606564495,-1.5405743235650295
2103125,MA,Nordeste,0,1,1,-3.530305567646643,-1.6213048215257346
2103158,MA,Nordeste,0,1,1,-3.9607426302504036,-0.5737784685121109
2103174,MA,Nordeste,0,1,1,-3.656147592717248,-0.6757319953276134
2103208,MA,Nordeste,0,0,1,-3.5920346790381803,1.0692249481315461
2103257,MA,Nordeste,0,1,1,-3.0430623364012392,0.24334719375229197
2103307,MA,Nordeste,0,1,1,-3.3714967807798346,1.265835126831711
2103406,MA,Nordeste,0,0,1,-3.358875710377749,0.9045974886762299
2103505,MA,Nordeste,0,1,1,-2.451425409937112,1.1443985922219346
2103554,MA,Nordeste,0,1,1,-3.93742201022741,-1.3135393492353167
2103604,MA,Nordeste,0,1,1,-3.693515249244965,0.5484972953707663
2103703,MA,Nordeste,0,1,1,-3.406114951980426,-0.09646815725655528
2103752,MA,Nordeste,0,1,1,-2.1536587646995367,0.03417403833402854
2103802,MA,Nordeste,0,1,1,-2.4408975681506924,0.20903044457047343
2103901,MA,Nordeste,0,0,1,-2.9435457853856417,-1.2349401649178025
2104008,MA,Nordeste,0,1,1,-3.188808884536413,-1.0477352092187524
2104057,MA,Nordeste,0,1,1,-0.6097420817942222,2.749012522624821
2104073,MA,Nordeste,0,1,1,-0.9473958172461987,-1.4074957800668118
2104081,MA,Nordeste,0,1,1,-2.7529020131776765,-1.5941861800395802
2104099,MA,Nordeste,0,1,1,-3.068328321633094,-0.9140339002124717
2104107,MA,Nordeste,0,1,1,-1.773415448144862,-0.4600985212362826
2104206,MA,Nordeste,0,1,1,-2.771636454609859,-0.7534889501803342
2104305,MA,Nordeste,0,1,1,0.2404878056971224,2.9063581600754755
2104404,MA,Nordeste,0,1,1,-3.151516430742501,-0.6770750355364447
2104503,MA,Nordeste,0,1,1,-3.6642731443762044,-0.8304238637054144
2104552,MA,Nordeste,0,1,1,-0.9906908868719813,1.6626018502306275
2104602,MA,Nordeste,0,1,1,-3.446852322666268,-1.043596606270802
2104628,MA,Nordeste,0,1,1,-2.0262942731139066,-1.6022405119787433
2104651,MA,Nordeste,0,1,1,-4.394652287650178,-0.3284786554828142
2104677,MA,Nordeste,0,1,1,-3.601333255287079,0.08643322613098516
2104701,MA,Nordeste,0,1,1,-2.6570598055792143,-0.9334317742336908
2104800,MA,Nordeste,0,1,1,-3.1826942240177325,0.7012143992857879
2104909,MA,Nordeste,0,1,1,-1.858066158834726,-1.4963212501138672
2105005,MA,Nordeste,0,0,1,-4.905844885403957,-0.11251877027899143
2105104,MA,Nordeste,0,1,1,-3.7954025391142245,-0.757369135197188
2105153,MA,Nordeste,0,1,1,-1.2962956784464819,0.3071087165396874
2105203,MA,Nordeste,0,1,1,-3.082379139860463,-1.1486820768237762
2105302,MA,Nordeste,0,1,1,-1.4487837295428818,4.136587221610632
2105351,MA,Nordeste,0,1,1,-4.102319729690894,-0.6737618397359137
2105401,MA,Nordeste,0,1,1,-3.7239229871183235,2.1020419530557266
2105427,MA,Nordeste,0,1,1,-1.9279854730219785,-0.6147586043403375
2105450,MA,Nordeste,0,1,1,-2.355153453320877,-1.4096006351591033
2105476,MA,Nordeste,0,1,1,-2.8364570905638957,-1.5422723443602233
2105500,MA,Nordeste,0,1,1,-2.7355804016017817,-0.11737929880914992
2105609,MA,Nordeste,0,1,1,-2.7848136471082343,-0.5627631997526051
2105658,MA,Nordeste,0,1,1,-2.3382321496604908,-1.411433180257101
2105708,MA,Nordeste,0,1,1,-3.1209189552833396,0.5288727037977219
2105807,MA,Nordeste,0,1,1,-3.6812237208680187,-0.8651320735932752
2105906,MA,Nordeste,0,1,1,-4.643319573851915,-0.1630077745250428
2105922,MA,Nordeste,0,0,1,-3.0460884295067023,-0.23403547119476037
2105948,MA,Nordeste,0,1,1,-2.7268434095850256,-1.0375588558739217
2105963,MA,Nordeste,0,1,1,-2.9981789510440953,-0.8401423846296101
2105989,MA,Nordeste,0,1,1,-2.7589569206269324,-1.1611247020092774
2106003,MA,Nordeste,0,1,1,-2.9123057276941275,1.2812436012513826
2106102,MA,Nordeste,0,1,1,0.01204364613667257,-1.516823503131624
2106201,MA,Nordeste,0,1,1,-3.0559916155958224,-1.6218947652750262
2106300,MA,Nordeste,0,0,1,-2.888364605055951,-1.3938277847637472
2106326,MA,Nordeste,0,1,1,-2.5935900444601576,-0.4419546918120321
2106359,MA,Nordeste,0,1,1,-3.775855317938966,-1.004811001379133
2106375,MA,Nordeste,0,1,1,-3.199761224302252,-1.2073912801330196
2106409,MA,Nordeste,0,0,1,-2.5222807111046284,-0.5905504133900145
2106508,MA,Nordeste,0,1,1,-3.183374020245643,0.4102179377553172
2106607,MA,Nordeste,0,0,1,-4.004640631042098,-0.3119642251668876
2106631,MA,Nordeste,0,1,1,-4.152644673895132,-1.3715399188695596
2106672,MA,Nordeste,0,0,1,-2.7288526730083107,-1.904790509888028
2106706,MA,Nordeste,0,1,1,-2.1012928689506043,-0.7269114486504231
2106755,MA,Nordeste,0,1,1,-1.7110172522877845,2.1585344051471336
2106805,MA,Nordeste,0,1,1,-3.072696901640593,-1.2610940351491398
2106904,MA,Nordeste,0,1,1,-4.329016936208354,0.5498645048624147
2107001,MA,Nordeste,0,1,1,-2.4377095262081734,-1.3027319741491976
2107100,MA,Nordeste,0,1,1,-3.725127844351985,-0.43368088633178065
2107209,MA,Nordeste,0,0,1,-4.925431658317465,0.48877757670546124
2107258,MA,Nordeste,0,1,1,-1.593660293686064,-1.562493520481419
2107308,MA,Nordeste,0,1,1,-0.5659190636884908,-2.108007240249307
2107357,MA,Nordeste,0,1,1,-3.8234424140384737,0.2408830965826649
2107407,MA,Nordeste,0,1,1,-3.3511105889025687,0.15454922981306085
2107456,MA,Nordeste,0,1,1,-3.5480630605835453,-0.6104199342109294
2107506,MA,Nordeste,0,1,1,-3.426745329326038,1.613305056452144
2107605,MA,Nordeste,0,1,1,-4.418349201382549,0.11867366397188434
2107704,MA,Nordeste,0,1,1,-2.627645528441222,-0.1098430750728127
2107803,MA,Nordeste,0,0,1,-3.9684432562730447,0.11124747987584249
2107902,MA,Nordeste,0,0,1,-2.3242341867146648,-0.9891188488159783
2108009,MA,Nordeste,0,1,1,-1.675398423118494,0.6046556310060037
2108058,MA,Nordeste,0,0,1,-3.28358080488794,-0.7824689548202011
2108108,MA,Nordeste,0,1,1,-3.7302554612786736,-0.6217140204166552
2108207,MA,Nordeste,0,1,1,-1.9925323581157113,1.6005393860044137
2108256,MA,Nordeste,0,1,1,-4.51623341414887,0.08646728287859948
2108306,MA,Nordeste,0,1,1,-4.609837608753825,0.8250556186080977
2108405,MA,Nordeste,0,1,1,-4.21080544537179,-1.2694549521408074
2108454,MA,Nordeste,0,1,1,-3.660809248899257,0.23461222994241746
2108504,MA,Nordeste,0,1,1,-3.4687657646958536,-0.07298602053463489
2108603,MA,Nordeste,0,1,1,-3.357300060452146,1.3929605223574482
2108702,MA,Nordeste,0,1,1,-3.261671172177433,0.1760793907963793
2108801,MA,Nordeste,0,1,1,-4.3725521819841395,0.008298583042939385
2108900,MA,Nordeste,0,1,1,-3.798949725003074,-1.0454263204544418
2109007,MA,Nordeste,0,1,1,-1.4452653889637535,2.0532112134945537
2109056,MA,Nordeste,0,1,1,-2.800308121529568,-2.1691277518641106
2109106,MA,Nordeste,0,1,1,-2.7692133755093096,1.319031598383601
2109205,MA,Nordeste,0,1,1,-5.430066235607235,1.3633914469307271
2109239,MA,Nordeste,0,1,1,-2.943716129562576,-1.6923709523521644
2109270,MA,Nordeste,0,1,1,-3.680883588361675,-0.8014654864487197
2109304,MA,Nordeste,0,1,1,-4.058567506586521,-1.1074139029825356
2109403,MA,Nordeste,0,0,1,-3.9798684775760274,-1.7455709852006778
2109452,MA,Nordeste,0,1,1,-2.807186166591611,0.32092093989509757
2109502,MA,Nordeste,0,1,1,-0.6468178083697671,-0.7537388732831072
2109551,MA,Nordeste,0,1,1,-1.7918099298377044,-1.2062084284230792
2109601,MA,Nordeste,0,1,1,-3.2213293742661198,0.8314796612552539
2109700,MA,Nordeste,0,1,1,1.160697575970191,-1.010445383573039
2109759,MA,Nordeste,0,1,1,-3.256048185749651,-0.5186088015081208
2109809,MA,Nordeste,0,1,1,-4.499321868115632,0.9982187756635206
2109908,MA,Nordeste,0,1,2,-1.4668489579044182,0.8689686224345619
2110005,MA,Nordeste,0,1,1,-4.179936441630915,0.8217882656247031
2110039,MA,Nordeste,0,1,1,-3.0169499202708225,0.027813111270869734
2110104,MA,Nordeste,0,0,1,-4.054147501759139,0.4339239101963271
2110203,MA,Nordeste,0,1,1,-2.9960684563230813,0.4190047503512216
2110237,MA,Nordeste,0,0,1,-3.8095253340933066,-0.20310008298630292
2110278,MA,Nordeste,0,0,1,-3.9396396873242185,-1.0591367552961202
2110302,MA,Nordeste,0,1,1,0.5656097788170952,3.575042697243584
2110401,MA,Nordeste,0,0,1,-3.4253734262620616,-0.34634448566874826
2110500,MA,Nordeste,0,1,1,-4.886478280999639,1.351859557022234
2110609,MA,Nordeste,0,0,1,-3.0791936790677727,-0.8746905591987781
2110658,MA,Nordeste,0,1,1,-0.006148041836601244,-0.8246692142411993
2110708,MA,Nordeste,0,1,1,-2.6266127492668048,0.21844903148840084
2110807,MA,Nordeste,0,1,1,-1.3412082181129124,-2.1422828905353604
2110856,MA,Nordeste,0,1,1,-1.0608149380509477,-0.7681205047613421
2110906,MA,Nordeste,0,0,1,-3.128195384415921,-1.8370806921334084
2111003,MA,Nordeste,0,1,1,-4.11221080893024,-0.16411022896959054
2111029,MA,Nordeste,0,1,1,-4.193511764808359,-1.0387208242521107
2111052,MA,Nordeste,0,1,1,-2.2059124244043544,-1.1307577513106386
2111078,MA,Nordeste,0,1,1,-3.995608567687707,-0.2994833038480687
2111102,MA,Nordeste,0,0,1,-2.599611257316999,0.5663130562435148
2111201,MA,Nordeste,0,1,1,-3.5650713453111167,2.0993680891687316
2111250,MA,Nordeste,0,1,1,-2.8576877066217032,-1.775557587016951
2111300,MA,Nordeste,1,1,2,-0.8310072086897312,4.1861497689515135
2111409,MA,Nordeste,0,1,1,-5.087173994455147,1.8524337798674344
2111508,MA,Nordeste,0,1,1,-3.7378500214415866,1.0566633221955282
2111532,MA,Nordeste,0,1,1,-2.0880089320758315,-0.945848206421305
2111573,MA,Nordeste,0,1,1,-0.007250643771195529,-1.5757762549633212
2111607,MA,Nordeste,0,1,1,-0.3627771991304647,-0.22161770450267035
2111631,MA,Nordeste,0,1,1,-2.3201996233869524,-2.0195011199876127
2111672,MA,Nordeste,0,1,1,-3.407680202710609,-2.2052414143776233
2111706,MA,Nordeste,0,1,1,-4.737649647802883,0.7400191681220345
2111722,MA,Nordeste,0,1,1,-3.762165272126841,-1.2551279477523436
2111748,MA,Nordeste,0,1,1,-3.8000782750040765,-0.8372751464010728
2111763,MA,Nordeste,0,1,1,-2.6086951182824616,-0.714059227023425
2111789,MA,Nordeste,0,1,1,-4.173574641183557,-1.2928124078757814
2111805,MA,Nordeste,0,1,1,-2.3416132582119427,-1.0159542296893564
2111904,MA,Nordeste,0,1,1,-2.4512745007890357,-0.6236091402597157
2111953,MA,Nordeste,0,0,1,-2.050046557224152,-1.5940565951044692
2112001,MA,Nordeste,0,1,1,0.3857486334002841,0.01449538864448425
2112100,MA,Nordeste,0,1,1,-3.9109907651340294,-0.2166800420376291
2112209,MA,Nordeste,0,0,1,-1.9391853969736363,2.7913207440922814
2112233,MA,Nordeste,0,1,1,-1.64314500072537,1.358676997324623
2112274,MA,Nordeste,0,1,1,-3.3501395189017478,-1.2256721103376351
2112308,MA,Nordeste,0,1,1,-3.550239038496925,0.6887579179240158
2112407,MA,Nordeste,0,1,1,-3.6981403854805612,0.36522112016670855
2112456,MA,Nordeste,0,1,1,-3.367386139454092,-0.5054429994575107
2112506,MA,Nordeste,0,0,1,-4.090233190904231,1.577830224742628
2112605,MA,Nordeste,0,0,1,-4.517090004771333,1.167957257249017
2112704,MA,Nordeste,0,1,1,-4.891107534582614,0.8709673092050403
2112803,MA,Nordeste,0,1,1,-4.103049399642229,1.4915539111161253
2112852,MA,Nordeste,0,1,1,-1.5366275328670573,-0.9474907945659473
2112902,MA,Nordeste,0,1,1,-4.178047724594812,0.18919909080052988
2113009,MA,Nordeste,0,1,1,-2.4888611311245104,-0.46967521334084494
2114007,MA,Nordeste,0,1,1,-3.782538644831878,0.2775167106984088
2200053,PI,Nordeste,0,0,1,-1.703081840873262,-2.620682945638943
2200103,PI,Nordeste,0,0,1,-1.235673527794623,-1.6969256864467819
2200202,PI,Nordeste,0,0,1,-0.51084462020055,-0.3853230201732271
2200251,PI,Nordeste,0,0,1,-1.5449138474699615,-2.028378891809458
2200277,PI,Nordeste,0,0,1,-0.9490823465398505,-2.6130321627371287
2200301,PI,Nordeste,0,0,1,-2.4503736898685498,-0.8982835241030913
2200400,PI,Nordeste,0,0,1,-3.019394466397251,0.5542428017280375
2200459,PI,Nordeste,0,0,1,-0.7923865780420116,-2.794883172943016
2200509,PI,Nordeste,0,0,1,-2.797943324998792,-0.6440426569343165
2200608,PI,Nordeste,0,0,1,-1.018558467975101,-0.7304122189205675
2200707,PI,Nordeste,0,0,1,-1.6238719994504704,-1.7794010434926497
2200806,PI,Nordeste,0,0,1,2.0691630660161136,-0.06657479204575824
2200905,PI,Nordeste,0,0,1,-1.8454187770262689,-2.0045093609507285
2200954,PI,Nordeste,0,0,1,-1.713921185091182,-3.1653691459375946
2201002,PI,Nordeste,0,0,1,-2.687223495852474,-1.678860596079571
2201051,PI,Nordeste,0,0,1,-3.218278907226499,-1.658008190488976
2201101,PI,Nordeste,0,0,1,-3.2356323962052254,-1.0745043768406932
2201150,PI,Nordeste,0,0,1,0.2328456509472409,-0.49037887409044967
2201176,PI,Nordeste,0,0,1,-1.7237178148023644,-1.1701593467997369
2201200,PI,Nordeste,0,0,1,-2.739741320330915,-0.37270290042600407
2201309,PI,Nordeste,0,0,1,-1.2317331058470977,-1.024348608232502
2201408,PI,Nordeste,0,0,1,-1.4234200971499371,-0.9594634832552245
2201507,PI,Nordeste,0,0,1,-3.311661543847042,-0.7136450941353907
2201556,PI,Nordeste,0,0,1,-1.9673224469082742,-0.3924107513884126
2201572,PI,Nordeste,0,0,1,0.18171615941785693,-1.3390335491471912
2201606,PI,Nordeste,0,0,1,-1.8415846332619221,-2.0417942297779916
2201705,PI,Nordeste,0,0,1,-1.3927367228932268,-1.9288890673110284
2201739,PI,Nordeste,0,0,1,-2.2494270622751467,-1.9080394770958407
2201770,PI,Nordeste,0,0,1,-3.1210166231901133,-1.2509376024010683
2201804,PI,Nordeste,0,0,1,-1.5715675282821389,-1.79809773702418
2201903,PI,Nordeste,0,0,1,-1.2005575280349108,1.51968252767202
2201919,PI,Nordeste,0,0,1,-2.117815032695769,-1.5645338882706477
2201929,PI,Nordeste,0,0,1,-1.9427826261279781,-1.456450101136195
2201945,PI,Nordeste,0,0,1,-2.5083574560544095,-1.7377845454376137
2201960,PI,Nordeste,0,0,1,-2.8772336982571236,-1.9156990064252482
2201988,PI,Nordeste,0,0,1,-2.5948779174293364,-2.030199286938364
2202000,PI,Nordeste,0,0,1,-2.460415985317134,-0.9214863384012406
2202026,PI,Nordeste,0,0,1,-2.357582964414662,-2.82625619969582
2202059,PI,Nordeste,0,0,1,-3.663300449401412,-1.731571298252174
2202075,PI,Nordeste,0,0,1,-2.84264415991862,-2.430368525519421
2202083,PI,Nordeste,0,0,1,-2.3652031174481003,-1.1678159471356213
2202091,PI,Nordeste,0,0,1,-0.26585849914417076,1.9057115695498397
2202109,PI,Nordeste,0,0,1,-0.8794660207862438,-4.143240549790231
2202117,PI,Nordeste,0,0,1,-3.389126857184675,-2.027825763602183
2202133,PI,Nordeste,0,0,1,-0.864771743878641,-1.6683627694751864
2202174,PI,Nordeste,0,0,1,-3.647253218108086,-1.0473702859305316
2202208,PI,Nordeste,0,0,1,-1.7204645776228595,0.08771280115159508
2202251,PI,Nordeste,0,0,1,-2.087661313267964,-2.2595904422248028
2202307,PI,Nordeste,0,0,1,-1.6932185914430322,-0.7761898607651698
2202406,PI,Nordeste,0,0,1,-2.0341130808245187,-1.5184915100207725
2202455,PI,Nordeste,0,0,1,-2.2105622294164955,-1.4787944483205047
2202505,PI,Nordeste,0,0,1,-3.4142629419475923,-1.8968620316742555
2202539,PI,Nordeste,0,0,1,-2.5777486901923776,-1.922019023844067
2202554,PI,Nordeste,0,0,1,-1.693178976252091,-2.5382514686986717
2202604,PI,Nordeste,0,0,1,-3.117203073005372,-0.3469722061079314
2202653,PI,Nordeste,0,0,1,-2.3770038009158436,-2.090044172001517
2202703,PI,Nordeste,0,0,1,-3.425229415679821,0.3506262014873839
2202711,PI,Nordeste,0,0,1,-2.392400658560964,-2.599359205335281
2202729,PI,Nordeste,0,0,1,-3.1292933990258414,-1.6965671854511521
2202737,PI,Nordeste,0,0,1,-1.9286822354286337,-1.8547495646614143
2202752,PI,Nordeste,0,0,1,-1.2123611537232897,-1.795217068728824
2202778,PI,Nordeste,0,0,1,-2.079051656775334,-2.0159668851147075
2202802,PI,Nordeste,0,0,1,-1.851031423512373,-1.9077569322252679
2202851,PI,Nordeste,0,0,1,-1.234209482701249,-1.9723298396972777
2202901,PI,Nordeste,0,0,1,-1.892592311466997,-0.11910523317186174
2203008,PI,Nordeste,0,0,1,-2.5121272011268156,-2.47727335384818
2203107,PI,Nordeste,0,0,1,-3.3355933469989623,0.5820618836835592
2203206,PI,Nordeste,0,0,1,-2.433058653414523,-1.647793280421014
2203230,PI,Nordeste,0,0,1,0.06496791223658496,-1.6771831947533264
2203255,PI,Nordeste,0,0,1,-2.925371663977257,-2.403164610843683
2203271,PI,Nordeste,0,0,1,-2.0273296313946987,-1.6587448474619952
2203305,PI,Nordeste,0,0,1,-1.7969908066644718,1.2501328867749166
2203354,PI,Nordeste,0,0,1,-2.1398331822375596,-3.039128202535309
2203404,PI,Nordeste,0,0,1,-0.8366551171620461,-0.9394310635846272
2203420,PI,Nordeste,0,0,1,-2.2431906735936313,-1.3347293604831265
2203453,PI,Nordeste,0,0,1,-3.2723857638253997,-0.9214172829759402
2203503,PI,Nordeste,0,0,1,-2.8673137727764,-0.7873191407277027
2203602,PI,Nordeste,0,0,1,-1.5582271480645986,-0.9281340409345099
2203701,PI,Nordeste,0,0,1,-4.062243234762338,0.8656833383320202
2203750,PI,Nordeste,0,0,1,-2.7702468490882364,-3.2967757614073068
2203800,PI,Nordeste,0,0,1,-2.013407781809886,-2.823252464842171
2203859,PI,Nordeste,0,0,1,-2.0154033069016135,-2.9414585036333225
2203909,PI,Nordeste,0,0,1,-1.3664259461392376,1.509100727673398
2204006,PI,Nordeste,0,0,1,-0.30234062943304174,-2.1412089947505626
2204105,PI,Nordeste,0,0,1,-1.3826561393776498,-1.9261884143425427
2204154,PI,Nordeste,0,0,1,-1.2893935019551115,-1.5696845713016727
2204204,PI,Nordeste,0,0,1,-1.2530761482784,-1.71468675361604
2204303,PI,Nordeste,0,0,1,-1.5828486900428802,-1.335146736822173
2204352,PI,Nordeste,0,0,1,-2.3466439588324617,-1.2026208644286414
2204402,PI,Nordeste,0,0,1,-2.6000203267884743,-0.009946643591248331
2204501,PI,Nordeste,0,0,1,1.7346227786190955,0.3310264055838088
2204550,PI,Nordeste,0,0,1,-2.7679404511371133,-1.9627207124711619
2204600,PI,Nordeste,0,0,1,-1.0346584963941414,-1.626879251226519
2204659,PI,Nordeste,0,0,1,-2.684057905569501,-1.5475340803375721
2204709,PI,Nordeste,0,0,1,-0.9229407993879666,-1.1110131314090006
2204808,PI,Nordeste,0,0,1,-2.141747292809829,-1.851030032253649
2204907,PI,Nordeste,0,0,1,-1.4986198433824505,-2.1361227665619467
2205003,PI,Nordeste,0,0,1,-1.8846196974070883,-1.7668178475935814
2205102,PI,Nordeste,0,0,1,-1.9254492808890986,-1.5932004487637788
2205151,PI,Nordeste,0,0,1,-1.6253693055883767,-2.2904942682828167
2205201,PI,Nordeste,0,0,1,-2.86481167057093,0.1839772598644746
2205250,PI,Nordeste,0,0,1,-3.015750768748406,-1.8454929950350283
2205276,PI,Nordeste,0,0,1,-1.6191929718462292,-2.5673651979415446
2205300,PI,Nordeste,0,0,1,-1.3934222087162917,-2.3023643536208285
2205359,PI,Nordeste,0,0,1,-0.3488997404052302,-0.43306982880050615
2205409,PI,Nordeste,0,0,1,-2.772225906031997,-0.6496984376995008
2205458,PI,Nordeste,0,0,1,-3.1612813661709906,-1.5635132199343211
2205508,PI,Nordeste,0,0,1,-2.3572843075738614,0.6933245735786907
2205516,PI,Nordeste,0,0,1,-2.040200239540178,-1.5679424607895862
2205524,PI,Nordeste,0,0,1,-1.6167207966152597,-0.6452326041691497
2205532,PI,Nordeste,0,0,1,-2.8967808521913976,-2.0490313405658966
2205540,PI,Nordeste,0,0,1,-0.9171102876688986,-2.6071931660464878
2205557,PI,Nordeste,0,0,1,-3.7163148445787058,-0.8897246401432299
2205565,PI,Nordeste,0,0,1,1.8336880358301788,1.7561465541798207
2205573,PI,Nordeste,0,0,1,-1.8159274243798569,-2.2495775428255445
2205581,PI,Nordeste,0,0,1,-0.5745711205759112,-0.3539323961985525
2205599,PI,Nordeste,0,0,1,-2.247106887658986,-0.8044627392121882
2205607,PI,Nordeste,0,0,1,-0.5302982602246249,-2.1118447828966995
2205706,PI,Nordeste,0,0,1,-2.5904719168550603,0.5040089961455427
2205805,PI,Nordeste,0,0,1,-3.6103698774064545,0.22972989989488973
2205854,PI,Nordeste,0,0,1,-3.20958000831573,-1.2129572261010204
2205904,PI,Nordeste,0,0,1,-1.6392189823059902,-1.624671609291675
2205953,PI,Nordeste,0,0,1,-0.5645489294256607,1.6716366919623877
2206001,PI,Nordeste,0,0,1,-0.8231735397138245,-1.5657047067556553
2206050,PI,Nordeste,0,0,1,-2.5476557089239296,-2.286786482369584
2206100,PI,Nordeste,0,0,1,-3.297479190308615,-1.0222760285349828
2206209,PI,Nordeste,0,0,1,-4.187031785185418,-0.3752569247562492
2206308,PI,Nordeste,0,0,1,-0.18072123539598275,-2.7641289272813006
2206357,PI,Nordeste,0,0,1,-2.8681245088448337,-1.5636199020633532
2206407,PI,Nordeste,0,0,1,-2.9183824202694204,0.028279433803728955
2206506,PI,Nordeste,0,0,1,-1.3885261324551657,-1.7794480425981185
2206605,PI,Nordeste,0,0,1,-0.057908358854437875,-1.5735128603120023
2206654,PI,Nordeste,0,0,1,-3.8655700107656705,-1.682110305623928
2206670,PI,Nordeste,0,0,1,-2.3561307898306323,-1.2379946040794896
2206696,PI,Nordeste,0,0,1,-3.82698355790154,-1.4752743260395926
2206704,PI,Nordeste,0,0,1,-2.7778970610788063,-1.137157503246897
2206720,PI,Nordeste,0,0,1,-2.038902348007663,-1.1302349839831152
2206753,PI,Nordeste,0,0,1,-3.747101545190886,0.8872658224112634
2206803,PI,Nordeste,0,0,1,-2.2611133210281493,-1.7364242569685466
2206902,PI,Nordeste,0,0,1,-2.279970144093216,-2.1378203571007575
2206951,PI,Nordeste,0,0,1,-2.1233830329192185,-3.348027702598165
2207009,PI,Nordeste,0,0,1,-1.5347931245179733,1.6336271343644964
2207108,PI,Nordeste,0,0,1,-2.8978016818773833,-1.8075864486701951
2207207,PI,Nordeste,0,0,1,-0.024937468975872835,-2.1047553794672544
2207306,PI,Nordeste,0,0,1,-1.8867769015322222,-2.4421462661022892
2207355,PI,Nordeste,0,0,1,-0.9252576972226609,-2.0412224326350374
2207405,PI,Nordeste,0,0,1,-1.4248096987430927,-0.3256671518121232
2207504,PI,Nordeste,0,0,1,-2.690079742653134,-0.9105504769986421
2207553,PI,Nordeste,0,0,1,-1.6491240396575606,-3.3396224535498735
2207603,PI,Nordeste,0,0,1,-2.0751546680471056,-1.4254467943005542
2207702,PI,Nordeste,0,0,1,-2.5314452110459835,2.92813070726886
2207751,PI,Nordeste,0,0,1,-2.5060186275139054,-1.6027349120056522
2207777,PI,Nordeste,0,0,1,-1.7384274263136554,-2.2562748544196265
2207793,PI,Nordeste,0,0,1,-2.2151705342702113,-2.4286095460015797
2207801,PI,Nordeste,0,0,1,-1.3753246988965788,0.39089760926835737
2207850,PI,Nordeste,0,0,1,-1.724827520487815,-2.9708942336208106
2207900,PI,Nordeste,0,0,1,-2.904268471514694,0.3834721389562449
2207934,PI,Nordeste,0,0,1,-0.421166261036241,-3.328006045470993
2207959,PI,Nordeste,0,0,1,-2.1850083516217613,-2.0651010884377152
2208007,PI,Nordeste,0,0,1,-1.6439902044828032,1.4039460357835771
2208106,PI,Nordeste,0,0,1,-2.9280650083569357,-1.188596771078969
2208205,PI,Nordeste,0,0,1,-1.5832030537106774,-0.8561575021163408
2208304,PI,Nordeste,0,0,1,-1.7969907008077646,0.8247829840888407
2208403,PI,Nordeste,0,0,1,-2.22814570854049,1.3842804139437488
2208502,PI,Nordeste,0,0,1,-3.526917201647113,-0.7838748786788089
2208551,PI,Nordeste,0,0,1,-1.0350811035425045,-2.0907103016348847
2208601,PI,Nordeste,0,0,1,-1.0327216080630672,-2.2164877953431934
2208650,PI,Nordeste,0,0,1,-1.6159746805289612,-1.1616287177618592
2208700,PI,Nordeste,0,0,1,-1.985107932939908,-1.6679825011497103
2208809,PI,Nordeste,0,0,1,-1.043975469732185,-1.363718159133847
2208858,PI,Nordeste,0,0,1,-1.6544028358301281,-2.5704779619093965
2208874,PI,Nordeste,0,0,1,0.7209748147953068,-0.18535239927619745
2208908,PI,Nordeste,0,0,1,0.14952174347130578,-1.1266200223300706
2209005,PI,Nordeste,0,0,1,-3.1550461776731944,-1.8588533453310563
2209104,PI,Nordeste,0,0,1,-1.0718981698403833,-1.6341150695611044
2209153,PI,Nordeste,0,0,1,-2.677162234705681,-2.2126687682174366
2209203,PI,Nordeste,0,0,1,0.28457953369838696,-0.7301827321757339
2209302,PI,Nordeste,0,0,1,-2.503625082913577,-1.673212863038189
2209351,PI,Nordeste,0,0,1,-2.1800937540970575,-2.2937074514113647
2209377,PI,Nordeste,0,0,1,-1.0843784750966958,-1.6798059666598615
2209401,PI,Nordeste,0,0,1,-0.7023069288327014,-2.4791673795479006
2209450,PI,Nordeste,0,0,1,-3.4546591833076663,-2.0536582566630455
2209500,PI,Nordeste,0,0,1,-1.1771067963088873,-2.0643075147900922
2209559,PI,Nordeste,0,0,1,-3.0808481487974677,-2.280059390791241
2209609,PI,Nordeste,0,0,1,-0.7339119854618749,-2.896045901924956
2209658,PI,Nordeste,0,0,1,-2.084563100159617,-3.1721093646118352
2209708,PI,Nordeste,0,0,1,-2.7447615730889074,-3.0440199580242693
2209757,PI,Nordeste,0,0,1,-1.1548937545548312,-2.0000170244625006
2209807,PI,Nordeste,0,0,1,-0.5693078480854338,-1.9842903385186121
2209856,PI,Nordeste,0,0,1,0.37369996735102784,-1.9977448734947043
2209872,PI,Nordeste,0,0,1,-1.7258642222825924,-1.8539082674883482
2209906,PI,Nordeste,0,0,1,-1.0364943707676024,-1.967965924789388
2209955,PI,Nordeste,0,0,1,-2.1289541566070045,-3.078436124300971
2209971,PI,Nordeste,0,0,1,-2.381760554786196,-1.6402894704926596
2210003,PI,Nordeste,0,0,1,-0.6267917100488006,1.3914646507810222
2210052,PI,Nordeste,0,0,1,-1.8326688926857024,-1.889482804561746
2210102,PI,Nordeste,0,0,1,-2.596333426788467,-2.4350272855007833
2210201,PI,Nordeste,0,0,1,-1.6942103404933284,-1.7083802626591933
2210300,PI,Nordeste,0,0,1,-0.819390594439964,-1.7057606837469934
2210359,PI,Nordeste,0,0,1,-2.223950789882658,-2.654898910212328
2210375,PI,Nordeste,0,0,1,-0.8758233165866408,-2.9059543671784427
2210383,PI,Nordeste,0,0,1,-1.6693919099257364,-2.5427668346194086
2210391,PI,Nordeste,0,0,1,-1.52078813471795,-0.8321613982819798
2210409,PI,Nordeste,0,0,1,-3.539559578386011,-0.34463723763491505
2210508,PI,Nordeste,0,0,1,-1.6653571159076197,-1.1146800491788553
2210607,PI,Nordeste,0,0,1,-1.978617725760732,0.6587079282583069
2210623,PI,Nordeste,0,0,1,-1.9100639763938527,-3.1809464422373344
2210631,PI,Nordeste,0,0,1,-0.01643212319337949,-2.133521912254072
2210656,PI,Nordeste,0,0,1,-3.753645818454405,-0.6336499378297975
2210706,PI,Nordeste,0,0,1,-0.516889487329046,1.1407081394801497
2210805,PI,Nordeste,0,0,1,-1.605503033195819,-0.7467547386048975
2210904,PI,Nordeste,0,0,1,-1.9070545687339069,-3.247857797989508
2210938,PI,Nordeste,0,0,1,-1.3165427175002047,-2.214079673704581
2210953,PI,Nordeste,0,0,1,-2.8371349467686167,-2.3810470960096772
2210979,PI,Nordeste,0,0,1,-1.8500795086460504,-2.0312251363471927
2211001,PI,Nordeste,1,0,2,-0.9901795601510428,3.8319252635072663
2211100,PI,Nordeste,0,0,1,-3.3732870135964994,0.301209612113498
2211209,PI,Nordeste,0,0,1,-0.3729575733413092,2.04856101492093
2211308,PI,Nordeste,0,0,1,-1.8654214043538289,0.022698400362007886
2211357,PI,Nordeste,0,0,1,-2.3873561363069267,-2.013452557760246
2211407,PI,Nordeste,0,0,1,-1.573554261939171,-1.5124852137362303
2211506,PI,Nordeste,0,0,1,-2.1397430623138316,-3.4619508550016853
2211605,PI,Nordeste,0,0,1,0.4743516906671433,-2.7117062684172644
2211704,PI,Nordeste,0,0,1,-1.7368022336353803,-3.3715024159444544
2300101,CE,Nordeste,0,0,1,0.253283310065466,-1.7526776494490905
2300150,CE,Nordeste,0,0,1,-1.9322952809024159,-0.6844272209579637
2300200,CE,Nordeste,0,0,1,-1.8949475103686502,1.4613250240466085
2300309,CE,Nordeste,0,0,1,-2.7079463491954328,0.6781754455630657
2300408,CE,Nordeste,0,0,1,-2.50713195266483,-0.532413488512198
2300507,CE,Nordeste,0,0,1,-2.3358248215473276,-1.1173918269342449
2300606,CE,Nordeste,0,0,1,-0.5495429425076844,-1.4229799857149183
2300705,CE,Nordeste,0,0,1,-1.0813333796940394,-1.2114024185939773
2300754,CE,Nordeste,0,0,1,-2.0457185611225586,1.235204978691256
2300804,CE,Nordeste,0,0,1,-0.3914854385005813,-0.8435906310571094
2300903,CE,Nordeste,0,0,1,-1.6296730239522126,-1.2063366584125335
2301000,CE,Nordeste,0,0,1,-1.1708558152275599,3.6714956288815705
2301109,CE,Nordeste,0,0,1,-0.9750463773777401,2.247559141522101
2301208,CE,Nordeste,0,0,1,-1.4610544965294192,-0.6525372511021774
2301257,CE,Nordeste,0,0,1,-1.137492511464944,-1.4492158244799742
2301307,CE,Nordeste,0,0,1,-1.8097677849288418,-0.28818775250256184
2301406,CE,Nordeste,0,0,1,-0.4584340072061019,-1.4608981021550485
2301505,CE,Nordeste,0,0,1,-0.6603561683686038,-2.277502640169324
2301604,CE,Nordeste,0,0,1,-1.0287377768953638,-0.6905614072963115
2301703,CE,Nordeste,0,0,1,-2.039435217425706,0.08047223737582239
2301802,CE,Nordeste,0,0,1,-1.602456997059624,-2.038618304101055
2301851,CE,Nordeste,0,0,1,-1.412048207076642,-0.44524608523666676
2301901,CE,Nordeste,0,0,1,-1.465245297333557,1.6815391970277553
2301950,CE,Nordeste,0,0,1,-1.707717465950676,-0.2967515146108104
2302008,CE,Nordeste,0,0,1,-1.2487814424390091,-0.7232390412582743
2302057,CE,Nordeste,0,0,1,-2.2370331325773085,0.06849892211341525
2302107,CE,Nordeste,0,0,1,-2.2080610314087954,0.4243881783258376
2302206,CE,Nordeste,0,0,1,-0.9161340792760205,0.8405599686697948
2302305,CE,Nordeste,0,0,1,-2.1165691495040346,-0.7738648669321128
2302404,CE,Nordeste,0,0,1,-3.013110281917094,1.6899567650103564
2302503,CE,Nordeste,0,0,1,-0.7839380765602806,0.8516270298957782
2302602,CE,Nordeste,0,0,1,-1.810073339269995,1.290729126174121
2302701,CE,Nordeste,0,0,1,-1.6147759219122424,0.14414758546567108
2302800,CE,Nordeste,0,0,2,-1.969173994376201,0.8111091184937765
2302909,CE,Nordeste,0,0,1,-1.015972809627228,-0.9401831946183065
2303006,CE,Nordeste,0,0,1,-2.4536218206837734,-0.623652388770587
2303105,CE,Nordeste,0,0,1,-1.5807859135779174,-0.743481023361372
2303204,CE,Nordeste,0,0,1,-1.0213976367037452,-0.7645635508265273
2303303,CE,Nordeste,0,0,1,-1.3350185832965362,-0.9421951777114888
2303402,CE,Nordeste,0,0,1,-2.302944971737011,-0.36524173339973826
2303501,CE,Nordeste,0,0,1,-1.871061775667929,2.1504255119713176
2303600,CE,Nordeste,0,0,1,-3.352626702066043,-1.4937924826669084
2303659,CE,Nordeste,0,0,1,-2.0789299563768937,-0.8430074545548863
2303709,CE,Nordeste,0,0,2,-0.6463762977539741,2.9798670555555904
2303808,CE,Nordeste,0,0,1,-1.593910270412777,-0.11798249884322035
2303907,CE,Nordeste,0,0,1,-2.361955502216317,-1.6023256635291987
2303931,CE,Nordeste,0,0,1,-0.9462649646784942,0.3551399843135104
2303956,CE,Nordeste,0,0,1,-0.9527248923653525,0.03207012199836752
2304004,CE,Nordeste,0,0,1,-1.628298919641973,-0.9139219309977425
2304103,CE,Nordeste,0,0,2,-0.08012293690851045,0.41254441012129706
2304202,CE,Nordeste,0,0,1,-0.9861541163309844,1.998933742926249
2304236,CE,Nordeste,0,0,1,-1.537473563673078,-0.7873471815834554
2304251,CE,Nordeste,0,0,1,-1.2698393315865102,-0.0586565259654395
2304269,CE,Nordeste,0,0,1,0.19899409458783426,-1.5650972846211921
2304277,CE,Nordeste,0,0,1,-1.706282420520984,-1.726419012516694
2304285,CE,Nordeste,0,0,1,-0.20743241605134816,3.333872441369095
2304301,CE,Nordeste,0,0,1,-0.16161569188004074,-0.8714227149252937
2304350,CE,Nordeste,0,0,1,-1.4575801361644138,0.10337519068300624
2304400,CE,Nordeste,1,0,2,-0.13123470874971602,4.389282336595239
2304459,CE,Nordeste,0,0,1,-0.11291400382176306,-0.03145404739712569
2304509,CE,Nordeste,0,0,1,-0.641058423762118,0.8398888140844335
2304608,CE,Nordeste,0,0,1,-1.458024097928596,-1.2479520975628458
2304657,CE,Nordeste,0,0,1,-2.162822196576603,-0.9977050007798373
2304707,CE,Nordeste,0,0,1,-3.192887765127621,0.1254899967158989
2304806,CE,Nordeste,0,0,1,-0.2562347558660682,-1.784986928213354
2304905,CE,Nordeste,0,0,1,-1.4877745347009095,-0.4374112536669172
2304954,CE,Nordeste,0,0,1,-1.778575012451926,0.025362594918109466
2305001,CE,Nordeste,0,0,1,-1.5140921588771663,-0.08149485934212558
2305100,CE,Nordeste,0,0,1,-0.24173307099739957,-1.5806635474857806
2305209,CE,Nordeste,0,0,1,-1.3064948452702827,-0.6397377999941936
2305233,CE,Nordeste,0,0,1,-0.5438647523126319,2.7901111085435106
2305266,CE,Nordeste,0,0,1,-1.277582206450127,-0.24428815843910362
2305308,CE,Nordeste,0,0,1,-1.546113278560628,-0.44617315159585746
2305332,CE,Nordeste,0,0,1,-0.6747229286980618,-1.0779025066725871
2305357,CE,Nordeste,0,0,1,0.2437472794900822,1.5645010097654688
2305407,CE,Nordeste,0,0,1,-2.6593631305691967,0.15975224750136624
2305506,CE,Nordeste,0,0,1,-1.6370269475876218,1.9979606750950936
2305605,CE,Nordeste,0,0,1,-2.1786464787211512,0.3139636779933387
2305654,CE,Nordeste,0,0,1,-0.887423276907771,-1.2552624692318715
2305704,CE,Nordeste,0,0,1,-0.3743205514050271,-0.4925150078483826
2305803,CE,Nordeste,0,0,1,-1.613391170323428,0.16794877927280466
2305902,CE,Nordeste,0,0,1,-1.9531946003163942,0.3321093904771666
2306009,CE,Nordeste,0,0,1,-1.5116609186340295,0.22324706845795778
2306108,CE,Nordeste,0,0,1,-2.3924353579203164,-0.5412220904726165
2306207,CE,Nordeste,0,0,1,-0.8301830250293358,-1.3741030903654905
2306256,CE,Nordeste,0,0,1,-1.5257938812463918,1.966460102097086
2306306,CE,Nordeste,0,0,1,-1.3020051966927746,0.9380177160920703
2306405,CE,Nordeste,0,0,2,-0.9123565069806292,1.0009738153625545
2306504,CE,Nordeste,0,0,1,-1.8006599682068838,-0.37503568729832787
2306553,CE,Nordeste,0,0,1,-1.0419390114758544,1.8076645856280484
2306603,CE,Nordeste,0,0,1,-2.831503320566495,-0.08150991787413323
2306702,CE,Nordeste,0,0,1,-2.1851861090406994,-0.5575511139209596
2306801,CE,Nordeste,0,0,1,-0.9716812333311815,-1.1069017180779956
2306900,CE,Nordeste,0,0,1,-1.0393897149199367,1.0912756959714052
2307007,CE,Nordeste,0,0,1,-0.5894845606077466,0.6681595875002158
2307106,CE,Nordeste,0,0,1,-1.4980074158271708,-0.4169248034376705
2307205,CE,Nordeste,0,0,1,-0.5671126003264161,-0.643695736313913
2307254,CE,Nordeste,0,0,1,-1.220065134323235,1.0017421960381725
2307304,CE,Nordeste,0,0,1,-1.0574637907044675,2.9277025554777127
2307403,CE,Nordeste,0,0,1,-0.8296440244152301,-0.13343173007685624
2307502,CE,Nordeste,0,0,1,-0.6817977326050975,-0.49989305277922175
2307601,CE,Nordeste,0,0,1,-0.7012267408042542,1.5672001741362223
2307635,CE,Nordeste,0,0,1,-1.977927416991079,-0.7576548409626743
2307650,CE,Nordeste,0,0,2,0.7734300525485654,3.3775620328957894
2307700,CE,Nordeste,0,0,1,-1.2857355701630444,2.4433152591724694
2307809,CE,Nordeste,0,0,1,-0.8369477942691148,0.48871172740019486
2307908,CE,Nordeste,0,0,1,-2.876849543119608,-0.8499933510278518
2308005,CE,Nordeste,0,0,1,-2.0902492717232732,0.15517328234015648
2308104,CE,Nordeste,0,0,1,-1.1756014290400665,-0.0491000699210579
2308203,CE,Nordeste,0,0,1,-1.8112233929097519,-0.6737556515204968
2308302,CE,Nordeste,0,0,1,-1.912624735223666,0.012018660434883968
2308351,CE,Nordeste,0,0,1,0.3250450499192764,-0.8250981934998072
2308377,CE,Nordeste,0,0,1,-2.6633798416025294,-1.6650619883050013
2308401,CE,Nordeste,0,0,1,-0.9611798670323357,-0.12188160225054151
2308500,CE,Nordeste,0,0,1,-2.0135408536362402,0.46360931050628545
2308609,CE,Nordeste,0,0,2,-0.3846979001614633,-1.5103621864347734
2308708,CE,Nordeste,0,0,1,-0.7856636644443782,1.918292040830458
2308807,CE,Nordeste,0,0,1,-1.0343692894529772,-2.313304219651767
2308906,CE,Nordeste,0,0,1,-1.7468757421185968,-0.7715862621844181
2309003,CE,Nordeste,0,0,1,-2.1594211271647845,-0.9538959971561886
2309102,CE,Nordeste,0,0,1,-2.3249428545417805,-0.7722242101148014
2309201,CE,Nordeste,0,0,1,-0.9135366751659636,-0.15390241248472122
2309300,CE,Nordeste,0,0,1,-1.0246897291729844,-0.2221225754087657
2309409,CE,Nordeste,0,0,1,-1.996127979929462,-0.30726938686413124
2309458,CE,Nordeste,0,0,1,-0.5862541289780665,-0.41656448987186806
2309508,CE,Nordeste,0,0,1,-0.6685097185938543,-0.3263109840090773
2309607,CE,Nordeste,0,0,1,-2.4742189046429863,2.7816454299092297
2309706,CE,Nordeste,0,0,1,-0.9145146791588113,2.285104531703633
2309805,CE,Nordeste,0,0,1,-0.2992732634280712,-1.122647234020777
2309904,CE,Nordeste,0,0,1,-0.8612720651649275,-0.9170526637854463
2310001,CE,Nordeste,0,0,1,-0.6818578222686612,-1.1185268722133042
2310100,CE,Nordeste,0,0,1,-0.8340177626530008,-1.142025607331041
2310209,CE,Nordeste,0,0,1,-2.396953822492183,1.1372672697712032
2310258,CE,Nordeste,0,0,1,-0.9120884622685882,0.6421155954560164
2310308,CE,Nordeste,0,0,1,-2.0809027646622034,0.1982400117060931
2310407,CE,Nordeste,0,0,1,-2.820957510021057,-1.0900880009910479
2310506,CE,Nordeste,0,0,1,-2.3731095288819737,0.2101872655049163
2310605,CE,Nordeste,0,0,1,-0.30650409017919195,-0.9273240561701199
2310704,CE,Nordeste,0,0,1,-1.1604984678242403,1.4105673455415246
2310803,CE,Nordeste,0,0,1,-0.6831265711319654,0.30747315696649663
2310852,CE,Nordeste,0,0,1,-1.3110852096819292,0.3452011272439698
2310902,CE,Nordeste,0,0,1,-1.608963605623437,-0.9815434282878084
2310951,CE,Nordeste,0,0,1,-1.8370110360019225,-1.169862498807679
2311009,CE,Nordeste,0,0,2,-0.3055605349325373,-1.3892591819806321
2311108,CE,Nordeste,0,0,1,-1.115084918895526,-0.7652964274557381
2311207,CE,Nordeste,0,0,1,-1.1356748194929451,-0.7526001810068327
2311231,CE,Nordeste,0,0,1,-1.353236604122376,-0.5437804244633287
2311264,CE,Nordeste,0,0,2,-1.2770200770083417,-1.4729351309884775
2311306,CE,Nordeste,0,0,1,-1.981001735352978,1.8330606302206243
2311355,CE,Nordeste,0,0,1,-1.8348939652161884,-0.5538800962527585
2311405,CE,Nordeste,0,0,1,-1.3809319293233389,2.3912483731724365
2311504,CE,Nordeste,0,0,1,0.2200523400013209,0.4527274269008439
2311603,CE,Nordeste,0,0,1,-1.0369911503846772,0.36940777791362817
2311702,CE,Nordeste,0,0,1,-1.2965976308497837,-0.9726969669014932
2311801,CE,Nordeste,0,0,1,-1.536115351607913,1.5217362972340618
2311900,CE,Nordeste,0,0,1,-1.5946067958882446,-0.676062946081642
2311959,CE,Nordeste,0,0,1,-2.256409836375768,-1.038157482269634
2312007,CE,Nordeste,0,0,1,-1.9025390469648935,-0.656010090560347
2312106,CE,Nordeste,0,0,1,-1.2110532970596881,-1.1706402367720763
2312205,CE,Nordeste,0,0,1,-1.9498289829305067,0.8608325731798432
2312304,CE,Nordeste,0,0,2,-1.0463093862661879,-0.36136265138417967
2312403,CE,Nordeste,0,0,1,0.6868393882015406,3.8635867676029405
2312502,CE,Nordeste,0,0,1,0.9497185170516511,-1.8564540636135862
2312601,CE,Nordeste,0,0,1,-1.932336477754099,-0.5125478176805135
2312700,CE,Nordeste,0,0,1,-1.6805039076209909,0.7424779206076204
2312809,CE,Nordeste,0,0,1,-1.521663118660187,-1.6771320792951523
2312908,CE,Nordeste,0,0,1,-0.9743222675530563,3.2778605612666096
2313005,CE,Nordeste,0,0,1,0.4172468629911311,-0.1322989397595894
2313104,CE,Nordeste,0,0,1,-1.3043919478589445,0.11916204449946786
2313203,CE,Nordeste,0,0,1,-2.4954888149526937,-0.4738553161582283
2313252,CE,Nordeste,0,0,1,-1.1669198843870074,-1.561232321400142
2313302,CE,Nordeste,0,0,1,-1.3451239767098344,1.087834781847682
2313351,CE,Nordeste,0,0,1,-2.846650915645244,-1.211468072062126
2313401,CE,Nordeste,0,0,1,-1.8189423848705844,2.706020107141211
2313500,CE,Nordeste,0,0,1,-1.5266934070709706,1.8613395277274303
2313559,CE,Nordeste,0,0,1,-2.411220044123222,-1.0959050256533704
2313609,CE,Nordeste,0,0,1,-1.2107730538378474,0.3520097687459534
2313708,CE,Nordeste,0,0,1,-1.2912790060066632,-2.4346682053522417
2313757,CE,Nordeste,0,0,1,-2.086750888175877,-0.15819187564439577
2313807,CE,Nordeste,0,0,1,-1.4046009994636703,0.03762244072600398
2313906,CE,Nordeste,0,0,1,-0.04899572272668658,0.5681355349848244
2313955,CE,Nordeste,0,0,1,-0.5229707192056907,-0.4331430605693816
2314003,CE,Nordeste,0,0,1,-0.8967856145645989,0.35977015061879064
2314102,CE,Nordeste,0,0,1,-3.056420064832022,0.6423896467468129
2400109,RN,Nordeste,0,0,1,0.11101800994586213,-0.06493227013821028
2400208,RN,Nordeste,0,0,2,-0.07668599607749588,1.8195999156411504
2400307,RN,Nordeste,0,0,2,-0.6207923337472806,0.19662530651947313
2400406,RN,Nordeste,0,0,1,0.8422394997112957,-1.4070170786306586
2400505,RN,Nordeste,0,0,1,-2.1098697758249725,0.5297985187762584
2400604,RN,Nordeste,0,0,2,-0.6074010999664137,-1.5913243088467703
2400703,RN,Nordeste,0,0,1,0.26384289804580574,1.6173894761343925
2400802,RN,Nordeste,0,0,2,-0.45816611635209264,0.3585856806807803
2400901,RN,Nordeste,0,0,2,-1.4810752259869226,-1.1013193866545572
2401008,RN,Nordeste,0,0,2,-0.9419560613293028,0.8058419465846592
2401107,RN,Nordeste,0,0,2,0.1543168557604283,1.5739145728467856
2401206,RN,Nordeste,0,0,1,-0.37816551210906457,0.9939061452296907
2401305,RN,Nordeste,0,0,1,-2.140729721571712,-1.0214625653983456
2401404,RN,Nordeste,0,0,1,-0.28479151222609334,0.46971946239317275
2401453,RN,Nordeste,0,0,1,-1.6911671077124115,2.4061082062988524
2401503,RN,Nordeste,0,0,1,-1.2973015418296328,-1.919588390258503
2401602,RN,Nordeste,0,0,1,-1.6127272563042143,-1.6931885259046873
2401651,RN,Nordeste,0,0,1,0.924150785539311,2.5673077621972027
2401701,RN,Nordeste,0,0,2,-0.8528150876154141,-0.5515139869835289
2401800,RN,Nordeste,0,0,2,-1.839918360794785,0.13653383216561218
2401859,RN,Nordeste,0,0,1,-1.9994658860853054,-0.7620274505671033
2401909,RN,Nordeste,0,0,2,-0.91976238191252,-1.6919070286722213
2402006,RN,Nordeste,0,0,2,-0.21058044636121387,1.1722644506210316
2402105,RN,Nordeste,0,0,1,-2.5460111690821647,-0.9266729330189769
2402204,RN,Nordeste,0,0,1,-1.3736614423119553,0.6909834230918038
2402303,RN,Nordeste,0,0,2,-1.1318262613334533,0.9381762794932729
2402402,RN,Nordeste,0,0,1,-0.5033316847415794,1.0304000071485488
2402501,RN,Nordeste,0,0,2,-0.7382377894418896,0.3720831094123217
2402600,RN,Nordeste,0,0,2,-1.6473200117787437,1.4858724504122118
2402709,RN,Nordeste,0,0,1,-0.8975261384217431,-0.547499060593694
2402808,RN,Nordeste,0,0,1,-2.4123228097730767,-1.4932860357664353
2402907,RN,Nordeste,0,0,1,-2.6089304985001123,-2.0990158271976296
2403004,RN,Nordeste,0,0,2,1.1847762961213255,-0.37668136581947576
2403103,RN,Nordeste,0,0,2,-0.8210134712205246,1.1925804137529
2403202,RN,Nordeste,0,0,1,-1.7675431594898956,-1.4010958379919112
2403251,RN,Nordeste,0,0,1,-0.234443980931743,3.149839427724978
2403301,RN,Nordeste,0,0,1,-1.9753127930435732,-2.3333756889572075
2403400,RN,Nordeste,0,0,1,-0.4554742280131778,-0.2407968440304322
2403509,RN,Nordeste,0,0,1,-2.7770926334479746,-1.0089621058217846
2403608,RN,Nordeste,0,0,2,-1.3012352078172411,1.4707690205930368
2403707,RN,Nordeste,0,0,1,-1.6950569643353919,1.0841877510072824
2403756,RN,Nordeste,0,0,2,1.0254358408916773,-1.3233078282883561
2403806,RN,Nordeste,0,0,2,-1.2666616348415454,-0.2531066925347195
2403905,RN,Nordeste,0,0,1,-1.674926976742845,-2.242966813129293
2404002,RN,Nordeste,0,0,2,-0.016784619238337725,-1.8328397606736389
2404101,RN,Nordeste,0,0,1,0.8754293458172042,-0.9795102870032311
2404200,RN,Nordeste,0,0,1,-0.8368676227861843,0.9046283900455971
2404309,RN,Nordeste,0,0,2,0.29360204478328455,0.9280283992983422
2404408,RN,Nordeste,0,0,2,-0.9639749975993607,1.069383445830584
2404507,RN,Nordeste,0,0,1,1.438387833122074,3.060989137574939
2404606,RN,Nordeste,0,0,2,-3.2130660098194714,-1.0269302181520317
2404705,RN,Nordeste,0,0,2,-1.1078356252898693,-0.042446662715095444
2404804,RN,Nordeste,0,0,1,0.054044422310059646,-2.2448316729979743
2404853,RN,Nordeste,0,0,1,-1.394734779986719,-0.8440618165113059
2404903,RN,Nordeste,0,0,2,0.22039903036618252,-1.0551835582477123
2405009,RN,Nordeste,0,0,2,-0.4488694234952455,-1.1261172023209018
2405108,RN,Nordeste,0,0,2,-1.9663656026743817,-1.0211612697164014
2405207,RN,Nordeste,0,0,2,0.857475849196647,-0.34801433822460515
2405306,RN,Nordeste,0,0,1,-2.8387034564333504,-0.4237273193505584
2405405,RN,Nordeste,0,0,2,-1.9640336283938211,-1.1341298371578854
2405504,RN,Nordeste,0,0,1,1.0359423702048849,0.11177389406678907
2405603,RN,Nordeste,0,0,2,-1.1746098327667855,-0.22307824845015517
2405702,RN,Nordeste,0,0,2,0.6055909373457945,0.18864163684743043
2405801,RN,Nordeste,0,0,1,-1.077409663164713,3.087653734765207
2405900,RN,Nordeste,0,0,1,-1.5533844990600023,-2.3511443816373427
2406007,RN,Nordeste,0,0,1,-2.6637670335511987,-0.6881531008378065
2406106,RN,Nordeste,0,0,2,-0.5330876830462117,0.44623451732937713
2406155,RN,Nordeste,0,0,1,-2.61812833671564,-2.154387284882348
2406205,RN,Nordeste,0,0,2,-1.5541841264267566,-0.10887810756828306
2406304,RN,Nordeste,0,0,1,-2.3435806509846517,-1.082974636722088
2406403,RN,Nordeste,0,0,1,-2.2856606466977203,-1.3599018013295099
2406502,RN,Nordeste,0,0,1,-0.6445343016790351,1.063447931570979
2406601,RN,Nordeste,0,0,2,-2.0349793567949344,-0.5643342456456453
2406700,RN,Nordeste,0,0,2,0.04046725137325781,-0.2549437332389436
2406809,RN,Nordeste,0,0,1,-3.355915374436122,0.14351022518744885
2406908,RN,Nordeste,0,0,1,-1.2749875547833738,0.5561338046943406
2407005,RN,Nordeste,0,0,2,-2.1336976525978875,-0.26086959198207615
2407104,RN,Nordeste,0,0,2,-1.0350901412047826,2.186483577328882
2407203,RN,Nordeste,0,0,2,-0.15116389234971547,1.2779977056415386
2407252,RN,Nordeste,0,0,1,-0.922832096603193,-1.0769913281482946
2407302,RN,Nordeste,0,0,2,-1.7151555020008897,-0.9279818023506902
2407401,RN,Nordeste,0,0,2,-0.7184007001149461,-1.0302576106096881
2407500,RN,Nordeste,0,0,1,-2.2525237377955643,0.24373666979360026
2407609,RN,Nordeste,0,0,1,-2.0935877382206303,-0.8335576492607564
2407708,RN,Nordeste,0,0,1,-3.127873356965975,-0.07124034022289329
2407807,RN,Nordeste,0,0,1,-2.3411695602672515,-0.7062190023836156
2407906,RN,Nordeste,0,0,1,-2.5442280014859104,-2.2250619241705825
2408003,RN,Nordeste,0,0,2,-0.5157365069374726,3.102401549830331
2408102,RN,Nordeste,1,0,2,-0.26764405144359704,3.8561178210027665
2408201,RN,Nordeste,0,0,2,-2.1225229974305697,0.37234535226640847
2408300,RN,Nordeste,0,0,2,-2.0675341567936205,1.5956344438292849
2408409,RN,Nordeste,0,0,1,-1.2199967470548991,-1.8742325158564543
2408508,RN,Nordeste,0,0,1,1.1320869231377224,-0.832669282236737
2408607,RN,Nordeste,0,0,1,-2.5272352822217665,-1.3435705770587258
2408706,RN,Nordeste,0,0,1,2.024462636624248,-2.0025211653017245
2408805,RN,Nordeste,0,0,1,2.1754796434844943,2.9165990758935747
2408904,RN,Nordeste,0,0,2,-0.7543911123952383,1.0777272398177427
2408953,RN,Nordeste,0,0,1,-1.872786559125547,-0.17977138918472432
2409100,RN,Nordeste,0,0,2,-1.305405437206666,-0.4673030819235205
2409209,RN,Nordeste,0,0,1,-2.0793307271651877,-0.6808201084983283
2409308,RN,Nordeste,0,0,2,-0.2714883725346043,-0.825929572229297
2409332,RN,Nordeste,0,0,1,-2.869089682987476,0.012172950865958645
2409407,RN,Nordeste,0,0,2,0.14597187086479263,0.8014579162282683
2409506,RN,Nordeste,0,0,1,1.212695744692186,1.8363439637548609
2409605,RN,Nordeste,0,0,1,-3.008574800750574,-1.0444618668710544
2409704,RN,Nordeste,0,0,2,-1.6278983236761437,-1.166585252647514
2409803,RN,Nordeste,0,0,2,-1.886283975705211,0.2804569681450805
2409902,RN,Nordeste,0,0,1,0.1558271043590393,0.7176020810775972
2410009,RN,Nordeste,0,0,1,0.02621270098780164,-1.1865010579713575
2410108,RN,Nordeste,0,0,1,-2.9126090807994824,-0.05796108382123866
2410207,RN,Nordeste,0,0,1,-1.9136026155275006,-0.4264907273230731
2410256,RN,Nordeste,0,0,1,-0.019463923022013625,-0.37235267396826804
2410306,RN,Nordeste,0,0,1,-3.641592746049633,1.2734020038684428
2410405,RN,Nordeste,0,0,2,-0.27740227212788326,-1.07677023694002
2410504,RN,Nordeste,0,0,2,-0.1871495914322056,-1.7057280843419402
2410603,RN,Nordeste,0,0,1,-2.23918150041057,-1.934830000579375
2410702,RN,Nordeste,0,0,1,-0.7574490050864713,-1.3647754225227275
2410801,RN,Nordeste,0,0,1,-2.4333183258409203,-1.6339183802841621
2410900,RN,Nordeste,0,0,2,-1.113250567176265,-0.32093108842022805
2411007,RN,Nordeste,0,0,2,0.04310717630657446,-1.7374753436932266
2411056,RN,Nordeste,0,0,2,-0.7774141480474966,-0.07932649110169826
2411106,RN,Nordeste,0,0,1,-1.6585352749458242,-0.9934687004079301
2411205,RN,Nordeste,0,0,2,-0.45894967666824216,1.3579951494337528
2411403,RN,Nordeste,0,0,2,-0.8156578744555862,-0.8946014590668727
2411429,RN,Nordeste,0,0,1,0.4112090224076468,-0.5861188266548707
2411502,RN,Nordeste,0,0,2,-2.574401671726553,1.626386592380471
2411601,RN,Nordeste,0,0,1,1.4885409407683041,1.9539405892230215
2411700,RN,Nordeste,0,0,1,-0.07075869699457757,-0.9593744022294697
2411809,RN,Nordeste,0,0,1,-1.0886036661571719,-1.4713331830315555
2411908,RN,Nordeste,0,0,1,-2.361328600189936,-1.1582156516046047
2412005,RN,Nordeste,0,0,2,-0.8697199113955412,2.0353058688595014
2412104,RN,Nordeste,0,0,2,0.573638017395656,-1.7314505222887822
2412203,RN,Nordeste,0,0,2,-1.5268587619193652,1.4256030984466277
2412302,RN,Nordeste,0,0,2,-1.872455751303557,0.026023829956259823
2412401,RN,Nordeste,0,0,1,0.03459863650093492,-0.12980928382225837
2412500,RN,Nordeste,0,0,1,-1.8422342822925128,0.8059908530218646
2412559,RN,Nordeste,0,0,1,-0.6849465863979541,2.457178340677151
2412609,RN,Nordeste,0,0,1,-1.3691457493456025,-0.046482153557016806
2412708,RN,Nordeste,0,0,2,-1.8697952687607151,-0.7873786173739756
2412807,RN,Nordeste,0,0,1,-1.358764812827744,-0.8049180450989581
2412906,RN,Nordeste,0,0,2,-1.9306094649196819,-0.5312784838855952
2413003,RN,Nordeste,0,0,2,-0.8130979756296342,0.2178464313431229
2413102,RN,Nordeste,0,0,2,-1.1391977132900832,-1.3731917121698642
2413201,RN,Nordeste,0,0,1,1.4088253209457595,-0.9286147625210828
2413300,RN,Nordeste,0,0,1,-1.8620942554676225,-1.2303224479156392
2413359,RN,Nordeste,0,0,1,-0.8574374215874174,4.439092137217827
2413409,RN,Nordeste,0,0,1,-1.001988698644628,-1.9005779031502108
2413508,RN,Nordeste,0,0,1,-2.151876174114013,-0.9403250247567001
2413557,RN,Nordeste,0,0,2,-0.5531941738263209,-1.971120006469384
2413607,RN,Nordeste,0,0,1,-0.48702836407073913,-1.6138957151834445
2413706,RN,Nordeste,0,0,1,-2.0405522699555547,-0.9603642264111591
2413805,RN,Nordeste,0,0,1,-0.4495179248752579,-2.254528990102277
2413904,RN,Nordeste,0,0,2,-1.4093939251132985,0.5072860807872731
2414001,RN,Nordeste,0,0,2,-0.9743092272866157,1.191426356505289
2414100,RN,Nordeste,0,0,2,-0.37606551670313854,-0.6190566175716807
2414159,RN,Nordeste,0,0,1,0.14491645908116674,-0.9206808467899236
2414209,RN,Nordeste,0,0,1,-0.35604648222861546,0.9479238303913913
2414308,RN,Nordeste,0,0,1,0.25919986743041296,-1.841196224553145
2414407,RN,Nordeste,0,0,2,-1.1210686054540708,1.6078501005718113
2414456,RN,Nordeste,0,0,1,-1.2907215974102675,-1.5900612657531246
2414506,RN,Nordeste,0,0,2,-0.2709210490273764,-1.1391047632003617
2414605,RN,Nordeste,0,0,2,-1.5059118121277657,1.3547326903511283
2414704,RN,Nordeste,0,0,1,0.20858556538761738,-1.2297401149785452
2414753,RN,Nordeste,0,0,1,-2.4411210443718705,-1.2608896528744318
2414803,RN,Nordeste,0,0,1,-2.5151454307042145,0.12594303959486258
2414902,RN,Nordeste,0,0,1,-0.24156737768790507,-2.0474154713465795
2415008,RN,Nordeste,0,0,1,-0.1849941411452215,-1.1500350249611435
2500106,PB,Nordeste,0,0,1,-2.977121206133807,-0.08286164966063672
2500205,PB,Nordeste,0,0,1,-1.4048471092117305,-1.0998845120265301
2500304,PB,Nordeste,0,0,1,-2.6119063494648587,0.2620655499294597
2500403,PB,Nordeste,0,0,1,-2.339714752362443,0.4358856912226223
2500502,PB,Nordeste,0,0,1,-2.2018987839903024,-0.5363174779828863
2500536,PB,Nordeste,0,0,1,-1.558957990253273,-1.175138752472396
2500577,PB,Nordeste,0,0,1,-2.643711450657875,-1.6094829824105936
2500601,PB,Nordeste,0,0,1,-0.7961819656050595,1.7102444487333037
2500700,PB,Nordeste,0,0,1,-2.7526133974069826,-0.7403065162634564
2500734,PB,Nordeste,0,0,1,-0.6841000305898413,-2.0323919165163242
2500775,PB,Nordeste,0,0,1,-3.0397345964570786,-0.6309333870623968
2500809,PB,Nordeste,0,0,1,-3.4902594144348122,0.45551713047254194
2500908,PB,Nordeste,0,0,1,-2.065273163226322,-1.144361916970402
2501005,PB,Nordeste,0,0,1,-2.4941224029147637,-0.737667898309536
2501104,PB,Nordeste,0,0,1,-1.5287332970572427,-0.086246959837601
2501153,PB,Nordeste,0,0,1,-2.410460610680585,-2.2158256339324485
2501203,PB,Nordeste,0,0,1,-1.9352932787978419,-0.9213801162572052
2501302,PB,Nordeste,0,0,1,-2.947885597655231,-1.2557766552529865
2501351,PB,Nordeste,0,0,1,-1.3928278164717072,-0.29102505585654226
2501401,PB,Nordeste,0,0,1,-1.8662830110548012,-1.528312268924828
2501500,PB,Nordeste,0,0,1,-3.5669580048264433,0.7564357457418854
2501534,PB,Nordeste,0,0,1,-2.04544920046486,-1.1904251407400082
2501575,PB,Nordeste,0,0,1,-1.871759935611644,-2.089934212565116
2501609,PB,Nordeste,0,0,1,-3.0723450079620855,-0.4570865306398265
2501708,PB,Nordeste,0,0,1,-0.33335515092658047,-2.460618735907441
2501807,PB,Nordeste,0,0,2,-0.8078608804545164,0.9632343726553454
2501906,PB,Nordeste,0,0,1,-2.2980160854176344,-0.09917286182628528
2502003,PB,Nordeste,0,0,1,-2.6539469883085625,-1.448856709553774
2502052,PB,Nordeste,0,0,1,-1.6407133894779482,-1.7372063033757024
2502102,PB,Nordeste,0,0,1,-2.896543595631316,-1.326280824595834
2502151,PB,Nordeste,0,0,1,-0.6243120991517052,1.4297762046846807
2502201,PB,Nordeste,0,0,1,-0.8002946435903433,-1.8296659612945636
2502300,PB,Nordeste,0,0,1,0.8200348395922705,-2.3700136358076547
2502409,PB,Nordeste,0,0,1,-3.1410062980054536,-1.1535722847409484
2502508,PB,Nordeste,0,0,1,-2.2282454844560657,1.0269317633159067
2502607,PB,Nordeste,0,0,1,-1.648454510855257,-0.9568931451717566
2502706,PB,Nordeste,0,0,1,-1.625368959416136,-1.8660222730416103
2502805,PB,Nordeste,0,0,1,-2.114905209317653,-0.3213092063372092
2502904,PB,Nordeste,0,0,1,-2.510760136758495,-1.3513775608720544
2503001,PB,Nordeste,0,0,1,-0.35921466003498315,2.143797570620396
2503100,PB,Nordeste,0,0,1,-0.17882396290534627,-1.8324819571835411
2503209,PB,Nordeste,0,0,2,0.35319651412934927,1.5853037103108363
2503308,PB,Nordeste,0,0,1,-1.6611865079706467,-0.3663786331704211
2503407,PB,Nordeste,0,0,1,-2.919883448406906,-1.1164125276774455
2503506,PB,Nordeste,0,0,1,-3.1606463655848005,-0.5870770573327
2503555,PB,Nordeste,0,0,1,-3.3540003732420858,-1.1166850108558317
2503605,PB,Nordeste,0,0,1,-2.3527285128552924,-0.38487213615012894
2503704,PB,Nordeste,0,0,2,-0.0890295896594641,1.7990188079412366
2503803,PB,Nordeste,0,0,1,-1.1593500369097114,-1.0632148313810204
2503902,PB,Nordeste,0,0,1,-1.949271244274328,0.10304698472436087
2504009,PB,Nordeste,0,0,2,-0.793924054343599,3.5132799575717786
2504033,PB,Nordeste,0,0,1,-1.0509466058389758,-0.8433335242292315
2504074,PB,Nordeste,0,0,1,-1.5423676941624382,-2.377693732147244
2504108,PB,Nordeste,0,0,1,-1.163860541230771,-2.5419794019368798
2504157,PB,Nordeste,0,0,1,-1.6925885686715776,-1.3705433677133605
2504207,PB,Nordeste,0,0,1,0.16599372894910425,-1.0010579625053249
2504306,PB,Nordeste,0,0,1,-1.749953398403387,1.4285710052379137
2504355,PB,Nordeste,0,0,1,-1.6821536487966955,-1.5338913385955306
2504405,PB,Nordeste,0,0,2,-2.202575748391432,-0.49754193206678254
2504504,PB,Nordeste,0,0,1,-1.807054431136971,-0.6318615337259598
2504603,PB,Nordeste,0,0,1,-0.7535262713811605,2.042552178293866
2504702,PB,Nordeste,0,0,1,-2.3900855573816604,-1.6764457630057275
2504801,PB,Nordeste,0,0,1,-1.913570038160714,0.3094473361482473
2504850,PB,Nordeste,0,0,1,-1.0768714467274603,-4.134143174592724
2504900,PB,Nordeste,0,0,1,-2.673755217314858,-0.36826160943357455
2505006,PB,Nordeste,0,0,1,-2.833245682988702,-0.5076769043510281
2505105,PB,Nordeste,0,0,1,-2.679518630420379,-0.25242894521437653
2505204,PB,Nordeste,0,0,1,-2.4366345653539327,-1.0095215371596973
2505238,PB,Nordeste,0,0,1,-2.9487969714881337,-0.5622113262304617
2505279,PB,Nordeste,0,0,1,-4.081349149693345,0.10428207259513368
2505303,PB,Nordeste,0,0,1,-0.911090066450894,-2.6893683446420926
2505352,PB,Nordeste,0,0,1,-2.707009209913609,-0.9319966431369874
2505402,PB,Nordeste,0,0,1,-2.205783745885606,-0.7284990529682774
2505501,PB,Nordeste,0,0,1,-2.498309660902252,-1.4349715011433783
2505600,PB,Nordeste,0,0,1,-2.310922991499025,-2.106267484696211
2505709,PB,Nordeste,0,0,1,-3.1505792162560913,-0.42936226855775594
2505808,PB,Nordeste,0,0,1,-1.9958069857197092,-1.428288087018215
2505907,PB,Nordeste,0,0,1,-1.3066093635509648,-2.551230621497117
2506004,PB,Nordeste,0,0,1,-3.459567446317884,1.1587561515019678
2506103,PB,Nordeste,0,0,1,-3.164596958740849,-0.39912868445511107
2506202,PB,Nordeste,0,0,1,-0.3122517237212943,-2.0544153967725634
2506251,PB,Nordeste,0,0,1,-3.768922366153251,-2.1717929320028446
2506301,PB,Nordeste,0,0,1,-1.6364925158315728,2.050441774994539
2506400,PB,Nordeste,0,0,1,-3.4260148770691066,-1.0362285527403132
2506509,PB,Nordeste,0,0,1,-0.7998488243964514,-2.007909448692341
2506608,PB,Nordeste,0,0,1,-1.4299945566724561,-1.7328853973186527
2506707,PB,Nordeste,0,0,2,-2.0640776511016,-0.7090206125680882
2506806,PB,Nordeste,0,0,1,-2.509739362515588,-1.036578667874496
2506905,PB,Nordeste,0,0,2,-0.9104632042492619,-0.24480811457527477
2507002,PB,Nordeste,0,0,1,-1.9268023838849515,0.4047538587915976
2507101,PB,Nordeste,0,0,1,-2.032868128889955,0.14529608346307282
2507200,PB,Nordeste,0,0,1,-1.8220235767275168,0.2956358347214693
2507309,PB,Nordeste,0,0,1,-3.6376680928140335,0.46587707420358815
2507408,PB,Nordeste,0,0,1,-2.6567279183741017,-1.0680141042665114
2507507,PB,Nordeste,1,0,2,-0.37541919952282793,3.6978802462964313
2507606,PB,Nordeste,0,0,1,-1.52896935559793,-1.2676525452385672
2507705,PB,Nordeste,0,0,1,-2.319282205177074,-0.13416545097187327
2507804,PB,Nordeste,0,0,1,-0.4511153440203796,-0.7013851239959904
2507903,PB,Nordeste,0,0,2,-1.5961265925678154,-0.7796706649629795
2508000,PB,Nordeste,0,0,1,-2.478581611732946,-0.20948756910247393
2508109,PB,Nordeste,0,0,1,-2.810070084349182,-1.1598662178378725
2508208,PB,Nordeste,0,0,1,-3.030946488606312,-0.14937069665815175
2508307,PB,Nordeste,0,0,1,-3.186181117302418,1.268678437207225
2508406,PB,Nordeste,0,0,1,-2.6098649990266822,-1.1603566947500115
2508505,PB,Nordeste,0,0,1,-2.637480798273004,-1.3487584485717454
2508554,PB,Nordeste,0,0,1,-1.0044500550186857,-2.0122538860569312
2508604,PB,Nordeste,0,0,1,-1.0277880596777946,-0.07380447207636477
2508703,PB,Nordeste,0,0,1,-2.038873583141085,-1.3946279819358016
2508802,PB,Nordeste,0,0,1,-0.5190513102997568,0.2027748852355205
2508901,PB,Nordeste,0,0,1,-2.1526816173352863,1.5784444875815522
2509008,PB,Nordeste,0,0,2,-2.366891633039941,-0.4059203956611137
2509057,PB,Nordeste,0,0,2,-2.0398809067406436,-2.115245426201555
2509107,PB,Nordeste,0,0,1,-2.5421807640812335,-0.005887971100047653
2509156,PB,Nordeste,0,0,1,0.17956525975641227,-1.0219582932275417
2509206,PB,Nordeste,0,0,1,-1.6123859320392144,-0.5292555272186612
2509305,PB,Nordeste,0,0,1,0.4171197700750697,1.5508877985395955
2509339,PB,Nordeste,0,0,1,-2.9025475424121243,-0.8064360945006044
2509370,PB,Nordeste,0,0,1,-2.1672647109811685,-1.841251702442458
2509396,PB,Nordeste,0,0,1,-3.263994170735735,-0.5645552306888676
2509404,PB,Nordeste,0,0,1,-2.4332784685341617,0.919787901457409
2509503,PB,Nordeste,0,0,1,-2.1417391961110996,-0.7789112119867974
2509602,PB,Nordeste,0,0,1,-2.103532515083641,-0.7986169322948002
2509701,PB,Nordeste,0,0,1,-1.6502553236170643,1.4103473229209975
2509800,PB,Nordeste,0,0,2,-1.0230050768659598,-2.0121628032429184
2509909,PB,Nordeste,0,0,1,-2.6599993444173524,-0.2850354224272363
2510006,PB,Nordeste,0,0,1,-3.5517524531021087,-0.2427908123729871
2510105,PB,Nordeste,0,0,1,-1.8390132521001976,-0.6282369679972241
2510204,PB,Nordeste,0,0,1,-1.851054518482242,-1.4958682865518627
2510303,PB,Nordeste,0,0,1,-0.04120086573972801,-1.1338500737966533
2510402,PB,Nordeste,0,0,2,-1.529493299596634,-1.7176351313625557
2510501,PB,Nordeste,0,0,1,1.1151013717505622,-1.7310051039002088
2510600,PB,Nordeste,0,0,1,-0.1415259872454705,-2.0299849053251506
2510709,PB,Nordeste,0,0,1,-1.0037335476444427,-2.560793265739485
2510808,PB,Nordeste,0,0,1,-1.2251291534504238,2.2925360983678584
2510907,PB,Nordeste,0,0,1,-2.7394268884574027,-0.31263817175461917
2511004,PB,Nordeste,0,0,1,-1.4504579987245454,-1.6820757219886187
2511103,PB,Nordeste,0,0,1,-1.8055217269467296,-1.4327451603540344
2511202,PB,Nordeste,0,0,1,-1.9244140328972696,1.614257794190118
2511301,PB,Nordeste,0,0,1,-1.3286116092028886,-1.4681104482082956
2511400,PB,Nordeste,0,0,1,-1.073753499816967,-0.31448658642632416
2511509,PB,Nordeste,0,0,1,-2.949294023895914,-0.1523966813151016
2511608,PB,Nordeste,0,0,1,-2.173092272709713,-0.30627531985296685
2511707,PB,Nordeste,0,0,1,-2.8168328314529893,-0.10514063411839208
2511806,PB,Nordeste,0,0,1,-2.265946762693034,-0.18525429778008265
2511905,PB,Nordeste,0,0,1,-0.9807242757508732,1.0561721826998671
2512002,PB,Nordeste,0,0,1,-1.3271977710749023,-0.19707583340319224
2512036,PB,Nordeste,0,0,1,-1.036354574490225,-1.481663849116507
2512077,PB,Nordeste,0,0,1,-1.642230991423767,-2.457729011715912
2512101,PB,Nordeste,0,0,1,-2.2030615800465436,0.9067081543278726
2512200,PB,Nordeste,0,0,1,0.2884252415119574,-1.531742410010901
2512309,PB,Nordeste,0,0,2,-1.8790858444440177,0.12263907883690772
2512408,PB,Nordeste,0,0,1,-2.5960961978102484,0.2525376489157093
2512507,PB,Nordeste,0,0,1,-1.4574003020994346,0.796994895289306
2512606,PB,Nordeste,0,0,1,-1.0062853043990148,-1.1128586752821743
2512705,PB,Nordeste,0,0,1,-2.8991346829457902,-0.939483606922144
2512721,PB,Nordeste,0,0,1,-3.85525585618026,0.2101883822157077
2512747,PB,Nordeste,0,0,1,-2.8854803357747945,-1.2192397495096436
2512754,PB,Nordeste,0,0,1,-1.807235114742102,-1.5577770561625288
2512762,PB,Nordeste,0,0,1,-1.6145634687749684,-0.663582416137476
2512788,PB,Nordeste,0,0,1,-2.0175351271543396,-1.5480264693212733
2512804,PB,Nordeste,0,0,1,-3.1308455937239406,-1.3500374854814774
2512903,PB,Nordeste,0,0,2,-1.744535124858122,0.31693204469805697
2513000,PB,Nordeste,0,0,1,-3.0172607271489977,-2.610090088040193
2513109,PB,Nordeste,0,0,1,-2.4270930232936774,0.7975173153579559
2513158,PB,Nordeste,0,0,1,-4.183683054020199,0.5219000364868197
2513208,PB,Nordeste,0,0,1,-1.6058053553476865,-1.262950694232063
2513307,PB,Nordeste,0,0,1,-1.0161126214142266,-1.3150931964705646
2513356,PB,Nordeste,0,0,1,-2.5228217151353887,-2.757626981723381
2513406,PB,Nordeste,0,0,1,0.43180472345147763,1.2379655021158749
2513505,PB,Nordeste,0,0,1,-2.2229516932845828,-1.9369976990133384
2513604,PB,Nordeste,0,0,1,-2.5219263499350375,-1.614706504047633
2513653,PB,Nordeste,0,0,1,-2.2717439272011495,-2.0046437107080664
2513703,PB,Nordeste,0,0,2,-1.496878185139178,2.9204257222517653
2513802,PB,Nordeste,0,0,1,-2.464849968259066,-1.8691294270438756
2513851,PB,Nordeste,0,0,1,-0.38465301407069163,-2.165560558170138
2513901,PB,Nordeste,0,0,1,-1.9051936155037184,1.4963465047599147
2513927,PB,Nordeste,0,0,1,-1.05098318896571,-0.4037001429838824
2513943,PB,Nordeste,0,0,1,1.1084142376332782,-1.646684707912626
2513968,PB,Nordeste,0,0,1,-2.5579181296641,-1.3435798267268018
2513984,PB,Nordeste,0,0,1,-0.9983502491880307,-1.4675109650967844
2514008,PB,Nordeste,0,0,1,-2.1649339987530043,-2.2927138072011535
2514107,PB,Nordeste,0,0,1,-2.238482863492348,-0.9249205274762473
2514206,PB,Nordeste,0,0,1,-3.1632356275559292,-0.4204386559093066
2514305,PB,Nordeste,0,0,1,-3.5055908778114135,-1.5590819554686206
2514404,PB,Nordeste,0,0,1,-1.2710987872454207,-2.2950507825032784
2514453,PB,Nordeste,0,0,1,-3.046562559601587,-1.6312917652916665
2514503,PB,Nordeste,0,0,1,-2.0551732855355507,1.1291527547567732
2514552,PB,Nordeste,0,0,1,-2.4787159648784147,-1.6730231717389248
2514602,PB,Nordeste,0,0,1,-2.6226730037836825,-1.958833394188938
2514651,PB,Nordeste,0,0,1,-0.7639772916739637,-2.590287669264724
2514701,PB,Nordeste,0,0,1,0.7858182083849365,1.0199912031514389
2514800,PB,Nordeste,0,0,1,-1.8457940982902727,-1.7019235848249012
2514909,PB,Nordeste,0,0,1,-1.8850762392293394,-1.0868466613341652
2515005,PB,Nordeste,0,0,1,-2.892300584048775,-0.32575547126979704
2515104,PB,Nordeste,0,0,1,-4.411448085166841,0.3726078002017568
2515203,PB,Nordeste,0,0,1,0.22289334872299277,-1.664305753518528
2515302,PB,Nordeste,0,0,1,-3.2691890089082243,1.259693274433758
2515401,PB,Nordeste,0,0,1,-2.7282118790291534,-0.859172214791372
2515500,PB,Nordeste,0,0,1,-1.1890228475781477,-1.0779961329318093
2515609,PB,Nordeste,0,0,1,-3.1112310504523344,-2.3127950651912275
2515708,PB,Nordeste,0,0,1,-1.7157363085809418,-1.9307269739020962
2515807,PB,Nordeste,0,0,1,-1.8269658950116763,-0.708611505491072
2515906,PB,Nordeste,0,0,1,-2.1148110456293594,-1.2488090691430944
2515930,PB,Nordeste,0,0,1,-2.4729876834537636,-0.9875664310293616
2515971,PB,Nordeste,0,0,1,-1.8750859084717428,0.5543322216414316
2516003,PB,Nordeste,0,0,1,-1.9454234079643917,-0.29424514459785533
2516102,PB,Nordeste,0,0,1,-1.8933785533173326,-0.13680426186377892
2516151,PB,Nordeste,0,0,1,-0.87388559254242,-1.9508922946038902
2516201,PB,Nordeste,0,0,2,-0.7766432382076545,1.43676029018904
2516300,PB,Nordeste,0,0,1,-1.6689798281405084,-0.3911731268329639
2516409,PB,Nordeste,0,0,1,-2.5047744854165797,-1.4685552884919404
2516508,PB,Nordeste,0,0,1,-2.232535101153928,-0.9676650551914723
2516607,PB,Nordeste,0,0,1,-2.39284662578836,-0.2697577410601597
2516706,PB,Nordeste,0,0,1,-3.042551244715578,-0.6252666929791467
2516755,PB,Nordeste,0,0,1,1.3572224254657197,-1.9962503556682025
2516805,PB,Nordeste,0,0,1,-2.3174624256005636,-2.014896129544245
2516904,PB,Nordeste,0,0,2,-0.8266091268969977,-1.0643738088874826
2517001,PB,Nordeste,0,0,1,-2.767528121849735,-1.6803911234770883
2517100,PB,Nordeste,0,0,1,-1.2820268012545681,-2.0384259936401907
2517209,PB,Nordeste,0,0,1,-1.3146508558379313,-2.502284007864607
2517407,PB,Nordeste,0,0,1,1.2281134060132621,-1.7772969156343363
2600054,PE,Nordeste,0,0,1,-2.1932191438214663,2.9912546553949464
2600104,PE,Nordeste,0,0,1,-1.8499218376321935,1.9842883585040558
2600203,PE,Nordeste,0,0,1,-1.7655617001543844,0.9870794216223953
2600302,PE,Nordeste,0,0,1,-1.9389405083013715,0.9615255534910431
2600401,PE,Nordeste,0,0,1,-4.024116042779401,0.006072543606842073
2600500,PE,Nordeste,0,0,1,-3.997270765443481,1.6484382844802863
2600609,PE,Nordeste,0,0,1,-2.0328165500213546,-0.47409340110993137
2600708,PE,Nordeste,0,0,1,-1.9691934991396285,1.3578670279674712
2600807,PE,Nordeste,0,0,1,-2.2842718126141968,0.3228885633638579
2600906,PE,Nordeste,0,0,1,-2.319645938694009,-0.6324963795786573
2601003,PE,Nordeste,0,0,1,-2.6274394068464333,-0.6611484176907436
2601052,PE,Nordeste,0,0,1,-1.7376763533550732,0.18676668500922755
2601102,PE,Nordeste,0,0,1,-2.182000000134759,2.092867971729508
2601201,PE,Nordeste,0,0,1,-1.375558825680785,2.4077028495705566
2601300,PE,Nordeste,0,0,1,-1.8844300965254095,-0.07631831466246629
2601409,PE,Nordeste,0,0,1,-3.3751939567230993,1.4413725438651748
2601508,PE,Nordeste,0,0,1,-2.87455771712039,-0.5469121260562999
2601607,PE,Nordeste,0,0,1,-1.4137233034811014,0.387037733036244
2601706,PE,Nordeste,0,0,1,-2.1111575040070782,3.416891287565531
2601805,PE,Nordeste,0,0,1,-3.4577660276107136,-0.358812839832425
2601904,PE,Nordeste,0,0,1,-1.6951322414585002,2.328743437032544
2602001,PE,Nordeste,0,0,1,-3.15347454205726,0.36175511711692687
2602100,PE,Nordeste,0,0,1,-2.5282546819933702,1.411952869376165
2602209,PE,Nordeste,0,0,1,-2.136572365213232,0.3428836595924446
2602308,PE,Nordeste,0,0,1,-1.7543594520837997,1.7623754701956786
2602407,PE,Nordeste,0,0,1,-1.3910159559862645,0.05083702090523814
2602506,PE,Nordeste,0,0,1,-1.4145393748701054,-0.19841024573286287
2602605,PE,Nordeste,0,0,1,-3.6873122318353926,1.4448369342363385
2602704,PE,Nordeste,0,0,1,-3.5717138591433812,-0.3575505650239408
2602803,PE,Nordeste,0,0,1,-3.577947529381277,1.5043197861619146
2602902,PE,Nordeste,0,0,1,-1.1848218835454962,3.9258222879195688
2603009,PE,Nordeste,0,0,1,-2.6699671692576494,0.9683938689091023
2603108,PE,Nordeste,0,0,1,-0.998805769653023,0.493756473438623
2603207,PE,Nordeste,0,0,1,-1.219696817871577,1.2049238151121417
2603306,PE,Nordeste,0,0,1,-2.554924614505776,0.2521685872707855
2603405,PE,Nordeste,0,0,1,-3.184981156529177,-1.30610999955115
2603454,PE,Nordeste,0,0,1,-1.4302018437009314,2.410075473423757
2603504,PE,Nordeste,0,0,1,-2.0253231061625336,-0.2769463979047878
2603603,PE,Nordeste,0,0,1,-0.30396655364014735,1.3310211615486789
2603702,PE,Nordeste,0,0,1,-3.582416401134617,0.495571556338313
2603801,PE,Nordeste,0,0,1,-2.326705833748088,0.11315457953080342
2603900,PE,Nordeste,0,0,1,-1.6846568650260165,0.29126060887354194
2603926,PE,Nordeste,0,0,1,-3.2158562566523314,-1.4640773692381768
2604007,PE,Nordeste,0,0,1,-0.31410564333611674,2.2842209658068997
2604106,PE,Nordeste,0,0,1,-2.5234138659280623,4.064094145784362
2604155,PE,Nordeste,0,0,1,-3.510182404196084,-0.3823306405007538
2604205,PE,Nordeste,0,0,1,-3.197977147729758,0.25889827006550914
2604304,PE,Nordeste,0,0,1,-2.3635690344509688,0.1787337340667838
2604403,PE,Nordeste,0,0,1,-1.1777064837364009,-0.6011969085926497
2604502,PE,Nordeste,0,0,1,-1.847907893653339,0.22240944896394502
2604601,PE,Nordeste,0,0,1,-2.1793235085200267,0.9726900813318986
2604700,PE,Nordeste,0,0,1,-2.76763565462348,-0.5069930937553319
2604809,PE,Nordeste,0,0,1,-2.6771072294121274,-0.4774516169925128
2604908,PE,Nordeste,0,0,1,-2.4290772311225766,-0.3491293743470615
2605004,PE,Nordeste,0,0,1,-2.033213918389184,1.5828418190198306
2605103,PE,Nordeste,0,0,1,-1.2817154502498957,0.30870203639787197
2605152,PE,Nordeste,0,0,1,-1.8736329389530093,0.45357038988522697
2605202,PE,Nordeste,0,0,1,-1.5794409292779068,2.0230206756536675
2605301,PE,Nordeste,0,0,1,-1.4763114114272393,0.4131534652175914
2605400,PE,Nordeste,0,0,1,-1.251295328668668,0.7255942354380359
2605459,PE,Nordeste,0,0,1,1.7684269778653894,1.7020013354724306
2605509,PE,Nordeste,0,0,1,-2.1500874205755087,0.02737241933628648
2605608,PE,Nordeste,0,0,1,-3.4969018684010282,0.98050221825399
2605707,PE,Nordeste,0,0,1,-3.1296085105580778,0.8053653662134121
2605806,PE,Nordeste,0,0,1,-2.5748505895962515,-0.1303635356413676
2605905,PE,Nordeste,0,0,1,-3.585509893577873,0.01322475553726643
2606002,PE,Nordeste,0,0,1,-1.3012708485177749,2.7043117795604776
2606101,PE,Nordeste,0,0,1,-2.003933493428469,1.78279001434104
2606200,PE,Nordeste,0,0,1,0.08318895754781609,4.305151033440679
2606309,PE,Nordeste,0,0,1,-0.926564530769419,-1.0405469125676419
2606408,PE,Nordeste,0,0,1,-3.0985789055043083,2.4509875148969855
2606507,PE,Nordeste,0,0,1,-2.6254216443520972,-0.9531705528102294
2606606,PE,Nordeste,0,0,2,-1.8752490778059427,-0.230756301092461
2606705,PE,Nordeste,0,0,1,-2.5806802112070484,-1.6686417801482138
2606804,PE,Nordeste,0,0,1,-1.44532544981792,3.594852120915247
2606903,PE,Nordeste,0,0,1,-2.115976759104514,-0.5731632793528297
2607000,PE,Nordeste,0,0,1,-2.2550382445805797,-0.10556008103645147
2607109,PE,Nordeste,0,0,1,0.13084677912390863,-2.6954346776087714
2607208,PE,Nordeste,0,0,1,0.27810899946151846,4.496132406863416
2607307,PE,Nordeste,0,0,1,-2.6587243999974204,1.542604898380765
2607406,PE,Nordeste,0,0,1,-1.2734314068121781,-0.7674413823917466
2607505,PE,Nordeste,0,0,1,-4.465494972501807,1.4926716366242576
2607604,PE,Nordeste,0,0,1,-2.503498306479678,1.3295139632421533
2607653,PE,Nordeste,0,0,1,-1.9832332063383555,0.6941782695312837
2607703,PE,Nordeste,0,0,1,-2.5036668281361187,0.10111622793409678
2607752,PE,Nordeste,0,0,1,0.7694248766528561,3.2329942209812605
2607802,PE,Nordeste,0,0,1,-2.565746259661277,0.33384979053730124
2607901,PE,Nordeste,0,0,1,-1.6085104525241005,3.8745891888140043
2607950,PE,Nordeste,0,0,1,-3.3375564183107334,-0.2861773323615022
2608008,PE,Nordeste,0,0,1,-3.6166729646271,-0.18830402993127274
2608057,PE,Nordeste,0,0,1,-2.6903048713431796,-0.3829915995531922
2608107,PE,Nordeste,0,0,1,-2.6441409618922425,0.13245435467514421
2608206,PE,Nordeste,0,0,1,-1.6419836964500356,0.1607005589045669
2608255,PE,Nordeste,0,0,1,-2.0056437034062533,-0.6556236143762569
2608305,PE,Nordeste,0,0,1,-2.0855899796956514,0.1312265100602675
2608404,PE,Nordeste,0,0,1,-2.558121265072006,-0.3763651944920759
2608453,PE,Nordeste,0,0,1,-3.2468784748090087,1.3219700269416794
2608503,PE,Nordeste,0,0,1,-0.32874172647849187,1.4041391385537942
2608602,PE,Nordeste,0,0,1,-2.2709618229821693,-0.20958346599649852
2608701,PE,Nordeste,0,0,1,-2.6773610289299685,-0.578808430308137
2608750,PE,Nordeste,0,0,1,-2.1857144513856133,1.0939958474609022
2608800,PE,Nordeste,0,0,1,-2.9802030853818513,1.0066623665126984
2608909,PE,Nordeste,0,0,1,-1.2931228826227121,1.3170344826257234
2609006,PE,Nordeste,0,0,1,-1.8195067363808775,0.6616288116692127
2609105,PE,Nordeste,0,0,1,-1.734701994990872,0.3990290353337522
2609154,PE,Nordeste,0,0,1,-4.4686955303959826,-0.02293200703276507
2609204,PE,Nordeste,0,0,1,-3.4021398183902316,-1.4201579740660133
2609303,PE,Nordeste,0,0,1,-3.236416829309304,0.1591508524416732
2609402,PE,Nordeste,0,0,1,-1.5303353290814654,1.474484315600496
2609501,PE,Nordeste,0,0,1,-0.94264159581427,2.0258998872362097
2609600,PE,Nordeste,0,0,1,-1.8860567249149494,3.012127944070555
2609709,PE,Nordeste,0,0,1,-0.9959591881292236,-0.37900528329631766
2609808,PE,Nordeste,0,0,1,-3.2615780375683268,0.9101422347444444
2609907,PE,Nordeste,0,0,1,-3.276165910179307,1.400893954425534
2610004,PE,Nordeste,0,0,1,-2.848621197595046,1.6547484570173592
2610103,PE,Nordeste,0,0,1,-1.8689319905387771,-1.2631620521470839
2610202,PE,Nordeste,0,0,1,-3.916352500889919,-0.10707033801179455
2610301,PE,Nordeste,0,0,1,-1.4128748187253317,1.7426195604226138
2610400,PE,Nordeste,0,0,1,-3.1091953306799422,0.3977900739985857
2610509,PE,Nordeste,0,0,1,-3.20527626536297,0.7926288928071251
2610608,PE,Nordeste,0,0,1,-1.3708892337568617,0.5057384408694752
2610707,PE,Nordeste,0,0,2,-1.6316661030689947,3.0619590597915867
2610806,PE,Nordeste,0,0,1,-2.2927053339139825,0.9789057861277797
2610905,PE,Nordeste,0,0,1,-1.7756182183316322,0.8955493830158824
2611002,PE,Nordeste,0,0,1,-0.7864638009573655,3.9413076163990453
2611101,PE,Nordeste,0,0,1,-2.1515109582265626,3.572461075119819
2611200,PE,Nordeste,0,0,1,-2.0881179587938274,-1.0221953532255876
2611309,PE,Nordeste,0,0,1,-2.3018260593186537,1.6174789028783598
2611408,PE,Nordeste,0,0,1,-1.0303268514659214,-0.2712070058860871
2611507,PE,Nordeste,0,0,1,-2.8031758462926044,-0.25256037617335836
2611533,PE,Nordeste,0,0,1,-2.505282620382012,-0.2724323234994661
2611606,PE,Nordeste,1,0,2,-1.4391116019892933,4.948209825522038
2611705,PE,Nordeste,0,0,1,-2.7278153197412864,1.1240507679151677
2611804,PE,Nordeste,0,0,1,-3.1239858539134753,0.4112465727124059
2611903,PE,Nordeste,0,0,1,-2.0146314060809267,1.704081707871536
2612000,PE,Nordeste,0,0,1,-2.3160297779748245,-0.08657564207611436
2612109,PE,Nordeste,0,0,1,-2.6217164319637494,-0.594308974455873
2612208,PE,Nordeste,0,0,1,-1.3022805304795568,1.9969308202076586
2612307,PE,Nordeste,0,0,1,-2.7272573055527953,-0.5705085622992545
2612406,PE,Nordeste,0,0,1,-2.3741651104491157,0.5904563606574665
2612455,PE,Nordeste,0,0,1,-1.5635202139259934,-0.7469305527989792
2612471,PE,Nordeste,0,0,1,-2.0523824580571786,0.161171624108679
2612505,PE,Nordeste,0,0,1,-1.493410817308686,2.911177340736804
2612554,PE,Nordeste,0,0,1,-2.9103130547864553,-0.3200013400351795
2612604,PE,Nordeste,0,0,1,-2.815714883549977,1.243694417828342
2612703,PE,Nordeste,0,0,1,-3.746878647405672,-0.21862927624149664
2612802,PE,Nordeste,0,0,1,-2.107370596164722,-0.37585094240448075
2612901,PE,Nordeste,0,0,1,-3.644084485853106,-0.530411303138082
2613008,PE,Nordeste,0,0,1,-0.5450300576168301,0.6604426841717859
2613107,PE,Nordeste,0,0,1,-2.690045233810534,1.3460267595412498
2613206,PE,Nordeste,0,0,1,-2.576419304855718,0.3072681208571931
2613305,PE,Nordeste,0,0,1,-2.8220404879843266,0.2854843986917324
2613404,PE,Nordeste,0,0,1,-2.3396260395871775,0.5837179024165602
2613503,PE,Nordeste,0,0,1,-2.6503097186071,0.5881795957470317
2613602,PE,Nordeste,0,0,1,-1.4583971290220255,0.6767043839125225
2613701,PE,Nordeste,0,0,1,-2.382767468319695,1.859785228932491
2613800,PE,Nordeste,0,0,1,-0.5435208180051464,0.0969659691390976
2613909,PE,Nordeste,0,0,1,-2.437980430112402,2.474867581057227
2614006,PE,Nordeste,0,0,1,-2.393261620533566,-1.3261963374205161
2614105,PE,Nordeste,0,0,1,-2.082450948103257,1.5841434477370804
2614204,PE,Nordeste,0,0,1,-2.608668975082446,2.001470708303257
2614303,PE,Nordeste,0,0,1,-2.9133121208633868,-0.02811620060441584
2614402,PE,Nordeste,0,0,1,-1.3932697999262862,-1.572102325180909
2614501,PE,Nordeste,0,0,1,-2.145789753031696,1.824487950924358
2614600,PE,Nordeste,0,0,1,-2.153259103220715,0.23838005451188238
2614709,PE,Nordeste,0,0,1,-1.2080752550511988,-0.7028923833597326
2614808,PE,Nordeste,0,0,1,-2.788802252237957,0.18950099161724598
2614857,PE,Nordeste,0,0,1,-2.769445310357715,1.133271579008778
2615003,PE,Nordeste,0,0,1,-2.250262441676143,0.7769417814344065
2615102,PE,Nordeste,0,0,1,-3.462990402216441,-0.9371092826237429
2615201,PE,Nordeste,0,0,1,-2.0282561417824536,-0.26523812249689904
2615300,PE,Nordeste,0,0,1,-1.934498761891314,1.307072093057558
2615409,PE,Nordeste,0,0,1,-1.26131454026049,2.440455743940931
2615508,PE,Nordeste,0,0,1,-2.022046164948078,-0.379825666059061
2615607,PE,Nordeste,0,0,1,-2.142332451933247,1.3691446909691167
2615706,PE,Nordeste,0,0,1,-1.7111774672383189,0.17774651017656193
2615805,PE,Nordeste,0,0,1,-4.215711256442953,0.5668979173286863
2615904,PE,Nordeste,0,0,1,-0.7199498447413777,-0.3591289960311359
2616001,PE,Nordeste,0,0,1,-1.7516498757748402,1.4332917892931132
2616100,PE,Nordeste,0,0,1,-3.737626775916267,1.3324146609021228
2616183,PE,Nordeste,0,0,1,-2.283721725907766,0.0690689574063559
2616209,PE,Nordeste,0,0,1,-1.508581906652687,0.24789033812081968
2616308,PE,Nordeste,0,0,1,-0.022061034383592866,0.5358560463341355
2616407,PE,Nordeste,0,0,1,-0.9646096763111386,3.396020100051677
2616506,PE,Nordeste,0,0,1,-2.6929252977342952,-0.9759007323959237
2700102,AL,Nordeste,0,0,1,-3.5485337995350354,0.3977860305322445
2700201,AL,Nordeste,0,0,1,-1.7103848869574558,-0.33459523475723557
2700300,AL,Nordeste,0,0,1,-1.0921431125065035,3.028328644705816
2700409,AL,Nordeste,0,0,1,-1.4295327241593636,1.5682939092454613
2700508,AL,Nordeste,0,0,1,-2.203905565920829,-0.35460802792401397
2700607,AL,Nordeste,0,0,1,0.42138443066189524,0.08791373511534967
2700706,AL,Nordeste,0,0,1,-1.774785951547847,0.20423112482920955
2700805,AL,Nordeste,0,0,1,-0.21015337551106467,-1.9695243784892074
2700904,AL,Nordeste,0,0,1,-1.3257427752701394,-1.3668384590374516
2701001,AL,Nordeste,0,0,1,0.5247446218634324,0.43173202840709657
2701100,AL,Nordeste,0,0,1,-0.9080899312291545,0.9605271230281239
2701209,AL,Nordeste,0,0,1,-1.1620954363178677,-1.026645653743444
2701308,AL,Nordeste,0,0,1,-3.124129823826283,0.3013147649864891
2701357,AL,Nordeste,0,0,1,-1.1397976996998487,-1.0356608409548225
2701407,AL,Nordeste,0,0,1,-0.9244450608582715,0.853249623127029
2701506,AL,Nordeste,0,0,1,-3.312100600243331,-1.230073122419022
2701605,AL,Nordeste,0,0,1,-3.2113534269056583,-0.44210929422155965
2701704,AL,Nordeste,0,0,1,-1.6913220021105497,-0.4846615404655064
2701803,AL,Nordeste,0,0,1,-2.9282369783952027,-0.10615531767922312
2701902,AL,Nordeste,0,0,1,-0.681575020243425,-0.9710712958675137
2702009,AL,Nordeste,0,0,1,-2.4551211628694083,0.059931679294075814
2702108,AL,Nordeste,0,0,1,-1.7388955369461427,0.8492646777285661
2702207,AL,Nordeste,0,0,1,-0.5434072205452107,-1.2947348322569623
2702306,AL,Nordeste,0,0,1,-0.6041616430091882,1.786628644862969
2702355,AL,Nordeste,0,0,1,-1.6906272178941713,0.6547596521108692
2702405,AL,Nordeste,0,0,1,-2.558729672778365,1.4839529574530852
2702504,AL,Nordeste,0,0,1,-2.945172923223853,-0.6556860245368229
2702553,AL,Nordeste,0,0,1,-2.9215949753702084,-0.3209790643483751
2702603,AL,Nordeste,0,0,1,-1.6293646153417818,-0.7750320674629472
2702702,AL,Nordeste,0,0,1,0.6811577806183206,-1.424995786624931
2702801,AL,Nordeste,0,0,1,-0.08074479707003299,-0.36999207252941796
2702900,AL,Nordeste,0,0,1,-2.600076139125687,0.00952267325643444
2703007,AL,Nordeste,0,0,1,-2.3920979833899723,-0.3532004258356268
2703106,AL,Nordeste,0,0,1,-2.093536271282106,-0.11483089723128018
2703205,AL,Nordeste,0,0,1,-1.687404997932644,0.22603480724597658
2703304,AL,Nordeste,0,0,2,-2.8492044781147396,-0.4754385867408147
2703403,AL,Nordeste,0,0,1,-2.2070936958050615,-2.3150839799071536
2703502,AL,Nordeste,0,0,1,-0.11775964619108542,-1.5714442027404805
2703601,AL,Nordeste,0,0,1,-1.5170185284702504,-0.3270147681598403
2703700,AL,Nordeste,0,0,1,-1.1479128533893772,-2.283520407276309
2703759,AL,Nordeste,0,0,1,-0.4710923298912707,-0.6856227474365472
2703809,AL,Nordeste,0,0,2,-1.538868733604379,-0.6670632664983309
2703908,AL,Nordeste,0,0,1,-2.685370889633916,-1.824991729005715
2704005,AL,Nordeste,0,0,1,-0.17273230320291916,-0.40370575611933884
2704104,AL,Nordeste,0,0,1,-3.366501958280034,0.6872698984201705
2704203,AL,Nordeste,0,0,1,-1.475105230741685,-0.03784185163542651
2704302,AL,Nordeste,1,0,2,-0.8194333164479117,3.7815012858739503
2704401,AL,Nordeste,0,0,1,-2.0579100986937964,-1.5610062448274509
2704500,AL,Nordeste,0,0,1,-2.0799771241775424,0.33109218111276084
2704609,AL,Nordeste,0,0,1,-2.2710829271545956,-1.1631361775109774
2704708,AL,Nordeste,0,0,1,0.11856973872751862,3.7547781217648897
2704807,AL,Nordeste,0,0,1,-2.2287631491992745,-0.27337265582549997
2704906,AL,Nordeste,0,0,1,-0.5526870915121488,-1.2941682644545929
2705002,AL,Nordeste,0,0,1,-2.1682871247535322,0.32447970802498016
2705101,AL,Nordeste,0,0,1,-1.4754631228713755,0.8941051395456989
2705200,AL,Nordeste,0,0,1,-1.477654421322275,-0.09427002261088609
2705309,AL,Nordeste,0,0,1,-1.0165626511022556,-2.1667832305678782
2705408,AL,Nordeste,0,0,1,-2.310962591985432,-1.424798315829944
2705507,AL,Nordeste,0,0,1,-1.7610745071723555,0.7293656048002197
2705606,AL,Nordeste,0,0,1,-1.8321871326768262,0.02807520968014406
2705705,AL,Nordeste,0,0,1,-1.3378506934090537,0.636738497361261
2705804,AL,Nordeste,0,0,1,-1.8857168524077996,-1.0864314122823604
2705903,AL,Nordeste,0,0,1,-3.124952399030679,-1.3874309796806117
2706000,AL,Nordeste,0,0,1,-2.405226682983781,-1.0439782119413223
2706109,AL,Nordeste,0,0,1,-2.9172578921953014,-0.002012541585200854
2706208,AL,Nordeste,0,0,1,-2.6804646407353467,-0.9972445913863646
2706307,AL,Nordeste,0,0,2,-1.1350734887708775,0.4198321830443277
2706406,AL,Nordeste,0,0,1,-2.4589104668246073,-0.5288423763713356
2706422,AL,Nordeste,0,0,2,-1.6657716854613704,-0.3726198321342402
2706448,AL,Nordeste,0,0,1,-0.5570558107146147,1.1479444424837772
2706505,AL,Nordeste,0,0,1,-1.5044915597918254,-0.47121448759370416
2706604,AL,Nordeste,0,0,1,-2.107871054934881,-0.6424673093963675
2706703,AL,Nordeste,0,0,2,-1.2358491104880065,0.946401778903988
2706802,AL,Nordeste,0,0,1,-0.5779436042216615,-0.4394161648645355
2706901,AL,Nordeste,0,0,1,-1.3058151404159049,1.3951368425453796
2707008,AL,Nordeste,0,0,1,-0.13811982498254316,-1.9833567838362995
2707107,AL,Nordeste,0,0,1,-2.0815211765551127,0.42965221716490654
2707206,AL,Nordeste,0,0,1,-2.5463056838257474,-1.0159050138701802
2707305,AL,Nordeste,0,0,1,-1.797854348895154,0.43053831796619685
2707404,AL,Nordeste,0,0,1,-0.9801615332107528,-0.9237944871178044
2707503,AL,Nordeste,0,0,2,-2.3967280869158274,-0.4784336148319129
2707602,AL,Nordeste,0,0,1,-1.2486060408094732,-0.6792319085855892
2707701,AL,Nordeste,0,0,1,-1.0239404332490756,2.2691788316084804
2707800,AL,Nordeste,0,0,1,0.8176954395000946,-0.3246271201870534
2707909,AL,Nordeste,0,0,1,0.26208207627665026,0.8948260372111313
2708006,AL,Nordeste,0,0,1,-2.1949600093677546,0.6259353739194262
2708105,AL,Nordeste,0,0,1,0.44720813897969003,-0.5192339609044719
2708204,AL,Nordeste,0,0,1,-1.35938039405507,-0.9498905631577803
2708303,AL,Nordeste,0,0,1,-1.7019494351691913,1.7981700092148434
2708402,AL,Nordeste,0,0,1,-2.5977837997699242,-0.16741389795072856
2708501,AL,Nordeste,0,0,1,-1.7491938685938206,1.3766837759728079
2708600,AL,Nordeste,0,0,1,-0.4892065487756244,1.8989025367851047
2708709,AL,Nordeste,0,0,1,-0.26693615953982064,-0.8709354846175579
2708808,AL,Nordeste,0,0,1,-1.643961888064408,0.6153466625549162
2708907,AL,Nordeste,0,0,1,-0.6695797748916025,0.8198718545856545
2708956,AL,Nordeste,0,0,1,-3.041153215929854,-1.108011678574621
2709004,AL,Nordeste,0,0,1,-0.8493644626700785,-1.7305332843613694
2709103,AL,Nordeste,0,0,1,-1.4307958892746455,-0.15115988483943293
2709152,AL,Nordeste,0,0,1,-0.9388662308451561,0.057433392371896784
2709202,AL,Nordeste,0,0,1,-3.5236678349638964,-0.3163631402984417
2709301,AL,Nordeste,0,0,1,-1.4466744828818852,1.4468218000793587
2709400,AL,Nordeste,0,0,1,-1.483053132688391,0.7480377868902961
2800100,SE,Nordeste,0,0,1,-1.0977173241880047,-1.8930788806950798
2800209,SE,Nordeste,0,0,1,-2.772105527139572,-0.22875173289109466
2800308,SE,Nordeste,1,0,2,-0.103582967790916,3.4307138142732265
2800407,SE,Nordeste,0,0,1,-2.5809262527320667,-0.7142337943201701
2800506,SE,Nordeste,0,0,1,-2.822948984203877,0.6408917470536928
2800605,SE,Nordeste,0,0,2,0.9280462719175956,2.2316318047022525
2800670,SE,Nordeste,0,0,2,-2.1290771858016573,0.17131294906712002
2800704,SE,Nordeste,0,0,1,-2.855897942839598,-2.304852709326398
2801009,SE,Nordeste,0,0,2,-0.49231693096388474,-0.09038992465909512
2801108,SE,Nordeste,0,0,1,-2.2667062614736038,-0.675678560598279
2801207,SE,Nordeste,0,0,1,0.3760604309107939,4.258485734733356
2801306,SE,Nordeste,0,0,1,-3.2773827811901652,-0.20068722037168601
2801405,SE,Nordeste,0,0,1,-1.765017819562763,-0.030132381307445118
2801504,SE,Nordeste,0,0,1,-0.07114267807092024,0.772399367814995
2801603,SE,Nordeste,0,0,1,-1.2713022880882943,-1.832982731016232
2801702,SE,Nordeste,0,0,1,-2.1099079845777817,-0.3432159568856752
2801900,SE,Nordeste,0,0,1,-0.25247596836518876,-2.2171691997903453
2802007,SE,Nordeste,0,0,1,-0.20375850169908905,0.494601822363749
2802106,SE,Nordeste,0,0,2,-0.1190974144370879,2.769616612291702
2802205,SE,Nordeste,0,0,1,-0.8012546777502685,-0.9430401828936086
2802304,SE,Nordeste,0,0,1,-1.1342293116418332,0.29360845786803086
2802403,SE,Nordeste,0,0,1,-2.3508195883549163,-1.4637559936732492
2802502,SE,Nordeste,0,0,1,-1.4399303235360286,-1.685026272600074
2802601,SE,Nordeste,0,0,1,-1.0814832634918394,-0.94247353410444
2802700,SE,Nordeste,0,0,1,-2.911525537655849,-1.3503750718472731
2802809,SE,Nordeste,0,0,1,-2.5479471247442715,-0.2568735233228501
2802908,SE,Nordeste,0,0,2,-1.2345131545273267,1.8731362814622594
2803005,SE,Nordeste,0,0,1,-2.218557471557417,0.5588320123086542
2803104,SE,Nordeste,0,0,1,-1.2056493102319132,-2.9443824404714913
2803203,SE,Nordeste,0,0,1,-2.0950503308884576,1.8259918890074027
2803302,SE,Nordeste,0,0,1,-1.9409916716982853,0.5565587819282498
2803401,SE,Nordeste,0,0,1,-1.7228283718203725,-0.2581006315825642
2803500,SE,Nordeste,0,0,2,-1.5288867107560218,2.074622374296684
2803609,SE,Nordeste,0,0,1,-1.7449453011058313,1.2283939133572177
2803708,SE,Nordeste,0,0,1,-2.037950337295464,-0.9043398231471227
2803807,SE,Nordeste,0,0,1,-2.180311831568277,-0.7262953709897488
2803906,SE,Nordeste,0,0,1,-1.1182951388602305,-0.27425513126249473
2804003,SE,Nordeste,0,0,1,-0.1508959298174048,0.7799400940777922
2804102,SE,Nordeste,0,0,1,-1.0107114976825884,-1.28134144395837
2804201,SE,Nordeste,0,0,1,-3.402570007785648,-0.27087072356126773
2804300,SE,Nordeste,0,0,1,-3.152010602285957,-0.16383479316700786
2804409,SE,Nordeste,0,0,2,-0.6372050405563047,-0.2447456554568971
2804458,SE,Nordeste,0,0,1,-2.1019575983513246,-0.8465821645593454
2804508,SE,Nordeste,0,0,2,-0.7886416724882035,1.107210759879833
2804607,SE,Nordeste,0,0,2,-0.7856238901351777,0.42367949941874844
2804706,SE,Nordeste,0,0,1,-2.621660193841711,-1.5606742573418317
2804805,SE,Nordeste,0,0,2,-1.1588090574238334,2.7854427996118347
2804904,SE,Nordeste,0,0,1,-3.549525721924269,0.6736669014435143
2805000,SE,Nordeste,0,0,1,-2.15874323111154,-2.4941884822802782
2805109,SE,Nordeste,0,0,1,-1.2005740479506477,-1.86350046809653
2805208,SE,Nordeste,0,0,1,-0.6922372860425774,-1.8324240222055845
2805307,SE,Nordeste,0,0,1,-1.9789415085415283,-0.06294488042449034
2805406,SE,Nordeste,0,0,1,-3.8192462313208706,0.6074711244625592
2805505,SE,Nordeste,0,0,1,-1.9428857070308718,0.5001644506441579
2805604,SE,Nordeste,0,0,2,-1.5485886042430599,-0.7247654978787631
2805703,SE,Nordeste,0,0,2,-0.3579433884162826,1.5293015677107544
2805802,SE,Nordeste,0,0,1,-2.9200283467289943,-0.3271271813909639
2805901,SE,Nordeste,0,0,1,-1.1334621991127884,0.11139020869991753
2806008,SE,Nordeste,0,0,2,0.05733650959418898,-0.20574129111492798
2806107,SE,Nordeste,0,0,1,0.9594791364264913,1.9192919992288162
2806206,SE,Nordeste,0,0,1,-3.0335278576704208,-0.9614400806490925
2806305,SE,Nordeste,0,0,1,-2.1090582140269523,-0.4906049805512704
2806404,SE,Nordeste,0,0,1,-2.584736799991861,-0.8023194100224487
2806503,SE,Nordeste,0,0,1,-0.5439450651939941,-1.9433210981757638
2806602,SE,Nordeste,0,0,2,-1.487427113156948,-0.37147151371033743
2806701,SE,Nordeste,0,0,2,-1.383144768718772,1.5186974035905407
2806800,SE,Nordeste,0,0,1,-2.7664647718021733,-0.00993966983694145
2806909,SE,Nordeste,0,0,1,-3.5061794818293452,0.2404072287369618
2807006,SE,Nordeste,0,0,1,-0.7398717366072177,-1.673632182857391
2807105,SE,Nordeste,0,0,2,-0.8150507863182632,1.466941817362184
2807204,SE,Nordeste,0,0,1,-0.5150358174708128,-0.3942618641144372
2807303,SE,Nordeste,0,0,1,-1.2574036225144003,-1.8648970407547567
2807402,SE,Nordeste,0,0,1,-2.497014397764435,0.7713097093118918
2807501,SE,Nordeste,0,0,1,-3.8656426499671452,-0.5299898921169294
2807600,SE,Nordeste,0,0,1,-2.0447182926662015,0.22441772072466482
2900108,BA,Nordeste,0,0,1,-0.841041999983151,-1.9475431864774804
2900207,BA,Nordeste,0,0,1,-2.945669431383658,-0.34967741922663476
2900306,BA,Nordeste,0,0,1,-2.5104134819265633,-0.36544930066474485
2900355,BA,Nordeste,0,0,1,0.2355676674801371,-1.040086155403052
2900405,BA,Nordeste,0,0,1,-2.9990725765012103,0.0341030283618281
2900504,BA,Nordeste,0,0,1,-2.817585730383606,-1.0666793512241148
2900603,BA,Nordeste,0,0,1,0.2769846163473167,-2.0134457732216116
2900702,BA,Nordeste,0,0,1,-1.5512541138260167,3.8264624381129075
2900801,BA,Nordeste,0,0,1,-2.4002502402930035,0.20185226496387643
2900900,BA,Nordeste,0,0,1,-1.6115135990147884,-1.7049881551109831
2901007,BA,Nordeste,0,0,1,-2.519180173403374,1.3667082057515116
2901106,BA,Nordeste,0,0,1,-2.5258246278460166,1.5391459972813422
2901155,BA,Nordeste,0,0,1,-2.6640462268756817,0.12038332719584047
2901205,BA,Nordeste,0,0,1,-3.6608621442211957,0.5231375165929042
2901304,BA,Nordeste,0,0,1,-0.3132000381520391,-0.8287992856148096
2901353,BA,Nordeste,0,0,1,-1.7795024775554662,0.8335428839857848
2901403,BA,Nordeste,0,0,1,-1.9246704231188814,0.10401652036325433
2901502,BA,Nordeste,0,0,1,-2.733745744586951,-1.6800605285944525
2901601,BA,Nordeste,0,0,1,-2.1957446342101767,-1.2617375122051309
2901700,BA,Nordeste,0,0,1,-3.775261374878431,0.11613214044515809
2901809,BA,Nordeste,0,0,1,-2.9223815721111523,-1.0504213584652784
2901908,BA,Nordeste,0,0,1,-2.5169457911467843,-1.0267302193489531
2901957,BA,Nordeste,0,0,1,-1.5617575712985068,-1.7776280383614287
2902005,BA,Nordeste,0,0,1,-1.7088903469336172,-1.7251260938641462
2902054,BA,Nordeste,0,0,1,-1.5773663364915211,0.8154428628766752
2902104,BA,Nordeste,0,0,1,-3.2907393073815703,1.2852037362297237
2902203,BA,Nordeste,0,0,1,-2.5202178388956806,-0.6057561336565649
2902252,BA,Nordeste,0,0,1,-2.187427881546694,-1.3298577195609056
2902302,BA,Nordeste,0,0,1,-1.6051178903435916,-1.249790319079168
2902401,BA,Nordeste,0,0,1,-3.5413988037535837,-0.5757657173086193
2902500,BA,Nordeste,0,0,1,-1.5887741113849065,-0.9832457191053792
2902609,BA,Nordeste,0,0,1,-2.9258577825458687,0.7282472885520906
2902658,BA,Nordeste,0,0,2,-1.5647293766140733,-2.3299867345553884
2902708,BA,Nordeste,0,0,1,-3.6141805814294705,0.9746027047845848
2902807,BA,Nordeste,0,0,1,-2.1111524673407542,0.22539135333476057
2902906,BA,Nordeste,0,0,1,-1.8023201969856748,0.9278941219275982
2903003,BA,Nordeste,0,0,1,-2.193532714589133,-1.3407949587984849
2903102,BA,Nordeste,0,0,1,-1.9412327625044494,-1.1539919696921703
2903201,BA,Nordeste,0,0,1,-1.4621161628803303,2.624427530335499
2903235,BA,Nordeste,0,0,1,-2.8286328697798733,-1.1497349465447628
2903276,BA,Nordeste,0,0,1,-0.8930318825552022,1.3682358208171286
2903300,BA,Nordeste,0,0,1,-0.9310471861102556,-1.7164823010409354
2903409,BA,Nordeste,0,0,1,-2.1078715126606253,-0.13228223106646048
2903508,BA,Nordeste,0,0,1,-2.6165012803642824,-0.7347129213780421
2903607,BA,Nordeste,0,0,1,-2.9968400348338977,-0.11985251434843566
2903706,BA,Nordeste,0,0,1,-2.551567095472359,-0.7086835141733632
2903805,BA,Nordeste,0,0,1,-2.657624280794603,-0.41488402105619465
2903904,BA,Nordeste,0,0,1,-1.4784456574401497,2.1080210924925704
2903953,BA,Nordeste,0,0,1,-2.102663387699353,-1.6373942755612927
2904001,BA,Nordeste,0,0,1,-3.5259615531795,-0.050545917167159025
2904050,BA,Nordeste,0,0,1,-1.6954760592151827,-0.22318847731102748
2904100,BA,Nordeste,0,0,1,-2.759943511157122,-0.1768934244199165
2904209,BA,Nordeste,0,0,1,-2.832940734454862,-0.8826156080087147
2904308,BA,Nordeste,0,0,1,-1.7296927787451675,-0.8285709744636829
2904407,BA,Nordeste,0,0,1,-1.4934553192266105,-2.3050429211230026
2904506,BA,Nordeste,0,0,1,-2.6470560779280157,-0.7892991463535044
2904605,BA,Nordeste,0,0,1,-0.2258170281460701,2.4142555371164565
2904704,BA,Nordeste,0,0,2,-0.9293862941394634,-0.7791454222136489
2904803,BA,Nordeste,0,0,1,-2.0118418397899838,-1.610844632406091
2904852,BA,Nordeste,0,0,1,-3.0868552378472773,-0.1167148166105518
2904902,BA,Nordeste,0,0,1,-2.2465792667121396,1.1835031186127607
2905008,BA,Nordeste,0,0,1,-0.21773543283803506,0.25417183682953315
2905107,BA,Nordeste,0,0,1,-2.2908366822760913,-1.3529307931719337
2905156,BA,Nordeste,0,0,1,-2.5795146887963303,-1.7849276282561364
2905206,BA,Nordeste,0,0,1,-0.5356456128463338,2.277940568061472
2905305,BA,Nordeste,0,0,1,-2.6400388956147647,0.19370278394606782
2905404,BA,Nordeste,0,0,1,-1.2847102516362432,2.676581749629505
2905503,BA,Nordeste,0,0,1,-2.8718717079786975,-1.0615643568941535
2905602,BA,Nordeste,0,0,1,-2.1223586368315086,0.03320259317046024
2905701,BA,Nordeste,0,0,1,0.5792064459626991,5.359336201707325
2905800,BA,Nordeste,0,0,1,-3.147347331970131,0.7620543177482856
2905909,BA,Nordeste,0,0,1,-3.465985735148102,0.36595681632247085
2906006,BA,Nordeste,0,0,1,-2.738968958827659,3.4523616872397263
2906105,BA,Nordeste,0,0,1,-3.1365267649103057,-1.1519271551010035
2906204,BA,Nordeste,0,0,1,-1.4628269024455287,-0.7656389655467343
2906303,BA,Nordeste,0,0,1,-2.4888457627385305,0.08540952833805601
2906402,BA,Nordeste,0,0,1,-2.2594749312587767,-1.3748490253125674
2906501,BA,Nordeste,0,0,1,-1.114083089568499,3.664299809857417
2906600,BA,Nordeste,0,0,1,-0.8956117640179924,-0.6254926392977934
2906709,BA,Nordeste,0,0,1,-2.9590522538069814,-0.09262075522231798
2906808,BA,Nordeste,0,0,1,-2.848717883906953,0.10171497721676327
2906824,BA,Nordeste,0,0,1,-1.1835114731178873,-1.0551925480361584
2906857,BA,Nordeste,0,0,1,-1.1220248448792456,-0.5963219039454714
2906873,BA,Nordeste,0,0,1,-1.8643041958813291,1.6531651853302816
2906899,BA,Nordeste,0,0,1,-1.3027275674287833,-2.1825652597219656
2906907,BA,Nordeste,0,0,1,-1.4433736227627663,0.1597248742116097
2907004,BA,Nordeste,0,0,1,0.12290334137114785,-0.5265999020357701
2907103,BA,Nordeste,0,0,1,-2.164756950588711,0.32440746222024625
2907202,BA,Nordeste,0,0,1,-3.5185519616937286,1.149652379631345
2907301,BA,Nordeste,0,0,1,-1.2964883289858862,-0.3445379447565058
2907400,BA,Nordeste,0,0,1,-0.348458863680973,-1.4700871546206775
2907509,BA,Nordeste,0,0,1,-2.038648228712201,1.7368004515212463
2907558,BA,Nordeste,0,0,1,-2.2158883255418163,-2.176868947657228
2907608,BA,Nordeste,0,0,1,-2.497137191521501,-0.5261748153250992
2907707,BA,Nordeste,0,0,1,-3.2930087497026435,-0.6671586188917584
2907806,BA,Nordeste,0,0,1,-2.694834282266854,-0.5361764101017722
2907905,BA,Nordeste,0,0,1,-3.104106449699891,-0.06610698458768163
2908002,BA,Nordeste,0,0,1,-2.266965742413128,-0.4203803666665968
2908101,BA,Nordeste,0,0,1,-1.4570218408661466,-0.5610776560342196
2908200,BA,Nordeste,0,0,1,-0.5167259478885292,1.0449368119006408
2908309,BA,Nordeste,0,0,1,-1.9961666590272458,-1.5361836010008165
2908408,BA,Nordeste,0,0,1,-2.738844453127698,1.9128699234660798
2908507,BA,Nordeste,0,0,1,0.2353648183476205,4.240594644774414
2908606,BA,Nordeste,0,0,1,-2.3811089253325433,0.2498898176468211
2908804,BA,Nordeste,0,0,1,-1.937359382186657,-0.731186657225012
2908903,BA,Nordeste,0,0,1,-3.503284800349373,0.4580739741112819
2909000,BA,Nordeste,0,0,1,-0.674777986069121,-1.6168249213410861
2909109,BA,Nordeste,0,0,1,-1.7498759467605438,-0.8893983129000133
2909208,BA,Nordeste,0,0,1,-3.040033346410242,-1.0049362095332754
2909307,BA,Nordeste,0,0,1,0.02397836995066044,0.628854849176721
2909406,BA,Nordeste,0,0,1,-2.0568848976621217,-1.127680207037183
2909505,BA,Nordeste,0,0,1,-2.5083262282159473,-1.5901527176830048
2909604,BA,Nordeste,0,0,1,-4.546475212393888,1.3317066583728079
2909703,BA,Nordeste,0,0,1,-1.8036915049502946,-0.8476786089534901
2909802,BA,Nordeste,0,0,1,-2.6185850320405026,1.3236818550852063
2909901,BA,Nordeste,0,0,1,-3.0622788795168625,0.7743938546451937
2910008,BA,Nordeste,0,0,1,-1.9593221753268735,-1.519052876364888
2910057,BA,Nordeste,0,0,1,-0.2855466874572548,3.945051114557165
2910107,BA,Nordeste,0,0,1,-1.0790867867312992,-1.0074618403834141
2910206,BA,Nordeste,0,0,1,-0.6076637302079574,-2.1233672830496544
2910305,BA,Nordeste,0,0,1,-3.02554338793535,-1.2754053069271896
2910404,BA,Nordeste,0,0,1,-2.1212711681799266,-0.8674761649601284
2910503,BA,Nordeste,0,0,1,-1.049224395034142,0.8086398918454641
2910602,BA,Nordeste,0,0,1,-2.022647156566043,1.2068632017059442
2910701,BA,Nordeste,0,0,2,-1.1315903391347044,0.6544921425728601
2910727,BA,Nordeste,0,0,1,-0.7262100908336677,2.863584402169404
2910750,BA,Nordeste,0,0,1,-0.5790588970294459,-0.848901651528637
2910776,BA,Nordeste,0,0,1,-1.3187900455475194,-1.9829320029338071
2910800,BA,Nordeste,0,0,1,-1.4429248797569862,4.138281587309883
2910859,BA,Nordeste,0,0,1,-2.2172702728127014,-1.1729126743216933
2910909,BA,Nordeste,0,0,1,-1.3691934711508207,-0.7824580437450227
2911006,BA,Nordeste,0,0,1,-1.9218680578254588,-0.8734059584446695
2911105,BA,Nordeste,0,0,1,0.13395349618295532,-0.14197472032819522
2911204,BA,Nordeste,0,0,1,-2.827248466508859,0.5320305695163361
2911253,BA,Nordeste,0,0,1,-1.0755508311268163,-2.029849129053615
2911303,BA,Nordeste,0,0,1,-2.3129165376046434,-0.25799517943905953
2911402,BA,Nordeste,0,0,2,-2.286064443939072,-0.2661584802520606
2911501,BA,Nordeste,0,0,1,-1.889004284090993,-1.6983333566802183
2911600,BA,Nordeste,0,0,1,-2.6394548343442534,0.41878583992160384
2911659,BA,Nordeste,0,0,1,-0.10794939607418434,-1.7082943922567224
2911709,BA,Nordeste,0,0,1,-0.39001255163656984,2.4412629882588206
2911808,BA,Nordeste,0,0,1,-1.7808615385038378,-1.0532163658818867
2911857,BA,Nordeste,0,0,1,-2.08206586199563,-1.2716802341869284
2911907,BA,Nordeste,0,0,1,-2.457397949553857,-0.2257075318923185
2912004,BA,Nordeste,0,0,1,-0.9178780631643659,-1.0986526018305194
2912103,BA,Nordeste,0,0,1,-2.3472504801805547,0.10993406468981474
2912202,BA,Nordeste,0,0,1,0.6407884867595517,-0.3827975635360751
2912301,BA,Nordeste,0,0,1,-1.5694161276514882,-1.1680678575673793
2912400,BA,Nordeste,0,0,1,-1.706525472450027,-0.5472510721856616
2912509,BA,Nordeste,0,0,1,-2.3839366735212884,-1.2035697599270165
2912608,BA,Nordeste,0,0,1,-2.1463564015207326,-2.7700621685643263
2912707,BA,Nordeste,0,0,1,-2.7068792194251525,0.23099938676719614
2912806,BA,Nordeste,0,0,1,0.37934074994478023,1.1636907575703517
2912905,BA,Nordeste,0,0,1,-2.7934931467884607,-0.03348576372177457
2913002,BA,Nordeste,0,0,1,-2.8912953098499545,0.021999173133464098
2913101,BA,Nordeste,0,0,1,-2.256101186835461,-0.5657925450007509
2913200,BA,Nordeste,0,0,1,-0.9339817537751071,0.8961850111488282
2913309,BA,Nordeste,0,0,1,-1.1714940850593651,-1.2865351131509883
2913408,BA,Nordeste,0,0,1,-0.8057557021538667,-4.9437721123302796e-05
2913457,BA,Nordeste,0,0,1,-2.2989731560380897,-0.0858713240195172
2913507,BA,Nordeste,0,0,1,-2.8861501330252626,-0.12788615803299222
2913606,BA,Nordeste,0,0,2,-0.7927748800873087,1.5544335829093283
2913705,BA,Nordeste,0,0,1,-2.4329488041923253,0.37687639024300384
2913804,BA,Nordeste,0,0,1,-3.2493715360327005,-2.54398818948874
2913903,BA,Nordeste,0,0,1,-1.9710828591545537,1.2336960710707519
2914000,BA,Nordeste,0,0,1,-2.9476584639151038,1.256700975376719
2914109,BA,Nordeste,0,0,1,-1.8699888093082038,-0.7016968603897682
2914208,BA,Nordeste,0,0,1,-2.656842292940545,-0.8434623222046772
2914307,BA,Nordeste,0,0,1,-2.223926657777896,-0.8105957911281519
2914406,BA,Nordeste,0,0,1,-1.0615156481641275,2.781005419887844
2914505,BA,Nordeste,0,0,1,-2.6784031414017107,0.3458982245048093
2914604,BA,Nordeste,0,0,1,-0.629996886517433,2.0877017804003692
2914653,BA,Nordeste,0,0,1,-0.943734600326475,0.7943388543500125
2914703,BA,Nordeste,0,0,1,-1.686664654391077,1.6012094623656319
2914802,BA,Nordeste,0,0,1,-1.4008138429605963,2.397705076978889
2914901,BA,Nordeste,0,0,1,-3.5559952416273517,1.8082835283711065
2915007,BA,Nordeste,0,0,1,-3.2301892137254646,0.6863617092062814
2915106,BA,Nordeste,0,0,1,-3.401298784718478,-0.353187245852905
2915205,BA,Nordeste,0,0,1,-0.6444792443700451,3.04514216991753
2915304,BA,Nordeste,0,0,1,0.5475197370515731,-0.6715823834414326
2915353,BA,Nordeste,0,0,1,-2.760039053103308,-0.0015484321817615559
2915403,BA,Nordeste,0,0,1,-0.749301435915928,-1.9510533147939202
2915502,BA,Nordeste,0,0,1,-2.2772508165783094,0.5916958041173804
2915601,BA,Nordeste,0,0,1,-1.3685178603766364,0.9826582468764615
2915700,BA,Nordeste,0,0,1,-1.7209999621845156,-0.839234652641654
2915809,BA,Nordeste,0,0,1,-2.3750860209035474,0.5222032741643524
2915908,BA,Nordeste,0,0,1,-2.9364347315180903,-0.6758381547380822
2916104,BA,Nordeste,0,0,1,-1.8282093089127383,-0.06258811216362554
2916203,BA,Nordeste,0,0,1,-1.4361620596125693,-1.0139009235654475
2916302,BA,Nordeste,0,0,1,-0.24242444608978211,1.7355741533280167
2916401,BA,Nordeste,0,0,1,-1.50331728709131,2.6015127021492326
2916500,BA,Nordeste,0,0,1,-2.2264423667162347,-0.1733848420299056
2916609,BA,Nordeste,0,0,1,-0.9157806783510756,-2.1657899707511
2916708,BA,Nordeste,0,0,1,-1.569282779300339,-1.1609491020474494
2916807,BA,Nordeste,0,0,1,-1.0680742200154116,-0.4739883914360035
2916856,BA,Nordeste,0,0,1,-1.1922171584325936,1.2403787706810678
2916906,BA,Nordeste,0,0,1,-1.9603368894228907,-1.0100679321533945
2917003,BA,Nordeste,0,0,1,-3.666978775589144,0.04744475349570028
2917102,BA,Nordeste,0,0,1,-0.8544196414184938,-0.058624610255192194
2917201,BA,Nordeste,0,0,1,-2.1052726470632592,-0.763147664320408
2917300,BA,Nordeste,0,0,1,-2.704753150681549,1.4462987042392736
2917334,BA,Nordeste,0,0,1,-1.6791876511367179,-1.514522483305875
2917359,BA,Nordeste,0,0,1,2.1292074267504493,-0.632703155933288
2917409,BA,Nordeste,0,0,1,-1.378932311361049,-1.7583198203034398
2917508,BA,Nordeste,0,0,1,-1.2314849532792884,3.182992884356794
2917607,BA,Nordeste,0,0,1,-2.49347076497737,1.282557368659278
2917706,BA,Nordeste,0,0,1,-1.5977160519156792,2.100351406792288
2917805,BA,Nordeste,0,0,1,-2.1397645171642714,-0.4051021956610255
2917904,BA,Nordeste,0,0,1,-1.450103164221364,0.20491575390791578
2918001,BA,Nordeste,0,0,1,-2.8949899025535237,2.492096713358266
2918100,BA,Nordeste,0,0,1,-2.589195070179447,0.5247214853199302
2918209,BA,Nordeste,0,0,1,-2.7466840268154504,-0.6438275093956379
2918308,BA,Nordeste,0,0,1,-2.3720942313081497,-1.3602195220049502
2918357,BA,Nordeste,0,0,1,-1.5833550950725566,0.17484997934261604
2918407,BA,Nordeste,0,0,1,-2.3671352554110494,3.2814647690881222
2918506,BA,Nordeste,0,0,1,-3.3743375672564726,-0.1548803318345456
2918555,BA,Nordeste,0,0,1,-1.1730358128052112,-1.7566045013755982
2918605,BA,Nordeste,0,0,1,-1.0699641046333963,-2.0618402367279094
2918704,BA,Nordeste,0,0,1,-0.7490500458076991,-2.7831433980516205
2918803,BA,Nordeste,0,0,1,-3.2429962276358126,0.7774614689609017
2918902,BA,Nordeste,0,0,1,0.31903968597158217,-2.289273550957703
2919009,BA,Nordeste,0,0,1,-1.137128768948249,-0.7035008703478105
2919058,BA,Nordeste,0,0,1,-1.8720001961845423,-0.9062732752679404
2919108,BA,Nordeste,0,0,1,-3.47332244290228,-0.747931320215191
2919157,BA,Nordeste,0,0,1,-1.3918601890719093,-0.04386470512791796
2919207,BA,Nordeste,0,0,1,-1.2545883293002056,3.3982056721214318
2919306,BA,Nordeste,0,0,1,-2.1860619122703406,0.5279238785406886
2919405,BA,Nordeste,0,0,1,-2.1131906257702333,-1.2547189449744844
2919504,BA,Nordeste,0,0,1,-1.8378704952327125,0.694444180375249
2919553,BA,Nordeste,0,0,1,0.21588066915306411,3.3598579973165528
2919603,BA,Nordeste,0,0,1,-3.147424725263247,-0.22427251785379426
2919702,BA,Nordeste,0,0,1,-1.7288623642342316,-0.7083913115039334
2919801,BA,Nordeste,0,0,1,-3.409374925736714,0.9541574544623463
2919900,BA,Nordeste,0,0,1,-3.1437464998971185,-0.6298954743204812
2919926,BA,Nordeste,0,0,1,1.8821666104219865,0.6229535770012788
2919959,BA,Nordeste,0,0,1,-1.2378165972827717,-1.1155496408592265
2920007,BA,Nordeste,0,0,1,-0.6585536637172016,-1.02485954913421
2920106,BA,Nordeste,0,0,1,-1.8698308953124476,-0.4898550704629708
2920205,BA,Nordeste,0,0,1,-1.7173530539455424,-1.0911215967664936
2920304,BA,Nordeste,0,0,1,-1.8216937166856222,-1.3664962978345567
2920403,BA,Nordeste,0,0,1,-2.5939626371246134,-0.597224858714474
2920452,BA,Nordeste,0,0,1,-2.2749020464789753,-1.9189703458724299
2920502,BA,Nordeste,0,0,1,-0.6908366464364368,2.0610333631161346
2920601,BA,Nordeste,0,0,1,-3.114181412153682,0.3686566167839774
2920809,BA,Nordeste,0,0,1,-2.294347191718009,-0.2588532081696166
2920908,BA,Nordeste,0,0,1,-0.7196453884202147,-0.6266285972414791
2921005,BA,Nordeste,0,0,1,-0.71286061235343,1.5747436996146296
2921054,BA,Nordeste,0,0,1,-1.5360704221139563,-1.6285570692832185
2921104,BA,Nordeste,0,0,1,-0.4950840897897414,0.2562706643527079
2921203,BA,Nordeste,0,0,1,-2.5097197041157946,0.8359507526509437
2921302,BA,Nordeste,0,0,1,-0.9699404262842716,-0.16680568915573848
2921401,BA,Nordeste,0,0,1,-2.782999342316075,-0.8360942249939243
2921450,BA,Nordeste,0,0,1,-3.237555780948831,-0.7113970938789956
2921500,BA,Nordeste,0,0,1,-4.388561034023805,2.0521278127968285
2921609,BA,Nordeste,0,0,1,-2.071591705904779,-0.8756678323486882
2921708,BA,Nordeste,0,0,1,-3.1171048495975904,2.520059797819007
2921807,BA,Nordeste,0,0,1,-1.402403972415663,-0.9149360468803707
2921906,BA,Nordeste,0,0,1,-0.3783118958836216,-0.3179404928117232
2922003,BA,Nordeste,0,0,1,0.995298159206126,2.880379865047461
2922052,BA,Nordeste,0,0,1,-3.5069265986188163,0.10766488723167252
2922102,BA,Nordeste,0,0,1,-3.078218389742382,-0.16950218136466447
2922201,BA,Nordeste,0,0,1,-2.6856523201995524,-1.0644696229886816
2922250,BA,Nordeste,0,0,1,-1.1330729380111912,-0.479323695437469
2922300,BA,Nordeste,0,0,1,-2.359146032839483,0.007460825435438583
2922409,BA,Nordeste,0,0,1,-3.009899849314869,1.125188665830188
2922607,BA,Nordeste,0,0,1,-2.8547064947878935,-0.2680707239259974
2922656,BA,Nordeste,0,0,1,-1.3192495245549962,0.6065074904681084
2922706,BA,Nordeste,0,0,1,-2.0639397742731154,-0.4394447738125456
2922730,BA,Nordeste,0,0,1,-1.5478100412973803,-0.7760675429655243
2922755,BA,Nordeste,0,0,1,-2.5769627949413216,-0.002360537093785091
2922805,BA,Nordeste,0,0,1,-2.4414012386762516,-1.2268518784786429
2922854,BA,Nordeste,0,0,1,-1.6498133563967237,-1.6334039503198485
2922904,BA,Nordeste,0,0,1,-1.5368767268033805,-0.03495531457656748
2923001,BA,Nordeste,0,0,1,-1.4042243919090807,0.8165948167157152
2923035,BA,Nordeste,0,0,1,-1.4961510031199186,-1.6279170578641236
2923050,BA,Nordeste,0,0,1,-2.5808498461296066,-2.1732254502594124
2923100,BA,Nordeste,0,0,1,-2.957967058637078,0.39100826826006996
2923209,BA,Nordeste,0,0,1,-1.181908075079401,0.6178658831559083
2923308,BA,Nordeste,0,0,1,-3.3596008098496726,-0.8052293783019581
2923357,BA,Nordeste,0,0,1,-0.7116681160555945,1.2869925247687755
2923407,BA,Nordeste,0,0,1,-2.511219498531224,-0.2647998584875939
2923506,BA,Nordeste,0,0,1,-2.4882983090701707,0.08824522447122754
2923605,BA,Nordeste,0,0,1,-2.1831431635353398,-0.4634647193217552
2923704,BA,Nordeste,0,0,1,-2.669895326175391,0.30474073080480363
2923803,BA,Nordeste,0,0,1,-0.7756616455472634,-0.6237224967681324
2923902,BA,Nordeste,0,0,2,-0.8439710363273191,-2.126070004190151
2924009,BA,Nordeste,0,0,1,-1.2433326839444196,4.510137152763767
2924058,BA,Nordeste,0,0,1,-2.47748374850258,-1.2654164502344925
2924108,BA,Nordeste,0,0,1,-3.646246600849751,-0.5495036794704069
2924207,BA,Nordeste,0,0,1,-2.936355628200572,-0.8306101775815862
2924306,BA,Nordeste,0,0,1,-1.4547151311679638,-0.49360956209949053
2924405,BA,Nordeste,0,0,1,-3.39308300729072,-0.09634122203350125
2924504,BA,Nordeste,0,0,1,-1.0993425427144594,1.0423013883554078
2924603,BA,Nordeste,0,0,1,-3.091396780009303,-0.898508256659385
2924652,BA,Nordeste,0,0,1,-2.1678350043808594,-0.6012896024774124
2924678,BA,Nordeste,0,0,1,-1.4998043000262091,-3.417925101815735
2924702,BA,Nordeste,0,0,1,-2.1766081722930246,-0.809366033819591
2924801,BA,Nordeste,0,0,1,-2.582264828685671,0.13260627031693614
2924900,BA,Nordeste,0,0,1,-3.0468490399454793,-1.0013872185177044
2925006,BA,Nordeste,0,0,1,-2.1792758707560007,0.46906982812090453
2925105,BA,Nordeste,0,0,1,-2.383128980010228,1.4948275220208216
2925204,BA,Nordeste,0,0,1,0.5094861376861707,2.2515989626276136
2925253,BA,Nordeste,0,0,1,-2.838587591418919,-1.3073503567940568
2925303,BA,Nordeste,0,0,1,-2.7049624548021236,2.7553476615664656
2925402,BA,Nordeste,0,0,1,-0.8133991189393359,-1.1329718453308824
2925501,BA,Nordeste,0,0,2,-1.1127209976058696,-0.9872318084467447
2925600,BA,Nordeste,0,0,1,-1.4143572033332226,-0.6481656526973507
2925709,BA,Nordeste,0,0,1,-2.7150895355945717,-1.3487024167069468
2925808,BA,Nordeste,0,0,1,-2.7626228339549295,0.23971713966392721
2925907,BA,Nordeste,0,0,1,-3.6563586065837277,0.6051561827692699
2925931,BA,Nordeste,0,0,1,-2.434990242805375,-1.8361187128223233
2925956,BA,Nordeste,0,0,1,-2.074425769811359,0.6479606319956697
2926004,BA,Nordeste,0,0,1,-3.215548339651396,0.6519937001842802
2926103,BA,Nordeste,0,0,1,-0.9890059902603514,-0.5389454517339903
2926301,BA,Nordeste,0,0,1,-2.6720230141635675,0.6194025141290181
2926400,BA,Nordeste,0,0,1,-2.278835848173758,0.03218482150114023
2926509,BA,Nordeste,0,0,1,-2.254230248502254,-1.033375590895518
2926608,BA,Nordeste,0,0,1,-1.548796738020716,0.522599010469074
2926657,BA,Nordeste,0,0,1,-1.5390458737956865,-1.6026640571133672
2926707,BA,Nordeste,0,0,1,-1.1222453166641886,-0.5385970221761409
2926806,BA,Nordeste,0,0,1,-2.3996727367705275,-1.1040159545911163
2926905,BA,Nordeste,0,0,1,-2.4767801082156495,-1.9055092880804452
2927002,BA,Nordeste,0,0,1,-1.5183008760802628,1.0601563344538383
2927101,BA,Nordeste,0,0,2,-1.7039412317606542,-1.5430322863337127
2927200,BA,Nordeste,0,0,1,-2.3673152847470558,1.1100656292616597
2927309,BA,Nordeste,0,0,1,-0.8960123706618441,-0.4861608309933598
2927408,BA,Nordeste,1,0,2,-1.7634860389111422,4.574444174744296
2927507,BA,Nordeste,0,0,1,-3.4185169170851424,0.010100331104064386
2927606,BA,Nordeste,0,0,1,-2.6810999047891633,-0.36469962838750375
2927705,BA,Nordeste,0,0,1,-2.3485619578265373,1.3232914776195448
2927804,BA,Nordeste,0,0,1,0.09093503374853178,-1.0322930908508772
2927903,BA,Nordeste,0,0,1,-2.931398201784083,-0.20071845599896612
2928000,BA,Nordeste,0,0,1,-3.743586971893414,2.33355496669543
2928059,BA,Nordeste,0,0,1,-2.327320408743967,-0.8381477945153704
2928109,BA,Nordeste,0,0,1,-1.6741019670412451,0.30762360417138107
2928208,BA,Nordeste,0,0,1,-1.3067344707167776,0.09553499910839179
2928307,BA,Nordeste,0,0,1,-3.547378724557979,-1.2228782812194137
2928406,BA,Nordeste,0,0,1,-2.6523317477503903,0.5685373788285774
2928505,BA,Nordeste,0,0,1,-3.0048771864441237,-1.08988019184635
2928604,BA,Nordeste,0,0,1,-2.3790408002260506,1.8571607858875872
2928703,BA,Nordeste,0,0,1,-1.5914161251950336,1.9570368513590544
2928802,BA,Nordeste,0,0,1,-2.2082884240164313,2.2917205350223604
2928901,BA,Nordeste,0,0,1,-0.43563185721428194,1.687209664906166
2928950,BA,Nordeste,0,0,1,-1.5320744495652545,-1.0575291695000004
2929008,BA,Nordeste,0,0,1,-1.372366307061099,-0.7666663287308122
2929057,BA,Nordeste,0,0,1,-1.6063779450897546,-0.6693563018350068
2929107,BA,Nordeste,0,0,1,-1.16518476540791,-0.5992632745640651
2929206,BA,Nordeste,0,0,1,0.7483045910938635,4.205073508163523
2929255,BA,Nordeste,0,0,1,-2.3946451648860116,-0.1788512614186368
2929305,BA,Nordeste,0,0,1,-1.2102930993211132,1.5240562492301775
2929354,BA,Nordeste,0,0,1,-1.3732259033302738,-1.3630449079041558
2929370,BA,Nordeste,0,0,1,-2.5701103747246847,-0.6581414256640544
2929404,BA,Nordeste,0,0,1,-2.1887690445388452,-0.19537676910231702
2929503,BA,Nordeste,0,0,1,-2.01244278148979,1.477205351419124
2929602,BA,Nordeste,0,0,1,-3.4593564319547867,1.3160711002657144
2929701,BA,Nordeste,0,0,1,-2.386470992431071,0.38464541058001545
2929750,BA,Nordeste,0,0,1,-0.5970423247416897,-1.0857099022421783
2929800,BA,Nordeste,0,0,1,-1.6091441846543133,-1.2013274532054186
2929909,BA,Nordeste,0,0,1,-2.29400330198826,0.827303724865292
2930006,BA,Nordeste,0,0,1,-2.149362863420147,-1.5897197335956823
2930105,BA,Nordeste,0,0,1,-3.1474794360271163,2.2061340676514876
2930154,BA,Nordeste,0,0,1,-2.094151824974674,0.15025599443154541
2930204,BA,Nordeste,0,0,1,-1.4912951891547201,2.8294623947091613
2930303,BA,Nordeste,0,0,1,-0.9390577080781117,-0.7267241308331168
2930402,BA,Nordeste,0,0,1,-2.4143744113339523,-0.004104215116498737
2930501,BA,Nordeste,0,0,1,-2.7580587364844997,1.253820373543754
2930600,BA,Nordeste,0,0,1,-1.213399988826675,-0.5022251549525553
2930709,BA,Nordeste,0,0,1,-1.9554204925717307,4.0337996902731055
2930766,BA,Nordeste,0,0,1,-2.0562870342322728,-1.211821102325923
2930774,BA,Nordeste,0,0,1,0.34213818938047275,3.6470100548550013
2930808,BA,Nordeste,0,0,1,-2.836582717136032,0.7253779136187624
2930907,BA,Nordeste,0,0,1,-0.6649739991117319,0.23451012126028203
2931004,BA,Nordeste,0,0,1,-2.525707424304796,-0.4857457970835737
2931053,BA,Nordeste,0,0,1,-1.471053538790154,-0.05653065528921808
2931103,BA,Nordeste,0,0,1,-1.8292907009269255,-0.7196287613993743
2931202,BA,Nordeste,0,0,1,-3.092468385262189,-0.397753052682646
2931301,BA,Nordeste,0,0,1,-2.2822135714155047,-1.1588558776013969
2931350,BA,Nordeste,0,0,1,-1.77326365407576,2.500725509195305
2931400,BA,Nordeste,0,0,1,-0.4849799890781372,-1.2296044865919586
2931509,BA,Nordeste,0,0,1,-2.410848936497815,-0.25342903877276635
2931608,BA,Nordeste,0,0,1,-2.435434867340028,-0.8078820566501052
2931707,BA,Nordeste,0,0,1,-0.806636687754583,-0.6462445684092153
2931806,BA,Nordeste,0,0,1,-4.032946412519793,-0.04090755225285263
2931905,BA,Nordeste,0,0,1,-3.1033011482724446,1.6397806388324982
2932002,BA,Nordeste,0,0,1,-2.7494831034543936,0.34522928228863176
2932101,BA,Nordeste,0,0,1,-2.3837638197796376,0.3225273063466086
2932200,BA,Nordeste,0,0,1,-1.804113132363411,0.12142277907591026
2932309,BA,Nordeste,0,0,1,-2.554192554075946,-0.21192966886184242
2932408,BA,Nordeste,0,0,1,-2.269966584705707,-1.1772730949261947
2932457,BA,Nordeste,0,0,1,-1.646668219179624,-0.18271725241705142
2932507,BA,Nordeste,0,0,1,-2.088519639876047,0.2502097300547105
2932606,BA,Nordeste,0,0,1,-1.420607356264177,0.031124107594337855
2932705,BA,Nordeste,0,0,1,-2.8924533748812546,1.1195174382428268
2932804,BA,Nordeste,0,0,1,-0.5405871435274482,-0.12569528851759373
2932903,BA,Nordeste,0,0,1,-3.0479432202089054,2.3623731458064885
2933000,BA,Nordeste,0,0,1,-3.061766623733917,0.3756743041115315
2933059,BA,Nordeste,0,0,1,-3.1224408270879884,-0.8226751276911606
2933109,BA,Nordeste,0,0,1,-1.76839508698298,-0.9508658405600018
2933158,BA,Nordeste,0,0,1,-0.5683415254263433,1.0240793689530359
2933174,BA,Nordeste,0,0,1,-0.4353007655801092,-0.18070240863087061
2933208,BA,Nordeste,0,0,1,-2.397131739351489,1.0937782117751333
2933257,BA,Nordeste,0,0,1,-0.9961512616079855,-1.8664121931146427
2933307,BA,Nordeste,0,0,1,-3.2013679459757474,4.3745361257201525
2933406,BA,Nordeste,0,0,1,-2.329673474238398,-1.2225142087508531
2933455,BA,Nordeste,0,0,1,-1.6628260452388657,-0.5893208367961864
2933505,BA,Nordeste,0,0,1,-2.5870457690790496,-0.2633317466409378
2933604,BA,Nordeste,0,0,1,-3.2675689543934365,0.09518840392951325
3100104,MG,Sudeste,0,0,1,-0.7938175072193688,-1.001467237556464
3100203,MG,Sudeste,0,0,2,1.3224488383889426,0.7393593197736784
3100302,MG,Sudeste,0,0,2,0.20924184785826264,-0.7110466390968603
3100401,MG,Sudeste,0,0,1,0.5006626932022638,-1.6103341737787815
3100500,MG,Sudeste,0,0,1,1.9663162636599782,0.08362306248043273
3100609,MG,Sudeste,0,0,1,0.631124420127804,-0.7669233527896951
3100708,MG,Sudeste,0,0,1,3.483262887503278,-2.1293746968051757
3100807,MG,Sudeste,0,0,1,-0.4098914647289517,-1.7671077192062776
3100906,MG,Sudeste,0,0,2,-0.9530704744427051,0.5630557225327769
3101003,MG,Sudeste,0,0,1,-0.8353358829808198,-0.2518504482274325
3101102,MG,Sudeste,0,0,2,0.8974221642234007,0.98208617963777
3101201,MG,Sudeste,0,0,1,0.903618561190158,-1.2066592552571145
3101300,MG,Sudeste,0,0,1,1.5612192557666866,-1.9417359716288798
3101409,MG,Sudeste,0,0,1,1.7710676206577882,-0.5731236735293468
3101508,MG,Sudeste,0,0,1,1.067871100885605,1.688884198961757
3101607,MG,Sudeste,0,0,2,1.1236213913149384,1.8192330765608615
3101631,MG,Sudeste,0,0,1,1.1337341807236363,-1.3047100008827368
3101706,MG,Sudeste,0,0,1,-2.108676923606109,1.4627402787125674
3101805,MG,Sudeste,0,0,1,0.13507776835961524,-1.6370068643383116
3101904,MG,Sudeste,0,0,1,-0.012257992822540026,0.1909064663596699
3102001,MG,Sudeste,0,0,1,1.7512506818396938,-0.31181179793035024
3102050,MG,Sudeste,0,0,1,0.8645664787879243,-0.9484680147200668
3102100,MG,Sudeste,0,0,2,0.9732656716135705,-1.3086287282090592
3102209,MG,Sudeste,0,0,2,0.08139525464717122,-1.9572661492195529
3102308,MG,Sudeste,0,0,2,1.72207430337735,0.8626179367180887
3102407,MG,Sudeste,0,0,2,0.060323737591849,-2.6596725218672956
3102506,MG,Sudeste,0,0,1,0.039924353652551536,-2.5393784954969894
3102605,MG,Sudeste,0,0,1,0.37577985222535004,0.8999141582237542
3102704,MG,Sudeste,0,0,1,-1.7302915481594718,-1.1978411336168846
3102803,MG,Sudeste,0,0,1,1.6408181283361654,0.05606460476716679
3102852,MG,Sudeste,0,0,1,-1.6298196515624397,-1.0378208087169034
3102902,MG,Sudeste,0,0,2,0.760176657431014,-0.012599202203082907
3103009,MG,Sudeste,0,0,1,3.271439744714418,1.5696758618876692
3103108,MG,Sudeste,0,0,1,0.2761989611636538,-2.382478358490303
3103207,MG,Sudeste,0,0,1,1.9361730024923054,-1.0059051843697584
3103306,MG,Sudeste,0,0,1,1.2951249698846314,-2.485472278686741
3103405,MG,Sudeste,0,0,2,-0.8269190139452289,0.9090767324060655
3103504,MG,Sudeste,0,0,2,2.004593017218286,3.598709681321272
3103603,MG,Sudeste,0,0,1,-0.12538539060148154,-2.5285683130426375
3103702,MG,Sudeste,0,0,2,-0.8156387329949358,0.41046453326200694
3103751,MG,Sudeste,0,0,1,4.338371991505184,3.4066392374075427
3103801,MG,Sudeste,0,0,1,3.7142655673264433,-0.05745185272838285
3103900,MG,Sudeste,0,0,1,3.1162522449124666,-0.04352319538134313
3104007,MG,Sudeste,0,0,1,1.5708828934170955,3.666122265063786
3104106,MG,Sudeste,0,0,1,2.0927561840279787,0.8990785246666919
3104205,MG,Sudeste,0,0,1,1.19722704376809,2.2242041402473025
3104304,MG,Sudeste,0,0,1,1.1316006114809496,-0.14518577004282882
3104403,MG,Sudeste,0,0,1,0.9507333729709727,-1.8883411072869354
3104452,MG,Sudeste,0,0,2,-0.38588083333236156,-1.4603564614420252
3104502,MG,Sudeste,0,0,2,0.43435959574728017,-0.33290858738695284
3104601,MG,Sudeste,0,0,1,0.6898454651913845,0.6032802840649635
3104700,MG,Sudeste,0,0,2,0.12452000920910303,-0.6577917320788447
3104809,MG,Sudeste,0,0,1,1.6400663197638343,-0.7821642854921058
3104908,MG,Sudeste,0,0,1,0.7286419809538125,0.5027859283978308
3105004,MG,Sudeste,0,0,1,0.7988983383050758,0.9130322139524397
3105103,MG,Sudeste,0,0,1,1.3788409199755058,0.05236358953857168
3105202,MG,Sudeste,0,0,1,-0.28412203043430223,-3.175932940931007
3105301,MG,Sudeste,0,0,1,0.6225881760714993,-0.6180985384524881
3105400,MG,Sudeste,0,0,1,0.3702165483911396,2.1345608603306037
3105509,MG,Sudeste,0,0,1,-1.0664679364692982,-2.283482508416931
3105608,MG,Sudeste,0,0,2,0.6466586488494989,2.0864188072995136
3105707,MG,Sudeste,0,0,1,1.1226015583445312,-1.4736835810469235
3105905,MG,Sudeste,0,0,1,2.222421939423422,1.488683208987314
3106002,MG,Sudeste,0,0,2,2.073289139118656,1.174676921212069
3106101,MG,Sudeste,0,0,1,0.4496724494439849,-1.3481870068283561
3106200,MG,Sudeste,1,0,2,0.27179701851980415,4.8187848389898065
3106309,MG,Sudeste,0,0,1,2.7205174570034125,3.6937572916915276
3106408,MG,Sudeste,0,0,1,0.008702112630230267,0.013133056118296715
3106507,MG,Sudeste,0,0,1,-0.3890704770815707,-0.5708498644322109
3106606,MG,Sudeste,0,0,1,-0.7250168861223009,-2.0649665762438834
3106655,MG,Sudeste,0,0,1,-0.6041009466740015,-1.797546901872467
3106705,MG,Sudeste,0,0,2,1.5589631799574548,4.838617602271514
3106804,MG,Sudeste,0,0,1,-1.3814231261508003,-1.700526869132492
3106903,MG,Sudeste,0,0,1,1.4727361340002842,0.44285864790670604
3107000,MG,Sudeste,0,0,1,2.7223863783934377,-1.9476192307985232
3107109,MG,Sudeste,0,0,1,0.6406652540086263,1.1139781621340905
3107208,MG,Sudeste,0,0,1,-1.0344825205462091,-1.3792020837133547
3107307,MG,Sudeste,0,0,2,0.26329540669585505,1.4668785244294442
3107406,MG,Sudeste,0,0,2,1.8242996636589233,1.579127300408189
3107505,MG,Sudeste,0,0,1,-0.007963707719720907,-1.186622896188144
3107604,MG,Sudeste,0,0,1,3.0543887482809184,-0.4509198295705983
3107703,MG,Sudeste,0,0,2,1.7050984261181805,-1.152153694873634
3107802,MG,Sudeste,0,0,2,0.2836577490352198,-0.3668278286916038
3107901,MG,Sudeste,0,0,1,-1.0271890337077476,0.15990737393523421
3108008,MG,Sudeste,0,0,1,0.26216869859867176,0.682097161028031
3108107,MG,Sudeste,0,0,1,0.3210144936785793,-1.2257351238639067
3108206,MG,Sudeste,0,0,2,2.8034770701516587,-0.9243766245257641
3108255,MG,Sudeste,0,0,2,-1.7776221324457002,-0.2590099281383634
3108305,MG,Sudeste,0,0,2,1.553161600346708,0.2585779975407677
3108404,MG,Sudeste,0,0,2,0.5708530095801364,0.26897914228751557
3108503,MG,Sudeste,0,0,2,-0.01888928884865035,-2.295821012416973
3108552,MG,Sudeste,0,0,1,1.2308173840161518,-0.02245503961399716
3108602,MG,Sudeste,0,0,2,-0.7878321984259012,0.364238113001635
3108701,MG,Sudeste,0,0,1,0.35572505003181176,-2.232230726317315
3108800,MG,Sudeste,0,0,1,2.5091168546461535,1.1371136682291365
3108909,MG,Sudeste,0,0,1,-0.7175493759539792,-0.5674666486359846
3109006,MG,Sudeste,0,0,1,0.8466109731981666,2.7325786313556772
3109105,MG,Sudeste,0,0,1,0.9620820276312039,-0.5773451317309733
3109204,MG,Sudeste,0,0,1,-0.7794368736781401,-0.11428602119342442
3109253,MG,Sudeste,0,0,1,-0.4849136428657259,-2.333125646294546
3109303,MG,Sudeste,0,0,2,2.134239154666878,-0.3045512375973795
3109402,MG,Sudeste,0,0,1,-1.3514155802850554,0.3323814986092366
3109451,MG,Sudeste,0,0,1,2.971824595842127,0.6094726292235996
3109501,MG,Sudeste,0,0,1,1.614575745495872,-1.1349540263529225
3109600,MG,Sudeste,0,0,1,1.8361247636826588,-1.294147082415439
3109709,MG,Sudeste,0,0,1,2.636448834350092,1.4515972070368486
3109808,MG,Sudeste,0,0,1,2.38929464871631,-1.856514577830595
3109907,MG,Sudeste,0,0,1,1.2486675874767692,0.9663133558723526
3110004,MG,Sudeste,0,0,1,0.13615589078695053,1.2810410681561866
3110103,MG,Sudeste,0,0,1,-1.9843876838529289,-0.11257490581394995
3110202,MG,Sudeste,0,0,1,2.493153530919807,-0.6785169742520772
3110301,MG,Sudeste,0,0,1,-0.1480631231582251,0.021411682788148634
3110400,MG,Sudeste,0,0,1,2.406912190188513,-1.6953547502168302
3110509,MG,Sudeste,0,0,1,0.9228384429829745,1.6222270153252372
3110608,MG,Sudeste,0,0,1,1.7873903696230529,2.5399468901977587
3110707,MG,Sudeste,0,0,2,2.3232461605071655,-0.33677239056600994
3110806,MG,Sudeste,0,0,1,-1.2564934912661088,-1.4519770487698684
3110905,MG,Sudeste,0,0,1,1.9162877371232072,-0.1416419703178414
3111002,MG,Sudeste,0,0,1,0.006485918412279982,0.21133531823748702
3111101,MG,Sudeste,0,0,1,0.47514047188576347,-0.5711080250222381
3111150,MG,Sudeste,0,0,1,-1.7683041244999154,-2.914586640573613
3111200,MG,Sudeste,0,0,1,0.5110425519309044,1.605847353782707
3111309,MG,Sudeste,0,0,1,1.6254391050930843,-1.125455077520168
3111408,MG,Sudeste,0,0,1,1.8494003963558516,0.847274129289073
3111507,MG,Sudeste,0,0,1,0.5088027288625617,-0.052299211259360684
3111606,MG,Sudeste,0,0,1,0.10055184650930961,-0.28101444654880536
3111705,MG,Sudeste,0,0,2,1.045307738722205,-1.894147734430261
3111804,MG,Sudeste,0,0,2,2.008019215522268,1.004640152060707
3111903,MG,Sudeste,0,0,1,-0.23203257666052018,-1.3463390493691785
3112000,MG,Sudeste,0,0,1,0.35808290086240635,-0.743515246775431
3112059,MG,Sudeste,0,0,1,-1.7489512844987274,-2.117722915486108
3112109,MG,Sudeste,0,0,1,0.7267556246129601,-1.178780257528947
3112208,MG,Sudeste,0,0,1,-1.2654255107954362,-1.5616376065620177
3112307,MG,Sudeste,0,0,2,-0.96635228964384,1.4757604393996167
3112406,MG,Sudeste,0,0,1,2.2938758223735447,-0.2218671922898246
3112505,MG,Sudeste,0,0,1,-0.6702186873778514,-0.7553928296577251
3112604,MG,Sudeste,0,0,1,2.39734351727392,0.26126364261370416
3112653,MG,Sudeste,0,0,1,-0.3027149316982201,-1.2626741673322608
3112703,MG,Sudeste,0,0,1,0.48878310734652686,0.7849501785867469
3112802,MG,Sudeste,0,0,2,1.3965546948694514,-0.28246573620851134
3112901,MG,Sudeste,0,0,1,-1.2902055599375635,-1.3830033855367392
3113008,MG,Sudeste,0,0,2,-0.9867924324917259,-0.2209327058010788
3113107,MG,Sudeste,0,0,1,-2.6136927085617256,-1.5264243173352636
3113206,MG,Sudeste,0,0,2,1.2703040387784104,1.0464117360647596
3113305,MG,Sudeste,0,0,2,-0.08294699459882433,0.6043736824262367
3113404,MG,Sudeste,0,0,1,-1.5187887477108504,2.1777987323666967
3113503,MG,Sudeste,0,0,1,-0.6010717143850922,-1.1188684314981636
3113602,MG,Sudeste,0,0,1,1.128510006147069,-0.1837113078767698
3113701,MG,Sudeste,0,0,1,-0.31993034197608233,0.9456020909170528
3113800,MG,Sudeste,0,0,1,2.007216475369427,-2.385370345222061
3113909,MG,Sudeste,0,0,1,0.5248368582452247,0.26961013835425257
3114006,MG,Sudeste,0,0,1,0.48600798479896085,-0.3767796613733282
3114105,MG,Sudeste,0,0,2,0.11166776279336403,-0.023140291809250976
3114204,MG,Sudeste,0,0,1,-0.37613856534789536,0.6438565943255775
3114303,MG,Sudeste,0,0,2,1.5293273373507619,0.6028470145276758
3114402,MG,Sudeste,0,0,1,-0.0848731164405123,0.1602129439251777
3114501,MG,Sudeste,0,0,1,1.6161919667671623,0.6363221678396472
3114550,MG,Sudeste,0,0,1,2.6392487654644867,-0.3695607506374613
3114600,MG,Sudeste,0,0,1,2.8421616818304187,-1.0113117128441442
3114709,MG,Sudeste,0,0,1,2.1806438756931,-1.284432975384736
3114808,MG,Sudeste,0,0,1,-0.09609601018865359,-2.9985817153265653
3114907,MG,Sudeste,0,0,1,1.3807421224616085,-1.8125355511660055
3115003,MG,Sudeste,0,0,1,0.37294196466020596,-2.3097337376234655
3115102,MG,Sudeste,0,0,2,1.3671083670213038,-0.21773221727446765
3115201,MG,Sudeste,0,0,1,2.6107776188430933,-1.9693900820991714
3115300,MG,Sudeste,0,0,2,0.631841298398492,1.7397453942065668
3115359,MG,Sudeste,0,0,1,4.127192756669726,2.104691852605601
3115409,MG,Sudeste,0,0,1,1.5161335943295469,-1.4468016946122753
3115458,MG,Sudeste,0,0,2,-1.7762553378251515,-0.08698379973177066
3115474,MG,Sudeste,0,0,1,-0.279018448566002,-2.4361005461072547
3115508,MG,Sudeste,0,0,2,1.6710027067603943,0.161618400738883
3115706,MG,Sudeste,0,0,1,0.049574628724269876,-1.4863184537415934
3115805,MG,Sudeste,0,0,2,2.0499694801387878,-0.5009845910279357
3115904,MG,Sudeste,0,0,1,0.7338364603758928,-1.2215333737228058
3116001,MG,Sudeste,0,0,2,-0.18085821218329412,-1.4780822303743049
3116100,MG,Sudeste,0,0,1,-2.9818794009834577,-0.351431947227254
3116159,MG,Sudeste,0,0,1,-1.1098485439956993,-0.1782495717706526
3116209,MG,Sudeste,0,0,1,-0.06060157285036808,-2.1245134146140763
3116308,MG,Sudeste,0,0,2,0.5232736056816433,-1.9255644602869908
3116407,MG,Sudeste,0,0,1,0.6669051434116277,-0.7724394854137607
3116506,MG,Sudeste,0,0,1,0.19167643830024728,-1.3664771515977423
3116605,MG,Sudeste,0,0,1,1.5069057099421646,2.1235229626844805
3116704,MG,Sudeste,0,0,1,1.3250778562920822,-0.8148287062549651
3116803,MG,Sudeste,0,0,1,-1.965142681776852,-1.3632527584678995
3116902,MG,Sudeste,0,0,1,3.2554577414012815,-1.0756435180414108
3117009,MG,Sudeste,0,0,1,-2.8619684102165026,-0.26033488834691637
3117108,MG,Sudeste,0,0,1,0.5842217219728139,-0.5582370903926851
3117207,MG,Sudeste,0,0,1,1.2990612216231565,-2.0762960123831475
3117306,MG,Sudeste,0,0,1,1.3383257265929802,1.5782689274902
3117405,MG,Sudeste,0,0,1,-0.9804413519943469,-1.0121168365829636
3117504,MG,Sudeste,0,0,2,2.359353423481945,3.5441632278969752
3117603,MG,Sudeste,0,0,2,2.9755562267298465,0.1819906359946628
3117702,MG,Sudeste,0,0,1,-0.2562227587907128,-0.7429566488701647
3117801,MG,Sudeste,0,0,1,1.7239933812484565,-0.17024814351649903
3117836,MG,Sudeste,0,0,1,0.4724212078582503,-1.8275176827152293
3117876,MG,Sudeste,0,0,1,2.888094142880556,0.641034005424955
3117900,MG,Sudeste,0,0,1,1.7420737471870527,0.07587351247127112
3118007,MG,Sudeste,0,0,1,1.9124639199946256,2.9983819681627706
3118106,MG,Sudeste,0,0,1,-1.4294032297576957,-1.9250837409868393
3118205,MG,Sudeste,0,0,1,2.068934563633495,1.034933599193019
3118304,MG,Sudeste,0,0,2,0.1833108216046363,2.082617535771606
3118403,MG,Sudeste,0,0,2,0.4221064067544454,-0.3052407233198547
3118502,MG,Sudeste,0,0,1,1.6211866315784744,-2.916950337648901
3118601,MG,Sudeste,0,0,2,1.0968573277046443,4.095700070295723
3118700,MG,Sudeste,0,0,1,0.7900256127835769,-0.5337445803314389
3118809,MG,Sudeste,0,0,2,-1.3143382885948351,-0.5515814900149296
3118908,MG,Sudeste,0,0,1,-0.46601451578196196,-0.9499804437740849
3119005,MG,Sudeste,0,0,1,1.35374284346692,-1.5891427861994198
3119104,MG,Sudeste,0,0,1,1.0270957726790977,1.859039404492713
3119203,MG,Sudeste,0,0,1,-1.2707604700714428,-1.2398906584566591
3119302,MG,Sudeste,0,0,2,1.6332121031534632,0.6459374010287224
3119401,MG,Sudeste,0,0,1,0.38787909278629157,1.955101606521847
3119500,MG,Sudeste,0,0,1,-1.8500634079297462,-0.8681343093097278
3119609,MG,Sudeste,0,0,1,0.20202972921640006,-2.3969221739169364
3119708,MG,Sudeste,0,0,1,2.4424953328415158,-1.4820263938243003
3119807,MG,Sudeste,0,0,1,2.973456969918884,-1.12995433749289
3119906,MG,Sudeste,0,0,1,1.572046002938065,-1.294521419868053
3119955,MG,Sudeste,0,0,1,2.8447101620088633,0.5429198765663894
3120003,MG,Sudeste,0,0,1,-0.2179799413475386,-1.7306529735556255
3120102,MG,Sudeste,0,0,1,1.1789406444048183,-1.915176292665684
3120151,MG,Sudeste,0,0,1,0.10942473957831068,-1.5493749560827703
3120201,MG,Sudeste,0,0,1,0.9134594997949501,-0.7342730284329891
3120300,MG,Sudeste,0,0,1,-2.910448879998964,-1.2981623990169804
3120409,MG,Sudeste,0,0,1,0.24569291510423863,-1.1282756174531865
3120508,MG,Sudeste,0,0,1,0.7857794441348447,-0.29745647344883386
3120607,MG,Sudeste,0,0,1,1.1545097471443624,-0.9018249325349192
3120706,MG,Sudeste,0,0,1,2.9495049503228685,-0.7496844780560925
3120805,MG,Sudeste,0,0,2,1.1470727993359424,0.2102810337303344
3120839,MG,Sudeste,0,0,1,-0.857715142564031,-2.0587026899329475
3120870,MG,Sudeste,0,0,1,-1.8055701537229452,-1.5057227660969137
3120904,MG,Sudeste,0,0,2,1.0597172676119684,2.1594944404985283
3121001,MG,Sudeste,0,0,1,0.13409455148997984,-1.5261793535099752
3121100,MG,Sudeste,0,0,1,0.6554079052319988,-1.4755543981407888
3121209,MG,Sudeste,0,0,1,0.45743489346440425,-0.5675959499316509
3121258,MG,Sudeste,0,0,1,2.772859682322834,1.8003558048211168
3121308,MG,Sudeste,0,0,1,0.6104121502157731,-1.3889908274523821
3121407,MG,Sudeste,0,0,1,1.618248754350702,1.0664684518815317
3121506,MG,Sudeste,0,0,1,1.5713112980213426,-2.439184988137101
3121605,MG,Sudeste,0,0,2,-0.07815172317380087,1.167942916226916
3121704,MG,Sudeste,0,0,1,-0.6109504591054458,-2.1819349155536516
3121803,MG,Sudeste,0,0,1,1.9620208988291954,-1.6233970661693728
3121902,MG,Sudeste,0,0,1,-0.31707395917863296,-0.7183707910917202
3122009,MG,Sudeste,0,0,2,-0.20330388567409668,-0.4062365025421596
3122108,MG,Sudeste,0,0,2,0.8726796752007984,-2.243487647530047
3122207,MG,Sudeste,0,0,1,-0.5412910165984405,-1.4690177205538288
3122306,MG,Sudeste,0,0,2,0.9577009810908677,2.9917737546707026
3122355,MG,Sudeste,0,0,1,0.5225643553457092,0.45820369331298033
3122405,MG,Sudeste,0,0,1,1.0278570896440864,-1.0294155690122075
3122454,MG,Sudeste,0,0,1,-1.4142133895573887,-1.2057216462206812
3122470,MG,Sudeste,0,0,2,1.4701605443034358,-2.342858867266959
3122504,MG,Sudeste,0,0,1,0.8565767119174185,-1.3646203914217536
3122603,MG,Sudeste,0,0,1,1.489762655712721,-1.2973084281995986
3122702,MG,Sudeste,0,0,1,2.448077257771371,-0.7805830141089055
3122801,MG,Sudeste,0,0,1,-0.48328011759809325,-2.9439091003068136
3122900,MG,Sudeste,0,0,1,0.21268799454097542,-1.325483318857877
3123007,MG,Sudeste,0,0,1,2.1677822825081106,1.2326096982541401
3123106,MG,Sudeste,0,0,1,2.3366931504090767,0.8858689739941714
3123205,MG,Sudeste,0,0,1,1.318890618202578,0.3399099639684005
3123304,MG,Sudeste,0,0,1,1.4596068974598688,-2.5293455603795554
3123403,MG,Sudeste,0,0,1,3.439330142877994,-0.9412475475252775
3123502,MG,Sudeste,0,0,1,3.588727642050475,-1.1633089730193202
3123528,MG,Sudeste,0,0,2,-0.500364994819827,-0.32860910842593494
3123601,MG,Sudeste,0,0,1,0.7056355762687974,0.3334654728927068
3123700,MG,Sudeste,0,0,1,1.4518238120503137,-0.6100808029420607
3123809,MG,Sudeste,0,0,1,0.5406556666199809,-1.1506827784064135
3123858,MG,Sudeste,0,0,1,-0.5203144627635662,-0.8932618880450772
3123908,MG,Sudeste,0,0,2,1.1821279339472848,-0.20091909761449955
3124005,MG,Sudeste,0,0,1,-0.7336261645480728,-0.433500422969675
3124104,MG,Sudeste,0,0,2,-0.7168822797754473,1.164110024130584
3124203,MG,Sudeste,0,0,2,-0.2261248578496774,0.5196013647078992
3124302,MG,Sudeste,0,0,2,-0.9037025374265664,0.7736096991411484
3124401,MG,Sudeste,0,0,1,-0.44478140332984956,-1.006642087396345
3124500,MG,Sudeste,0,0,2,0.9255511881700991,-0.41480828459239644
3124609,MG,Sudeste,0,0,1,1.4953040317828634,-2.1990239360790156
3124708,MG,Sudeste,0,0,1,2.5192480183154142,-3.1926023073549876
3124807,MG,Sudeste,0,0,2,2.1275639772955737,-0.9027896141421363
3124906,MG,Sudeste,0,0,1,1.0793167606832337,-0.05026800617567104
3125002,MG,Sudeste,0,0,1,0.12152495284355128,-1.7489831317594007
3125101,MG,Sudeste,0,0,1,1.4696841149915372,3.0802830107227197
3125200,MG,Sudeste,0,0,1,1.067219506328322,-2.071274368977403
3125309,MG,Sudeste,0,0,1,-0.08691334785940327,-2.4623308972556432
3125408,MG,Sudeste,0,0,1,0.45029009807955656,-1.5163399885187863
3125507,MG,Sudeste,0,0,1,1.6170275694981775,-1.5253553540720546
3125606,MG,Sudeste,0,0,1,-1.9599653473546375,-0.8751325914164048
3125705,MG,Sudeste,0,0,1,-0.4982159633507506,-0.6179161243250453
3125804,MG,Sudeste,0,0,1,-0.7722212083164741,-2.5031311977949846
3125903,MG,Sudeste,0,0,2,-0.23781587537348767,-0.9292650023317363
3125952,MG,Sudeste,0,0,1,0.44095502597776837,-1.1359934217287704
3126000,MG,Sudeste,0,0,1,1.2488641858578253,-0.8395608172961909
3126109,MG,Sudeste,0,0,2,1.2038695354246052,1.8731735587614649
3126208,MG,Sudeste,0,0,2,1.6470727775384595,-0.6399133276412164
3126307,MG,Sudeste,0,0,1,2.0518689297535064,-0.49747858787881205
3126406,MG,Sudeste,0,0,1,1.2485430979362127,-1.8901172955149368
3126505,MG,Sudeste,0,0,1,-0.6458875485058656,-0.267741532068464
3126604,MG,Sudeste,0,0,1,0.5564923930470427,-2.1583637355499885
3126703,MG,Sudeste,0,0,2,0.2582578275619028,0.42743320736001367
3126752,MG,Sudeste,0,0,2,0.25346438906965346,-1.0656629342685509
3126802,MG,Sudeste,0,0,1,-0.7898151736117756,-1.600796040684543
3126901,MG,Sudeste,0,0,1,-0.8008413344785857,-0.5563306073403548
3126950,MG,Sudeste,0,0,1,-0.6731206201515088,-1.7668442625712075
3127008,MG,Sudeste,0,0,1,2.5417288323277467,2.8852691329317297
3127057,MG,Sudeste,0,0,2,-0.35628345618242807,-2.1887590481280483
3127073,MG,Sudeste,0,0,1,-1.3398222137381621,-1.9801967641110612
3127107,MG,Sudeste,0,0,1,1.0975708761143597,2.0434996088781285
3127206,MG,Sudeste,0,0,2,2.428855985808164,-1.2738295369570838
3127305,MG,Sudeste,0,0,1,-0.7718453453676231,-0.39575856190137015
3127339,MG,Sudeste,0,0,2,-0.1570349646040485,-2.495228491688912
3127354,MG,Sudeste,0,0,1,-0.2269463425683188,-3.1437170261654748
3127370,MG,Sudeste,0,0,1,1.7007553877036106,-2.4836813155569133
3127388,MG,Sudeste,0,0,1,2.1798140120924807,-1.4731015751028171
3127404,MG,Sudeste,0,0,1,1.4595741843854366,-1.2379460320541005
3127503,MG,Sudeste,0,0,1,-1.4358877938920087,-2.3581380739855855
3127602,MG,Sudeste,0,0,1,-0.2861118492702498,-0.3852562247426499
3127701,MG,Sudeste,0,0,2,0.25054872652617927,2.6277197912926056
3127800,MG,Sudeste,0,0,1,-0.0795058210239002,1.3117259161732162
3127909,MG,Sudeste,0,0,1,2.58470559914213,-2.0964414131464566
3128006,MG,Sudeste,0,0,2,0.90307390326894,1.1901944055307814
3128105,MG,Sudeste,0,0,1,1.3309892201649607,-0.1716967494250395
3128204,MG,Sudeste,0,0,2,-0.11481048400033873,-2.112733549226386
3128253,MG,Sudeste,0,0,1,-0.30077194993890366,-1.900341638017068
3128303,MG,Sudeste,0,0,1,2.251176488303042,0.8808756348746746
3128402,MG,Sudeste,0,0,1,1.5004396294680367,-0.28908311541699083
3128501,MG,Sudeste,0,0,1,1.6892208348404691,-0.635683197704421
3128600,MG,Sudeste,0,0,1,2.3220354154324117,-0.9455601459145873
3128709,MG,Sudeste,0,0,1,1.839648458994803,2.052416766661842
3128808,MG,Sudeste,0,0,1,1.344161924399771,-0.2184198458291054
3128907,MG,Sudeste,0,0,1,0.9257884159072389,0.8216191546392848
3129004,MG,Sudeste,0,0,1,-0.14763303016096674,-1.724814071408207
3129103,MG,Sudeste,0,0,1,0.8914418160329692,-1.3850318765444505
3129202,MG,Sudeste,0,0,1,2.1163387700770118,-0.5325863533207413
3129301,MG,Sudeste,0,0,1,-1.5730063488252628,-0.07397111483820765
3129400,MG,Sudeste,0,0,1,2.215550379265124,-1.2217699340527723
3129509,MG,Sudeste,0,0,1,1.0231405346158873,0.5201103111350787
3129608,MG,Sudeste,0,0,1,-0.5959646313350987,-1.5392326565541599
3129657,MG,Sudeste,0,0,2,-0.9327087719333641,-1.9326527975096672
3129707,MG,Sudeste,0,0,2,2.333882406198591,1.652172069677924
3129806,MG,Sudeste,0,0,2,0.31791994177544974,2.432141332921501
3129905,MG,Sudeste,0,0,1,1.5791567570333878,-1.9021257349539387
3130002,MG,Sudeste,0,0,1,2.0087418506441543,-1.9143526270147746
3130051,MG,Sudeste,0,0,2,-0.6664125070314626,-1.1510915281435015
3130101,MG,Sudeste,0,0,1,0.16334603773594875,1.417195074831532
3130200,MG,Sudeste,0,0,1,-0.031649004986714656,1.5701385834108228
3130309,MG,Sudeste,0,0,1,1.459736377282348,0.5373009838129256
3130408,MG,Sudeste,0,0,1,3.549147587233695,1.4412454602170899
3130507,MG,Sudeste,0,0,1,1.61494938982882,-0.3572732856139623
3130556,MG,Sudeste,0,0,1,-1.0642691915367328,-3.309579521193168
3130606,MG,Sudeste,0,0,1,1.6693902775389926,-1.2151852140105932
3130655,MG,Sudeste,0,0,1,-1.6256722038135172,-1.3531252336049546
3130705,MG,Sudeste,0,0,1,2.833359140032539,0.4834022915838071
3130804,MG,Sudeste,0,0,1,1.9646999979532669,-1.9015040178932667
3130903,MG,Sudeste,0,0,1,-1.882662738602882,0.1967784284864419
3131000,MG,Sudeste,0,0,1,-0.2431245018671376,-1.0152474071085316
3131109,MG,Sudeste,0,0,1,-0.9049005381442718,-1.2061558024999404
3131158,MG,Sudeste,0,0,1,-1.7647809784889494,-0.1380904101855862
3131208,MG,Sudeste,0,0,1,-0.4042847737366667,0.7399130127048257
3131307,MG,Sudeste,0,0,2,1.328303710636933,3.850966375965278
3131406,MG,Sudeste,0,0,1,3.088659634641311,-1.0219688887955554
3131505,MG,Sudeste,0,0,1,-0.6707207017083645,-0.13596923346643708
3131604,MG,Sudeste,0,0,1,0.29763862155478743,-1.0834480111631775
3131703,MG,Sudeste,0,0,2,2.162510576007474,3.9289164962435836
3131802,MG,Sudeste,0,0,1,-1.9844670446744141,-0.39294204919894987
3131901,MG,Sudeste,0,0,2,2.954004740555663,3.8290853658081283
3132008,MG,Sudeste,0,0,1,-0.013151734804771413,-2.0165368543458224
3132107,MG,Sudeste,0,0,2,0.11718651466961766,-0.4419350013335466
3132206,MG,Sudeste,0,0,1,0.25302361473911184,0.38959023280402505
3132305,MG,Sudeste,0,0,2,-1.3336200210727025,-0.42290611736723493
3132404,MG,Sudeste,0,0,1,0.6695035534137883,2.567106021096384
3132503,MG,Sudeste,0,0,2,-0.3261309640428638,0.42783330744021963
3132602,MG,Sudeste,0,0,1,1.0748394139150812,-1.4961180306749455
3132701,MG,Sudeste,0,0,2,-0.2899744409065143,0.2753634429453253
3132800,MG,Sudeste,0,0,1,0.8310076028870268,-1.681837470607172
3132909,MG,Sudeste,0,0,1,2.0650376177490126,-0.24144776885753447
3133006,MG,Sudeste,0,0,1,0.6055240756725379,2.327054445466554
3133105,MG,Sudeste,0,0,2,2.5309459546772226,-0.112759724659817
3133204,MG,Sudeste,0,0,1,-0.40499818109729874,-0.8774200436899837
3133303,MG,Sudeste,0,0,2,0.22780647521519315,0.3757864513282092
3133402,MG,Sudeste,0,0,1,2.114081124987319,0.567984935553584
3133501,MG,Sudeste,0,0,2,1.5843804783943558,0.3845507507151111
3133600,MG,Sudeste,0,0,1,0.1508933342663642,0.9278991103386409
3133709,MG,Sudeste,0,0,2,3.748214918848811,2.53451384021424
3133758,MG,Sudeste,0,0,1,2.1422612825574157,2.367449397166361
3133808,MG,Sudeste,0,0,2,1.1527117996402463,2.824951889598551
3133907,MG,Sudeste,0,0,2,0.1272535552611025,-0.9682101205304281
3134004,MG,Sudeste,0,0,2,-0.8916196684403079,-0.12823299521435247
3134103,MG,Sudeste,0,0,2,0.7805173882371933,-1.2660464585863105
3134202,MG,Sudeste,0,0,2,1.5808350854662405,2.3646904719441912
3134301,MG,Sudeste,0,0,2,1.292872229243277,-1.53729383489037
3134400,MG,Sudeste,0,0,1,2.373557431898053,2.6670091562164187
3134509,MG,Sudeste,0,0,1,3.384820590383658,0.24275583554560576
3134608,MG,Sudeste,0,0,1,-0.9789384743866725,0.22566322874264966
3134707,MG,Sudeste,0,0,1,-1.243730062109156,-0.41263203856675224
3134806,MG,Sudeste,0,0,1,1.1979130523671715,-0.8522070433463135
3134905,MG,Sudeste,0,0,1,1.3402177271882907,1.3482050475471266
3135001,MG,Sudeste,0,0,1,1.4647826420245746,-0.13859334689982336
3135050,MG,Sudeste,0,0,2,0.07574933373270985,0.10239303205431935
3135076,MG,Sudeste,0,0,1,-0.52735684830688,-1.671101637586753
3135100,MG,Sudeste,0,0,2,0.22226773310470394,1.3165700583355322
3135209,MG,Sudeste,0,0,2,-1.765350141786818,1.5519284805469127
3135308,MG,Sudeste,0,0,2,1.9589113228282318,-1.9374213660598325
3135357,MG,Sudeste,0,0,2,-0.20408316869463167,-1.2277439440241336
3135407,MG,Sudeste,0,0,1,3.49091171812398,1.6005491977325794
3135456,MG,Sudeste,0,0,1,-0.36212379007850726,-0.3375120701069063
3135506,MG,Sudeste,0,0,2,0.7947009447797264,-0.49700219090345976
3135605,MG,Sudeste,0,0,1,0.7044635278884258,-0.7679222139614299
3135704,MG,Sudeste,0,0,1,1.7544783631222545,-1.434862899294547
3135803,MG,Sudeste,0,0,2,-0.8475633550068151,-0.4556034833780887
3135902,MG,Sudeste,0,0,1,-0.4389459384088421,-1.013566792201387
3136009,MG,Sudeste,0,0,2,-0.029954362579571927,-1.1532784653689017
3136108,MG,Sudeste,0,0,1,1.6184759165269393,-0.33851422687434396
3136207,MG,Sudeste,0,0,2,1.8582996838316617,3.028809820731959
3136306,MG,Sudeste,0,0,2,1.1538765924322356,1.6771796080593235
3136405,MG,Sudeste,0,0,1,1.7569312164233755,-0.9986898549160529
3136504,MG,Sudeste,0,0,1,1.0188823803794866,-0.7212767949991449
3136520,MG,Sudeste,0,0,1,-1.425042828118048,-1.5017655068817597
3136553,MG,Sudeste,0,0,1,0.012482443312728188,-1.6523937981752381
3136579,MG,Sudeste,0,0,1,-1.5515884534524846,-2.063038375428259
3136603,MG,Sudeste,0,0,1,1.581983684182824,-0.9788920403664851
3136652,MG,Sudeste,0,0,1,2.0024493205712344,2.509857907435709
3136702,MG,Sudeste,0,0,2,0.6509752876939324,3.5223215517693953
3136801,MG,Sudeste,0,0,1,-1.1328117251284722,-1.869998602241217
3136900,MG,Sudeste,0,0,1,-0.40510602922178496,-0.4449556535100571
3136959,MG,Sudeste,0,0,2,0.4418781958737431,-2.227067226201648
3137007,MG,Sudeste,0,0,1,-4.384615210740838,0.913769710338033
3137106,MG,Sudeste,0,0,1,2.102056233445346,-1.0578379380921177
3137205,MG,Sudeste,0,0,2,2.089714732685718,2.710152093124862
3137304,MG,Sudeste,0,0,1,1.5991874108022848,-1.1486541396104504
3137403,MG,Sudeste,0,0,1,-0.6690330864606915,-0.6891538999140454
3137502,MG,Sudeste,0,0,1,1.6318048431482222,0.17657209617177885
3137536,MG,Sudeste,0,0,1,0.6195107096728477,0.2844373973931166
3137601,MG,Sudeste,0,0,2,1.4044158345180366,2.3645883971377204
3137700,MG,Sudeste,0,0,1,-1.7843643524708623,-0.09106727698165795
3137809,MG,Sudeste,0,0,2,0.4476633468087966,0.5171935613611248
3137908,MG,Sudeste,0,0,1,1.8361010030156135,-1.389768912538901
3138005,MG,Sudeste,0,0,1,-1.0242723002998246,-1.2228441171756994
3138104,MG,Sudeste,0,0,1,0.15701852275466388,-1.9564099264447241
3138203,MG,Sudeste,0,0,2,0.8709616766956689,2.0965345600224197
3138302,MG,Sudeste,0,0,1,1.9492963259265088,-1.1106324642329652
3138351,MG,Sudeste,0,0,2,0.7472108006609477,-1.69749678297689
3138401,MG,Sudeste,0,0,2,0.43974753296780283,0.8035348392452702
3138500,MG,Sudeste,0,0,1,1.7743920091177063,-1.5640035105484538
3138609,MG,Sudeste,0,0,1,0.007031478197791484,-0.08417139242498696
3138625,MG,Sudeste,0,0,1,2.3993197960070107,0.41706768192251764
3138658,MG,Sudeste,0,0,1,-0.49036070671939214,-1.0418685103514143
3138674,MG,Sudeste,0,0,1,-1.943595317531595,-0.5831040546157505
3138682,MG,Sudeste,0,0,2,-1.0549283838700576,-1.2259686342933673
3138708,MG,Sudeste,0,0,1,2.442294452291529,-0.9293199515743574
3138807,MG,Sudeste,0,0,2,1.9803289053263684,0.2020765645388735
3138906,MG,Sudeste,0,0,1,0.19238950301037955,-0.2861376326975096
3139003,MG,Sudeste,0,0,2,2.0117365995575796,0.8705241112282418
3139102,MG,Sudeste,0,0,1,1.8848615355266678,-1.0082320085377516
3139201,MG,Sudeste,0,0,2,0.3095269004393006,-0.23007793877602162
3139250,MG,Sudeste,0,0,1,-2.683622668553375,-1.2184257889775931
3139300,MG,Sudeste,0,0,2,-0.6534475393366008,-0.040666996791225124
3139409,MG,Sudeste,0,0,2,0.106615164025984,2.721512264722257
3139508,MG,Sudeste,0,0,1,0.0639395546414294,0.6125650516249683
3139607,MG,Sudeste,0,0,1,-0.05308834487212746,0.7583904020842059
3139706,MG,Sudeste,0,0,1,0.9495968158243746,-0.10100736081183036
3139805,MG,Sudeste,0,0,2,1.3475531233740112,0.2510238085015549
3139904,MG,Sudeste,0,0,1,0.36445466397560794,-0.7690658192349953
3140001,MG,Sudeste,0,0,2,1.484348227663608,2.758155187712857
3140100,MG,Sudeste,0,0,1,1.3270176747741596,-1.7285986471195718
3140159,MG,Sudeste,0,0,1,0.2605424016759658,0.09481602005973556
3140209,MG,Sudeste,0,0,1,2.648155173690918,-1.298758172972656
3140308,MG,Sudeste,0,0,1,0.8286244707192723,-1.4881372548207878
3140407,MG,Sudeste,0,0,1,-0.9069858239500879,-2.277785768855143
3140506,MG,Sudeste,0,0,2,1.2468933206361492,0.6961620446564444
3140530,MG,Sudeste,0,0,1,-0.8367595095525142,0.8335098770059329
3140555,MG,Sudeste,0,0,2,0.12440431062716285,-0.9186688179409638
3140605,MG,Sudeste,0,0,1,1.0851289969797913,-2.4071452996595646
3140704,MG,Sudeste,0,0,1,0.08510673297688082,1.2255172891309845
3140803,MG,Sudeste,0,0,1,2.531640106000013,0.8659660089562801
3140852,MG,Sudeste,0,0,1,-2.054809534420431,-0.6182451753197883
3140902,MG,Sudeste,0,0,2,0.6901318579393632,0.07344647253667305
3141009,MG,Sudeste,0,0,2,-0.41599894217412925,-0.08330179768240034
3141108,MG,Sudeste,0,0,2,1.5628732315560094,2.3301755935070316
3141207,MG,Sudeste,0,0,1,1.52338936543706,-1.4008603330715022
3141306,MG,Sudeste,0,0,1,2.1370564597742954,-2.001494991893689
3141405,MG,Sudeste,0,0,2,-0.722713064815838,-0.3189437480717067
3141504,MG,Sudeste,0,0,1,-0.4926560039295194,-1.6376619201161329
3141603,MG,Sudeste,0,0,1,0.10966795169913106,-0.9883817455772935
3141702,MG,Sudeste,0,0,1,-1.0401527392333672,-1.6199758397265325
3141801,MG,Sudeste,0,0,1,-3.1304305413322964,0.17836515484035453
3141900,MG,Sudeste,0,0,1,3.074005637147557,-0.3010478257758074
3142007,MG,Sudeste,0,0,2,0.848925686307661,-1.0939130019641838
3142106,MG,Sudeste,0,0,1,-0.20669079291353554,-1.774644057404603
3142205,MG,Sudeste,0,0,2,1.1054081485391678,0.2922372742925322
3142254,MG,Sudeste,0,0,2,-0.4485465583049059,-2.202389549346852
3142304,MG,Sudeste,0,0,1,-1.4370860127829583,-1.562416080296055
3142403,MG,Sudeste,0,0,1,0.03279624075822307,-0.045208764027399595
3142502,MG,Sudeste,0,0,2,1.4636741226715446,-0.28402068999153324
3142601,MG,Sudeste,0,0,1,1.6578660094902762,-0.1721978692116789
3142700,MG,Sudeste,0,0,2,-1.1209660613776462,-0.8198166262597666
3142809,MG,Sudeste,0,0,1,0.339831529503398,-0.19058582313553848
3142908,MG,Sudeste,0,0,2,-1.030462507726286,0.7674449470876729
3143005,MG,Sudeste,0,0,1,0.595527111102503,0.19797464638981588
3143104,MG,Sudeste,0,0,2,1.0015237674618276,0.9980565195322684
3143153,MG,Sudeste,0,0,1,-2.6679005591313314,-1.1729822769589535
3143203,MG,Sudeste,0,0,1,2.0631656074518614,0.32400873786400397
3143302,MG,Sudeste,0,0,2,0.12436728450510287,3.3394588066023148
3143401,MG,Sudeste,0,0,1,0.3914890108817291,0.1971718290864984
3143450,MG,Sudeste,0,0,1,-1.1266916552064283,-1.7607033503052654
3143500,MG,Sudeste,0,0,1,0.4628099915691911,-0.29415146481686816
3143609,MG,Sudeste,0,0,1,-0.16812020101846933,-1.8447710071555874
3143708,MG,Sudeste,0,0,1,-1.4257362217142626,-1.863085711259288
3143807,MG,Sudeste,0,0,1,-0.8194645423774176,-0.7045382663189843
3143906,MG,Sudeste,0,0,2,0.38847064950662735,1.790480345755332
3144003,MG,Sudeste,0,0,2,-0.39986672316414323,0.9985205708349475
3144102,MG,Sudeste,0,0,1,0.881967810231718,0.11904668564867085
3144201,MG,Sudeste,0,0,1,0.5506561467133398,-3.0709199176372497
3144300,MG,Sudeste,0,0,2,0.7782731030390306,1.2520201303811958
3144359,MG,Sudeste,0,0,1,0.35246273887032337,-0.5300757080326542
3144375,MG,Sudeste,0,0,1,0.8471596771080065,-1.4618380620893106
3144409,MG,Sudeste,0,0,1,-0.443349199774733,-1.8657284523337034
3144508,MG,Sudeste,0,0,1,3.4812491021820144,1.573711983281926
3144607,MG,Sudeste,0,0,1,-0.2391008034733421,-0.06703005594668456
3144656,MG,Sudeste,0,0,1,-1.3593404952970864,-1.5992553181416946
3144672,MG,Sudeste,0,0,1,-1.3710372620074764,-0.971476699135411
3144706,MG,Sudeste,0,0,1,1.067097186504482,0.713922879839794
3144805,MG,Sudeste,0,0,1,2.1568320493830417,3.9313672720917983
3144904,MG,Sudeste,0,0,1,-1.4209123622763105,-2.734340352781217
3145000,MG,Sudeste,0,0,1,2.6306922748817483,1.9208284224106047
3145059,MG,Sudeste,0,0,1,0.5306233907706086,-1.192022036689775
3145109,MG,Sudeste,0,0,1,-0.11084007801027228,-0.5819953131943877
3145208,MG,Sudeste,0,0,1,0.9112646097193212,2.8855045449027443
3145307,MG,Sudeste,0,0,2,-1.925675417375025,0.552061475155715
3145356,MG,Sudeste,0,0,2,-0.4943727617356674,-0.7845266064589145
3145372,MG,Sudeste,0,0,1,-2.054266695637704,-1.3853306586600744
3145406,MG,Sudeste,0,0,1,0.5643015881598307,-5.004959611721367
3145455,MG,Sudeste,0,0,1,-0.48833053240442026,-0.4339787466582108
3145505,MG,Sudeste,0,0,1,2.149108134658857,-1.8142925152899847
3145604,MG,Sudeste,0,0,2,0.8489673354521193,1.1440614617689695
3145703,MG,Sudeste,0,0,1,0.26350714010789444,-2.0348916471327927
3145802,MG,Sudeste,0,0,1,2.8868588467691865,-3.343295570333128
3145851,MG,Sudeste,0,0,1,0.5967467543465947,-0.8372538875152098
3145877,MG,Sudeste,0,0,1,-1.8239630116022094,-0.17189193433741093
3145901,MG,Sudeste,0,0,1,2.516087389502966,3.558544635176085
3146008,MG,Sudeste,0,0,2,1.2553662909262886,0.6848808226506294
3146107,MG,Sudeste,0,0,2,1.75503504549891,3.1519729151134563
3146206,MG,Sudeste,0,0,1,-1.9397736163494481,-1.0237147844598609
3146255,MG,Sudeste,0,0,2,-0.34774761874026705,-2.4154640535253025
3146305,MG,Sudeste,0,0,2,-0.9718286408393008,-0.5740549554587892
3146404,MG,Sudeste,0,0,1,1.9739153194686119,-0.9352550726623199
3146503,MG,Sudeste,0,0,1,2.4505498121748857,1.3435189132577292
3146552,MG,Sudeste,0,0,1,-0.21814377332837542,-2.2151412998225224
3146602,MG,Sudeste,0,0,1,0.767095868745187,-2.9023664007924124
3146701,MG,Sudeste,0,0,1,-0.27069522415150044,-0.8531288193677895
3146750,MG,Sudeste,0,0,2,0.758157535489492,-1.7989836743578658
3146909,MG,Sudeste,0,0,2,2.150710271935961,-0.6171249408854843
3147006,MG,Sudeste,0,0,2,1.3999252454921058,2.9995346638297407
3147105,MG,Sudeste,0,0,2,1.2770818817361942,2.6714543358196643
3147204,MG,Sudeste,0,0,1,1.45364455339231,0.9276098290612468
3147303,MG,Sudeste,0,0,1,2.4366999685618076,0.653505568517879
3147402,MG,Sudeste,0,0,2,1.3084007762347145,1.0880111357859914
3147501,MG,Sudeste,0,0,1,-0.7239895952434701,-1.5412204934768383
3147600,MG,Sudeste,0,0,2,1.529305114656094,0.7228377837034601
3147709,MG,Sudeste,0,0,1,2.3415522550595513,1.2538636625827
3147808,MG,Sudeste,0,0,1,1.66739042094213,-2.648734703962663
3147907,MG,Sudeste,0,0,2,0.5537777610368192,1.8846162817295777
3147956,MG,Sudeste,0,0,2,-0.3697508561228067,-1.8937268149587303
3148004,MG,Sudeste,0,0,2,0.8834721873525244,2.5807742995116683
3148103,MG,Sudeste,0,0,2,1.4217267717571698,1.8678589761126776
3148202,MG,Sudeste,0,0,1,0.8861147325696536,-0.4747485925811076
3148301,MG,Sudeste,0,0,2,1.3129325859503986,-1.6169588512195072
3148400,MG,Sudeste,0,0,1,-0.0748924847649183,-1.5147634461514605
3148509,MG,Sudeste,0,0,2,-0.7592450337720177,-2.07644284065876
3148608,MG,Sudeste,0,0,2,-0.28125245515420216,-1.053948943889712
3148707,MG,Sudeste,0,0,1,-0.9071580014698805,0.5551932326392086
3148756,MG,Sudeste,0,0,2,-0.33937949069995277,-1.4049780958939908
3148806,MG,Sudeste,0,0,1,1.5914579640727917,-2.181669463746943
3148905,MG,Sudeste,0,0,1,0.4932031872373521,-0.6888550358717077
3149002,MG,Sudeste,0,0,1,1.105267929382589,-2.194175006383663
3149101,MG,Sudeste,0,0,1,-2.1121988854679343,-0.6420746958903785
3149150,MG,Sudeste,0,0,1,-1.9712114433511736,-0.9368614325072164
3149200,MG,Sudeste,0,0,1,3.129604134544254,-1.0495723805347592
3149309,MG,Sudeste,0,0,2,0.9790381520370435,2.227007837497145
3149408,MG,Sudeste,0,0,1,1.1183064905332059,-2.3544232139944175
3149507,MG,Sudeste,0,0,1,0.9835385266260608,-0.9924278739882724
3149606,MG,Sudeste,0,0,1,0.5455782401583669,-1.202236945738264
3149705,MG,Sudeste,0,0,1,0.743701496870292,0.6793734702548581
3149804,MG,Sudeste,0,0,1,2.3106086982740925,0.793153940636298
3149903,MG,Sudeste,0,0,1,1.093908118534084,0.8512253366654232
3149952,MG,Sudeste,0,0,1,0.8302129310263755,-0.36545619657779205
3150000,MG,Sudeste,0,0,1,-0.38378001889534685,-1.717550576164918
3150109,MG,Sudeste,0,0,1,3.4908668239638083,-0.667087864680964
3150158,MG,Sudeste,0,0,1,-0.6462925994678228,-0.9758159218011051
3150208,MG,Sudeste,0,0,1,1.3277433933339895,-1.9274273550611216
3150307,MG,Sudeste,0,0,1,2.309980477932254,-1.2804911214357284
3150406,MG,Sudeste,0,0,1,0.30221168511850655,-1.6871202312393232
3150505,MG,Sudeste,0,0,1,1.7328040188918992,-0.7304259368911001
3150539,MG,Sudeste,0,0,1,1.019923374019912,-1.0463217803042442
3150570,MG,Sudeste,0,0,1,-0.8335163756892514,-1.569022609602426
3150604,MG,Sudeste,0,0,1,1.6446660505992086,0.5956003113080818
3150703,MG,Sudeste,0,0,1,3.4701888997131074,1.202536321992214
3150802,MG,Sudeste,0,0,2,0.1547699713067219,-1.342670307376704
3150901,MG,Sudeste,0,0,1,-0.6277501497649001,-0.4746564694016876
3151008,MG,Sudeste,0,0,1,1.465033762384372,-0.13895656932605016
3151107,MG,Sudeste,0,0,1,2.5082287187587924,1.9139572255959918
3151206,MG,Sudeste,0,0,2,1.7575719498571405,3.0430909820788115
3151305,MG,Sudeste,0,0,2,1.7180329204562441,-0.6096407269638047
3151404,MG,Sudeste,0,0,2,0.451120797649517,0.39953068394873414
3151503,MG,Sudeste,0,0,1,0.8823171934131386,0.9354512103054973
3151602,MG,Sudeste,0,0,1,3.365447135286834,1.7643852488261118
3151701,MG,Sudeste,0,0,1,0.20858430506828834,-0.045301824853711446
3151800,MG,Sudeste,0,0,2,1.539259651078663,2.963540266315279
3151909,MG,Sudeste,0,0,2,-0.36893887537035475,-1.2031777202957932
3152006,MG,Sudeste,0,0,2,1.2796582867414639,1.4341851811322368
3152105,MG,Sudeste,0,0,2,1.5524706864912705,1.664829289925729
3152131,MG,Sudeste,0,0,1,-0.7539070762336434,-1.8629593043475268
3152170,MG,Sudeste,0,0,1,-2.8067047197877915,-1.1131920513451103
3152204,MG,Sudeste,0,0,2,-0.4736029769777601,0.46575539254620146
3152303,MG,Sudeste,0,0,1,0.13869777567222075,-0.5752358188011075
3152402,MG,Sudeste,0,0,2,-0.7244745787498273,-0.69866158534135
3152501,MG,Sudeste,0,0,2,1.6172326710432834,2.8460724740123178
3152600,MG,Sudeste,0,0,1,2.599405490301526,0.21977997974131572
3152709,MG,Sudeste,0,0,1,1.0210910143428218,-0.19623366580229878
3152808,MG,Sudeste,0,0,1,0.3815981308977574,1.09283938867692
3152907,MG,Sudeste,0,0,2,2.2653926207835506,-1.0799605290452672
3153004,MG,Sudeste,0,0,1,1.5730960677893955,-1.7239429086405196
3153103,MG,Sudeste,0,0,1,-2.8360768672765326,-1.315913153703446
3153202,MG,Sudeste,0,0,1,0.928630021473317,-1.7690160337310017
3153301,MG,Sudeste,0,0,1,0.3159790962475683,-2.4109924915126473
3153400,MG,Sudeste,0,0,1,0.5506580557643689,-0.027483989418367112
3153509,MG,Sudeste,0,0,1,-1.2452451175774482,-0.4813268552872396
3153608,MG,Sudeste,0,0,2,1.278092851242835,0.6316952666785254
3153707,MG,Sudeste,0,0,1,1.7322701025001446,-2.0482916772279833
3153806,MG,Sudeste,0,0,1,1.735825128802043,-2.2566653467089806
3153905,MG,Sudeste,0,0,1,0.9573817119147525,0.8806262450205153
3154002,MG,Sudeste,0,0,2,0.4235349783453654,0.7299777586393587
3154101,MG,Sudeste,0,0,2,1.2968295334422169,-1.7000233674590797
3154150,MG,Sudeste,0,0,2,0.3400773285011129,-1.4258782813867297
3154200,MG,Sudeste,0,0,1,-0.3825254225124511,-0.4527136152416381
3154309,MG,Sudeste,0,0,1,0.42061834741009974,-0.5933506269451077
3154408,MG,Sudeste,0,0,1,2.0065642840218523,0.09887910774639516
3154457,MG,Sudeste,0,0,1,0.7452748223998469,-1.2218911724106667
3154507,MG,Sudeste,0,0,1,0.17609337169780973,1.3780885940476522
3154606,MG,Sudeste,0,0,2,-0.4574409790537205,2.740128278767027
3154705,MG,Sudeste,0,0,1,0.24528047819794735,-0.9947915606268829
3154804,MG,Sudeste,0,0,1,1.5159835612409236,0.5276156035374548
3154903,MG,Sudeste,0,0,1,-0.543938513486906,-0.47840266284240984
3155009,MG,Sudeste,0,0,1,2.090259822382892,-1.9040206720830042
3155108,MG,Sudeste,0,0,1,-0.40630823237045655,-2.2294719907002016
3155207,MG,Sudeste,0,0,1,1.0429808019508406,-0.48774815285382356
3155306,MG,Sudeste,0,0,1,1.7967799475232686,-1.321364609272706
3155405,MG,Sudeste,0,0,1,0.5901223120467838,-0.1826105706835247
3155504,MG,Sudeste,0,0,1,0.38664416542710217,-0.09389340286976665
3155603,MG,Sudeste,0,0,2,-2.1048392944250796,-0.03743255827063258
3155702,MG,Sudeste,0,0,2,2.5469478508370638,2.006758685413884
3155801,MG,Sudeste,0,0,1,0.2389605721734039,0.8862959168353898
3155900,MG,Sudeste,0,0,1,-0.05221130353712544,-1.5207168035404826
3156007,MG,Sudeste,0,0,2,-1.5279032335853844,-0.7182790997180516
3156106,MG,Sudeste,0,0,1,0.37347862376395824,-1.3545834970362642
3156205,MG,Sudeste,0,0,1,3.6872108581056953,0.5011757400903595
3156304,MG,Sudeste,0,0,1,2.826950499906104,1.7545440082488524
3156403,MG,Sudeste,0,0,1,2.115774617836304,-1.744068796305521
3156452,MG,Sudeste,0,0,1,-0.8964257599897791,-1.6954717869453035
3156502,MG,Sudeste,0,0,1,-1.5576656178351085,-1.1550688338169812
3156601,MG,Sudeste,0,0,1,-0.43628845936625793,-0.8337619741184337
3156700,MG,Sudeste,0,0,1,0.8423950470066784,2.9287903573308136
3156809,MG,Sudeste,0,0,2,0.16132623237945148,-0.7993761373960769
3156908,MG,Sudeste,0,0,2,2.1346707266582663,0.7728502924285765
3157005,MG,Sudeste,0,0,2,-0.09701616311535603,1.3141702854455646
3157104,MG,Sudeste,0,0,1,-0.5874097785628676,-0.3328210104241231
3157203,MG,Sudeste,0,0,1,0.9427575277636369,2.233843915499124
3157252,MG,Sudeste,0,0,1,-0.5656139700659134,-1.3012704072701917
3157278,MG,Sudeste,0,0,1,0.5932677666712232,-2.420703768591497
3157302,MG,Sudeste,0,0,1,1.5147108047510773,-1.7796027568808792
3157336,MG,Sudeste,0,0,1,1.1421205839820274,-0.3317561699510497
3157377,MG,Sudeste,0,0,1,-1.7748985078574746,-1.9724162247443215
3157401,MG,Sudeste,0,0,2,1.695139693408164,-2.443368417264465
3157500,MG,Sudeste,0,0,1,-1.9257890311430144,-1.661957218495953
3157609,MG,Sudeste,0,0,1,0.16418567994264438,-2.3641934511070906
3157658,MG,Sudeste,0,0,2,-1.3265876020093448,-0.8073888745516808
3157708,MG,Sudeste,0,0,1,1.292051547799483,1.4978840585377244
3157807,MG,Sudeste,0,0,2,0.14462512097678595,3.174703095467254
3157906,MG,Sudeste,0,0,1,-2.153268986592048,0.29161248739464735
3158003,MG,Sudeste,0,0,1,0.09269604768649356,1.17052627105089
3158102,MG,Sudeste,0,0,2,0.4558746547956176,-2.151788234848765
3158201,MG,Sudeste,0,0,2,-0.10811983353620193,-0.8389903587707871
3158300,MG,Sudeste,0,0,2,1.9371802515991403,-0.47528974959227055
3158409,MG,Sudeste,0,0,1,1.7586445018628007,-1.7931655016567594
3158508,MG,Sudeste,0,0,1,-0.6335459852424435,-1.658786171505747
3158607,MG,Sudeste,0,0,1,0.5370610133298044,-1.6682934917443843
3158706,MG,Sudeste,0,0,1,2.018552035808152,-2.1474091441644134
3158805,MG,Sudeste,0,0,1,2.558364775120473,-0.20872838276716899
3158904,MG,Sudeste,0,0,1,-1.4607673938854842,-1.3440008156798873
3158953,MG,Sudeste,0,0,1,0.6572864075269381,1.9931818383767637
3159001,MG,Sudeste,0,0,1,0.9141872710548118,-0.7580657857992309
3159100,MG,Sudeste,0,0,1,0.3251818143544107,-2.375870854024562
3159209,MG,Sudeste,0,0,1,1.1265847619275384,-1.4143152818586604
3159308,MG,Sudeste,0,0,1,0.4808736353150227,-1.409330322865358
3159357,MG,Sudeste,0,0,1,1.1209576643474946,-0.04092593206442717
3159407,MG,Sudeste,0,0,1,-1.5983963859324777,-0.9244061272196603
3159506,MG,Sudeste,0,0,1,-1.3874646965787525,-0.2094053798302314
3159605,MG,Sudeste,0,0,2,1.4615835706132352,2.1249265446592855
3159704,MG,Sudeste,0,0,1,0.20697883983822266,-2.546863741766743
3159803,MG,Sudeste,0,0,2,1.5864250502057469,0.5968606304119193
3159902,MG,Sudeste,0,0,1,0.5905883006036357,0.3307901821470994
3160009,MG,Sudeste,0,0,1,1.7007023618932524,-2.2473171041075197
3160108,MG,Sudeste,0,0,1,2.389671187268673,-0.6285822336757795
3160207,MG,Sudeste,0,0,1,-0.07178783516937458,-2.1479528948945354
3160306,MG,Sudeste,0,0,1,-3.4977536091789903,-0.255345951607212
3160405,MG,Sudeste,0,0,1,0.5283786674253464,1.1231985087114313
3160454,MG,Sudeste,0,0,1,-0.7756437664685064,-2.0634585584258165
3160504,MG,Sudeste,0,0,1,0.4761622532541586,-2.8197723619143176
3160603,MG,Sudeste,0,0,1,0.08916677489719742,-2.6230409399496986
3160702,MG,Sudeste,0,0,2,0.4663303557483114,1.6952479731243126
3160801,MG,Sudeste,0,0,1,1.4918162109505255,-0.5114353497143428
3160900,MG,Sudeste,0,0,1,0.8742276730837848,-0.7323963053133704
3160959,MG,Sudeste,0,0,1,0.6836841930197737,-1.7584833219973897
3161007,MG,Sudeste,0,0,1,-0.49559406819323043,-0.22020096056702956
3161056,MG,Sudeste,0,0,1,1.9415266370307853,-1.909409660166115
3161106,MG,Sudeste,0,0,2,-1.0392464938627264,0.526651253077638
3161205,MG,Sudeste,0,0,1,1.656262447443489,-1.0597320243146755
3161304,MG,Sudeste,0,0,1,1.6887460182281555,-0.6895087046475329
3161403,MG,Sudeste,0,0,1,2.027586578451008,-1.2121048722277024
3161502,MG,Sudeste,0,0,2,1.8680183853439896,0.8170577560705773
3161601,MG,Sudeste,0,0,1,0.8924605391831704,-2.345939241229564
3161650,MG,Sudeste,0,0,1,-0.2602510890012401,-1.2589837027868063
3161700,MG,Sudeste,0,0,1,0.7182399120476252,-0.730674475062097
3161809,MG,Sudeste,0,0,1,1.451584675414508,0.09968813853822643
3161908,MG,Sudeste,0,0,1,3.000307966198816,2.245333271953285
3162005,MG,Sudeste,0,0,2,1.8289345759333928,0.643256441547149
3162104,MG,Sudeste,0,0,2,1.1101118391794007,1.180244096409635
3162203,MG,Sudeste,0,0,1,2.4450865482811057,-0.13223431601916738
3162252,MG,Sudeste,0,0,1,0.8622669309690493,-1.3629783474765145
3162302,MG,Sudeste,0,0,1,-0.26069369413086385,-2.5968909227837047
3162401,MG,Sudeste,0,0,1,-2.0114727761758355,-0.24069570853099226
3162450,MG,Sudeste,0,0,1,-0.20653680208688574,-1.4414024229485503
3162500,MG,Sudeste,0,0,2,1.1507053928351285,2.061701387486523
3162559,MG,Sudeste,0,0,1,0.3646558296331305,-0.5907079064261784
3162575,MG,Sudeste,0,0,1,-0.5596130974268105,-0.99877539436715
3162609,MG,Sudeste,0,0,1,1.2055050082154206,-0.7905433765659265
3162658,MG,Sudeste,0,0,1,-0.15512891462384423,-2.427826935392725
3162708,MG,Sudeste,0,0,1,-2.025734325911903,-0.8410021728021815
3162807,MG,Sudeste,0,0,1,-0.80002915336912,-0.2053277519199584
3162906,MG,Sudeste,0,0,1,1.2091602921116877,0.41617893581152093
3162922,MG,Sudeste,0,0,1,0.46377053863424444,1.5152227717994105
3162948,MG,Sudeste,0,0,1,3.212198710761937,2.185640371237026
3162955,MG,Sudeste,0,0,1,1.0492671980624406,1.8424885973511418
3163003,MG,Sudeste,0,0,1,-0.6575422866359377,-1.370352883898245
3163102,MG,Sudeste,0,0,1,0.3429843962903201,-1.2507351257458017
3163201,MG,Sudeste,0,0,1,1.8437181450175686,-1.3156155568416812
3163300,MG,Sudeste,0,0,2,0.3096982344900568,-2.2680487910051346
3163409,MG,Sudeste,0,0,1,-0.10689184273216577,-1.7164348407198282
3163508,MG,Sudeste,0,0,1,-0.4754339470066584,-1.0154546411657772
3163607,MG,Sudeste,0,0,1,-0.019133653231258343,-2.3648393692315564
3163706,MG,Sudeste,0,0,1,0.6608082262010521,1.0810925113156313
3163805,MG,Sudeste,0,0,1,0.7567133006070648,-1.4656278394502482
3163904,MG,Sudeste,0,0,1,0.8536597948309252,-1.6821576034383916
3164001,MG,Sudeste,0,0,1,0.5437624240021804,-0.5110212371727555
3164100,MG,Sudeste,0,0,2,1.0403384823238573,-1.1659687513449257
3164209,MG,Sudeste,0,0,1,-0.034224899960297206,-1.4775259444811941
3164308,MG,Sudeste,0,0,1,0.4923201598142093,-1.0329714748649916
3164407,MG,Sudeste,0,0,1,1.4907509415221685,0.6292748628489832
3164431,MG,Sudeste,0,0,1,0.472320794492504,-2.3184521236349545
3164472,MG,Sudeste,0,0,1,1.02620283790055,-1.4103884529472472
3164506,MG,Sudeste,0,0,1,0.4196585902668837,-1.25593215921117
3164605,MG,Sudeste,0,0,1,2.3538520736565274,1.2453368695517197
3164704,MG,Sudeste,0,0,1,0.7487453832318283,2.0915075484359185
3164803,MG,Sudeste,0,0,1,1.1216405485937617,-2.626372557861025
3164902,MG,Sudeste,0,0,1,0.19812371880668228,-1.7632804924599708
3165008,MG,Sudeste,0,0,2,1.208991491317847,-0.5876319123806009
3165107,MG,Sudeste,0,0,1,2.522564991101998,-0.4905883013138742
3165206,MG,Sudeste,0,0,2,1.502729803143422,-1.527663406473382
3165305,MG,Sudeste,0,0,1,2.6788313237408294,-0.06021567184012444
3165404,MG,Sudeste,0,0,1,-1.0950476624568048,-0.12967983232465824
3165503,MG,Sudeste,0,0,1,0.1862174730101074,-2.2399785432062473
3165537,MG,Sudeste,0,0,1,1.5548929467626869,2.5854603984254183
3165552,MG,Sudeste,0,0,2,-4.00975510793074,3.5073260658488437
3165560,MG,Sudeste,0,0,1,0.01308124022944611,-2.1842173592295997
3165578,MG,Sudeste,0,0,2,1.7852872948346274,-0.8074664894922202
3165602,MG,Sudeste,0,0,1,0.41682879417667396,-2.475193278206613
3165701,MG,Sudeste,0,0,1,0.9303416111140398,-1.0908079885351347
3165800,MG,Sudeste,0,0,1,2.8932172173737247,-2.880617860458417
3165909,MG,Sudeste,0,0,1,-0.9074912608267142,-1.953804042340522
3166006,MG,Sudeste,0,0,1,0.6035688463285069,-1.7782320845112023
3166105,MG,Sudeste,0,0,1,-0.19593465363693607,-2.6372983289083978
3166204,MG,Sudeste,0,0,2,-0.4483749706594346,-1.3824366020992893
3166303,MG,Sudeste,0,0,1,-0.7683243351079757,-2.0405294283564923
3166402,MG,Sudeste,0,0,1,0.8649821648382149,-1.6551797011501608
3166501,MG,Sudeste,0,0,1,1.3108901408669027,-1.7523029168847464
3166600,MG,Sudeste,0,0,1,3.3980594485605136,-3.633870659761521
3166709,MG,Sudeste,0,0,1,-0.7885901111517521,-1.5248585281048366
3166808,MG,Sudeste,0,0,1,1.4746707671390897,0.005458573648698027
3166907,MG,Sudeste,0,0,1,2.228559357000951,-0.042509061355486696
3166956,MG,Sudeste,0,0,1,-0.9532480709985085,-2.4249637327701032
3167004,MG,Sudeste,0,0,1,0.4452033500028617,-2.5841661494426877
3167103,MG,Sudeste,0,0,1,1.030621080805408,0.03403880101106077
3167202,MG,Sudeste,0,0,2,1.0215105044339945,3.493535649252101
3167301,MG,Sudeste,0,0,1,0.6150884187993411,-2.4411813136624136
3167400,MG,Sudeste,0,0,1,1.6594271564256968,-0.35369646114106557
3167509,MG,Sudeste,0,0,1,3.7753019281242324,0.531048075707422
3167608,MG,Sudeste,0,0,2,-0.5066771149848482,-0.7917794104144896
3167707,MG,Sudeste,0,0,1,-1.317780579109056,-1.0086155488745627
3167806,MG,Sudeste,0,0,1,-0.4960658354054408,-0.9611815558684071
3167905,MG,Sudeste,0,0,1,0.21872169590053636,-0.6482201852790963
3168002,MG,Sudeste,0,0,2,0.8220594987912233,1.04940862614069
3168051,MG,Sudeste,0,0,1,-0.9254081467438322,-2.611509948009747
3168101,MG,Sudeste,0,0,1,2.6241891089213176,1.0291348577925583
3168200,MG,Sudeste,0,0,1,1.4263628428936748,-3.6300720919199154
3168309,MG,Sudeste,0,0,1,1.2558090075198807,-0.983020767161119
3168408,MG,Sudeste,0,0,2,0.5396432624086879,-0.8344208068303801
3168507,MG,Sudeste,0,0,2,0.8658429480747978,-0.3685518553622662
3168606,MG,Sudeste,0,0,2,-0.6984213015818086,2.1898574445734895
3168705,MG,Sudeste,0,0,2,1.7676795781877457,2.9276503036090396
3168804,MG,Sudeste,0,0,1,0.3132066458602093,-0.9092447372851162
3168903,MG,Sudeste,0,0,1,0.8979642593687202,-0.3419290808019401
3169000,MG,Sudeste,0,0,1,0.9924424664548191,0.4145842302544238
3169059,MG,Sudeste,0,0,1,0.40041675863314774,-2.738726348194895
3169109,MG,Sudeste,0,0,1,-1.7201551900640788,-1.0082349384661002
3169208,MG,Sudeste,0,0,1,0.45720792212794487,-0.617861301296223
3169307,MG,Sudeste,0,0,1,1.3098867936288754,2.0884388519961803
3169356,MG,Sudeste,0,0,2,2.5596555483869845,2.8578663810148446
3169406,MG,Sudeste,0,0,2,1.6123816124741408,1.5548179301649063
3169505,MG,Sudeste,0,0,1,-0.47203303196005486,-1.3279297046171503
3169604,MG,Sudeste,0,0,1,1.5215305788692726,0.7356343855940319
3169703,MG,Sudeste,0,0,2,1.0795441636670755,0.03417079029135137
3169802,MG,Sudeste,0,0,1,1.7880828915114333,-1.0538111400115142
3169901,MG,Sudeste,0,0,2,0.9678320976701562,2.562638988458032
3170008,MG,Sudeste,0,0,2,-0.891976863488879,-1.7486944672576985
3170057,MG,Sudeste,0,0,2,0.44870319437752443,-1.0854325738636368
3170107,MG,Sudeste,0,0,2,1.617600903663727,3.9060300725064123
3170206,MG,Sudeste,0,0,2,1.1998728698066699,4.504320397900594
3170305,MG,Sudeste,0,0,1,0.17490564517031065,-1.4998226584597838
3170404,MG,Sudeste,0,0,2,1.3125942989424932,1.6174018995561945
3170438,MG,Sudeste,0,0,1,3.0640609168721857,-1.3393661443311997
3170479,MG,Sudeste,0,0,1,1.8009861793186623,-2.1735010172451035
3170503,MG,Sudeste,0,0,2,1.3932991360728086,0.6761882057611285
3170529,MG,Sudeste,0,0,1,-1.4122506175334755,-1.8000412777417518
3170578,MG,Sudeste,0,0,1,-0.6392643160967859,-0.8496746726315312
3170602,MG,Sudeste,0,0,1,-0.03195817480031703,-3.3924128682338304
3170651,MG,Sudeste,0,0,1,-0.18768491227262735,-1.1798887149005852
3170701,MG,Sudeste,0,0,1,0.8564619179685727,3.128792148761517
3170750,MG,Sudeste,0,0,1,0.521307578291104,-0.2520726106977316
3170800,MG,Sudeste,0,0,1,0.7057074670158576,1.7077078930916711
3170909,MG,Sudeste,0,0,2,-1.4669872513319064,-0.6346646690394169
3171006,MG,Sudeste,0,0,2,2.385325159839208,0.8643609864724504
3171030,MG,Sudeste,0,0,2,-0.810643547422257,0.023359799558662662
3171071,MG,Sudeste,0,0,1,1.2698610361505,-1.0861595930557706
3171105,MG,Sudeste,0,0,1,2.862861038102548,-2.4661985328930243
3171154,MG,Sudeste,0,0,1,1.320783492588563,-1.0213006244789757
3171204,MG,Sudeste,0,0,2,0.8160963320947355,2.8893093781782366
3171303,MG,Sudeste,0,0,2,0.3705979828662191,1.376111087632852
3171402,MG,Sudeste,0,0,1,-0.7461296477486976,-2.2415346324559757
3171501,MG,Sudeste,0,0,1,1.2198578712124761,-1.4589890744788214
3171600,MG,Sudeste,0,0,1,-2.8393362679107517,-0.359138488373929
3171709,MG,Sudeste,0,0,1,-0.831295742094718,-0.20824932686041167
3171808,MG,Sudeste,0,0,1,1.2854240906996872,-0.6095536546364955
3171907,MG,Sudeste,0,0,1,0.6881906613670553,-1.7779815415127003
3172004,MG,Sudeste,0,0,2,0.5838651005257013,1.7615595659304997
3172103,MG,Sudeste,0,0,1,-0.743955296190986,0.3295115396195664
3172202,MG,Sudeste,0,0,1,0.9900106401621931,-2.2649705736662757
3200102,ES,Sudeste,0,0,2,-0.5483426610285153,0.5159929820020438
3200136,ES,Sudeste,0,0,1,0.8494892745701816,-0.5895372336272048
3200169,ES,Sudeste,0,0,1,-0.6013205561097672,0.23376590509390563
3200201,ES,Sudeste,0,0,2,0.5652123474049081,0.8564659734280453
3200300,ES,Sudeste,0,0,1,-0.4703880291352357,0.8915479547166826
3200359,ES,Sudeste,0,0,1,-1.2548970883754496,-1.0524364742002235
3200409,ES,Sudeste,0,0,1,0.17451976441482864,1.4027649662265875
3200508,ES,Sudeste,0,0,1,-0.06969655217171516,-1.4639953997472772
3200607,ES,Sudeste,0,0,1,0.7790167291550946,3.702005389736123
3200706,ES,Sudeste,0,0,1,-0.10836276453986857,1.7869842439365164
3200805,ES,Sudeste,0,0,1,0.5031381154646286,1.9652433402772873
3200904,ES,Sudeste,0,0,2,-0.6837734811991187,1.7421539328839328
3201001,ES,Sudeste,0,0,2,0.5494760748480353,-0.7246613037182041
3201100,ES,Sudeste,0,0,1,0.593845015449661,-0.19064997561975755
3201159,ES,Sudeste,0,0,2,0.1482636371786666,-0.6816635932493481
3201209,ES,Sudeste,0,0,1,-0.3842525025824152,3.1172629636996843
3201308,ES,Sudeste,0,0,1,-0.6622993899614735,3.199471666953648
3201407,ES,Sudeste,0,0,1,1.2622225900238604,0.9354047371373109
3201506,ES,Sudeste,0,0,2,0.6521065246072694,2.756847365430394
3201605,ES,Sudeste,0,0,2,-0.9077403259936236,0.7882607200254279
3201704,ES,Sudeste,0,0,1,0.6382404449206506,-0.36247055358895663
3201803,ES,Sudeste,0,0,1,0.1750221256522573,-1.5246621621970349
3201902,ES,Sudeste,0,0,2,0.4642887932694694,1.2576609162616688
3202009,ES,Sudeste,0,0,1,1.3383425449445572,-0.33379454584154233
3202108,ES,Sudeste,0,0,2,-0.281387401660792,0.3773813562953982
3202207,ES,Sudeste,0,0,1,-0.004987980898287025,0.4775495319701446
3202256,ES,Sudeste,0,0,2,-0.2984351503608955,0.5761939458312176
3202306,ES,Sudeste,0,0,1,0.39040127969050087,0.8790706079137481
3202405,ES,Sudeste,0,0,1,-0.5885563047065748,2.533591067954835
3202454,ES,Sudeste,0,0,1,-1.4533767918886926,-0.05855371761906953
3202504,ES,Sudeste,0,0,1,0.087662731546768,0.50266148881372
3202553,ES,Sudeste,0,0,2,1.0305329569554178,-0.996346143898129
3202603,ES,Sudeste,0,0,1,0.5908476822740727,0.2878016352013706
3202652,ES,Sudeste,0,0,1,-1.028734609780979,-0.17748928756909713
3202702,ES,Sudeste,0,0,2,-0.3194505524983423,0.901763739422198
3202801,ES,Sudeste,0,0,2,0.9138922584049795,2.6410680970162144
3202900,ES,Sudeste,0,0,1,-0.15861347795105485,0.7984153276554599
3203007,ES,Sudeste,0,0,2,-0.484802805462537,0.20440421356300612
3203056,ES,Sudeste,0,0,1,-0.5947029816838451,1.571225218953551
3203106,ES,Sudeste,0,0,1,-0.8899115577115566,-0.30862356191836965
3203130,ES,Sudeste,0,0,1,1.0405539713985617,1.289414882662507
3203163,ES,Sudeste,0,0,2,-0.12517333273129902,-0.32830019114950576
3203205,ES,Sudeste,0,0,2,-0.07669313395956807,3.2223522280727273
3203304,ES,Sudeste,0,0,1,-0.286721132608772,-0.4847162964638043
3203320,ES,Sudeste,0,0,1,1.2041614789991877,2.755445953788784
3203346,ES,Sudeste,0,0,1,-0.66066201574247,0.6380651429690786
3203353,ES,Sudeste,0,0,1,-1.0975291474474453,1.048191686100212
3203403,ES,Sudeste,0,0,1,-1.2930172464020244,0.8204535284729815
3203502,ES,Sudeste,0,0,1,0.4654981999289516,0.34320022207519124
3203601,ES,Sudeste,0,0,1,1.0038829798007394,-0.6034626115247983
3203700,ES,Sudeste,0,0,2,0.3988898909956115,-0.41234524735592926
3203809,ES,Sudeste,0,0,1,-0.7135360878514301,-0.32726007445079
3203908,ES,Sudeste,0,0,2,-1.527378958303494,2.0791116558220706
3204005,ES,Sudeste,0,0,2,-1.3164546377276252,-0.26739225617394136
3204054,ES,Sudeste,0,0,2,0.19333046753552158,-0.017096264544704618
3204104,ES,Sudeste,0,0,2,-0.3925153162765966,0.8827170604240882
3204203,ES,Sudeste,0,0,1,0.5766205270840251,1.5499573107854907
3204252,ES,Sudeste,0,0,1,1.306740342175983,-1.0820169277335185
3204302,ES,Sudeste,0,0,1,1.5685864336904758,2.2445228890586573
3204351,ES,Sudeste,0,0,1,-1.5314801777945672,0.5782967538159967
3204401,ES,Sudeste,0,0,1,-1.0720730210190996,0.5423098050004584
3204500,ES,Sudeste,0,0,1,-1.1278863906953869,0.7012941182160525
3204559,ES,Sudeste,0,0,2,-0.15048478111286914,0.9723560223093194
3204609,ES,Sudeste,0,0,2,0.325209016910699,0.030802515319438062
3204658,ES,Sudeste,0,0,1,-0.37623166512796713,0.21792405765908518
3204708,ES,Sudeste,0,0,1,-0.7454807888411633,1.1553165105074557
3204807,ES,Sudeste,0,0,1,-0.3191055456765185,-0.27235634766791406
3204906,ES,Sudeste,0,0,2,-1.3776700697882713,2.07996922416994
3204955,ES,Sudeste,0,0,1,0.8348177515052014,-1.0092474726750968
3205002,ES,Sudeste,0,0,2,0.7664634264870582,4.159154886461204
3205010,ES,Sudeste,0,0,1,-0.1568183675158382,0.4868637019033671
3205036,ES,Sudeste,0,0,1,-0.7090047253828332,1.33865080800103
3205069,ES,Sudeste,0,0,2,1.654354124562637,1.0830418136047084
3205101,ES,Sudeste,0,0,1,0.173824126117453,2.5696840722017145
3205150,ES,Sudeste,0,0,1,-1.4681231589602617,0.20880511009885125
3205176,ES,Sudeste,0,0,2,-0.8658069489322082,0.10753629042390346
3205200,ES,Sudeste,0,0,1,0.5583790417325392,3.5094873634694403
3205309,ES,Sudeste,1,0,1,1.6975115450156273,3.9400671501194133
3300100,RJ,Sudeste,0,0,1,-0.4469427241741947,4.195794065538372
3300159,RJ,Sudeste,0,0,1,1.1024088778645627,-0.4945179485273863
3300209,RJ,Sudeste,0,0,1,-0.3250150390600049,2.080843250748589
3300225,RJ,Sudeste,0,0,1,0.44349605626287647,0.990029881893044
3300233,RJ,Sudeste,0,0,1,1.1182165943998705,1.7981178597463963
3300258,RJ,Sudeste,0,0,1,1.7532681335192737,2.271510692676747
3300308,RJ,Sudeste,0,0,1,0.1777610604499887,2.1435038886916256
3300407,RJ,Sudeste,0,0,1,0.4055766865522392,2.4573669630343455
3300456,RJ,Sudeste,0,0,1,-1.8919824482000707,3.4430870779086047
3300506,RJ,Sudeste,0,0,1,-0.8453329738023279,0.8337270933746265
3300605,RJ,Sudeste,0,0,1,-1.6429537265764862,0.763612517904352
3300704,RJ,Sudeste,0,0,1,0.10132861468180383,3.5967491353448606
3300803,RJ,Sudeste,0,0,1,-1.2611222334173626,1.6776843509991548
3300902,RJ,Sudeste,0,0,1,0.7711878688490674,-0.5218553287187807
3300936,RJ,Sudeste,0,0,1,-0.6365448848973504,-0.14999721214650363
3300951,RJ,Sudeste,0,0,1,2.0681139119246645,1.311628495210168
3301009,RJ,Sudeste,0,0,2,-0.4077914250842331,4.425195207297359
3301108,RJ,Sudeste,0,0,1,1.620341797059907,1.8787902213447891
3301157,RJ,Sudeste,0,0,1,-0.6991128469179697,0.1297241386006558
3301207,RJ,Sudeste,0,0,1,-0.18985064398494136,1.37176644656294
3301306,RJ,Sudeste,0,0,1,0.4336983637825387,2.4492915328217286
3301405,RJ,Sudeste,0,0,1,-0.467732696268346,-0.24070921625480873
3301504,RJ,Sudeste,0,0,1,-0.23570150331571843,0.7817093366891265
3301603,RJ,Sudeste,0,0,1,-1.4119051335452486,-0.5354636742046682
3301702,RJ,Sudeste,0,0,1,-0.39960013098463903,5.325052313967992
3301801,RJ,Sudeste,0,0,1,-1.1115710178380793,-0.21478622973657915
3301850,RJ,Sudeste,0,0,1,-0.7305329998040024,1.1821699151560119
3301876,RJ,Sudeste,0,0,1,-1.3427106402774884,0.42652510968491925
3301900,RJ,Sudeste,0,0,1,-0.5707273176974343,2.750271212811275
3302007,RJ,Sudeste,0,0,1,0.6275771368954877,2.9926821897496327
3302056,RJ,Sudeste,0,0,1,-0.532876023465624,0.8202848579473986
3302106,RJ,Sudeste,0,0,1,-0.9349819424377058,0.2666270879592771
3302205,RJ,Sudeste,0,0,1,-1.1673093059485196,2.4632099408598993
3302254,RJ,Sudeste,0,0,1,2.5929616675917235,2.6331092177756696
3302270,RJ,Sudeste,0,0,1,-2.046287268818503,1.9980995379072222
3302304,RJ,Sudeste,0,0,1,1.5199749055603298,-0.024016463543045815
3302403,RJ,Sudeste,0,0,1,-0.07129530593706135,3.776571190240148
3302452,RJ,Sudeste,0,0,1,2.0454014517106804,0.26192935168495396
3302502,RJ,Sudeste,0,0,1,-2.1577195715844035,2.558139533924702
3302601,RJ,Sudeste,0,0,1,0.3120517921022803,1.418198949400724
3302700,RJ,Sudeste,0,0,1,1.3084171366746535,5.034008766525767
3302809,RJ,Sudeste,0,0,1,-1.4527698761971017,-0.5846985815504235
3302858,RJ,Sudeste,0,0,1,-1.2044538836277405,1.6779573190454642
3302908,RJ,Sudeste,0,0,1,-0.5444519481434412,0.8069124690922777
3303005,RJ,Sudeste,0,0,1,-0.972315685292998,0.9071273214507177
3303104,RJ,Sudeste,0,0,1,0.2881813076824392,-0.883630525396419
3303203,RJ,Sudeste,0,0,1,-0.25761075220713175,2.399445067024054
3303302,RJ,Sudeste,0,0,1,1.1063218980445633,4.743780255150602
3303401,RJ,Sudeste,0,0,1,-1.2883179549964554,2.6602462353929126
3303500,RJ,Sudeste,0,0,1,-2.144591666433049,4.3350329831878875
3303609,RJ,Sudeste,0,0,1,-0.1594612608521082,1.423171687307998
3303708,RJ,Sudeste,0,0,1,-0.10161168335256128,1.4590691056992342
3303807,RJ,Sudeste,0,0,1,-1.5484094541202025,2.2294626380851077
3303856,RJ,Sudeste,0,0,1,-0.8175333926121077,0.7282404223668566
3303906,RJ,Sudeste,0,0,1,0.008131242527780861,3.9499861599700483
3303955,RJ,Sudeste,0,0,1,1.2054204394202777,1.6574985469132097
3304003,RJ,Sudeste,0,0,1,2.0340906734399784,2.577081590658775
3304102,RJ,Sudeste,0,0,1,-0.7394200971431898,0.40881778931106144
3304110,RJ,Sudeste,0,0,1,2.5653157978560692,2.4925549640242095
3304128,RJ,Sudeste,0,0,1,0.09864297273922899,-0.6013484584245335
3304144,RJ,Sudeste,0,0,1,-1.4698600422929204,3.071958460514239
3304151,RJ,Sudeste,0,0,1,2.172120173592806,3.29054830193107
3304201,RJ,Sudeste,0,0,1,1.1227046755341938,2.939788147010882
3304300,RJ,Sudeste,0,0,1,-0.822373662856842,1.3757319075812766
3304409,RJ,Sudeste,0,0,1,-0.06110770913530317,0.13723953347434054
3304508,RJ,Sudeste,0,0,1,0.6852861088136376,0.11029488540493478
3304524,RJ,Sudeste,0,0,1,0.08662469374062043,3.8771271553184836
3304557,RJ,Sudeste,1,0,2,-0.8398830790504597,5.257361174420807
3304607,RJ,Sudeste,0,0,1,-1.4506123085173641,-1.3361899839912064
3304706,RJ,Sudeste,0,0,1,-0.2989798257575522,1.2048135031181078
3304755,RJ,Sudeste,0,0,1,-2.069538187754387,0.7574858239059481
3304805,RJ,Sudeste,0,0,1,-1.0283003032133782,0.32250041364488785
3304904,RJ,Sudeste,0,0,1,-2.010598044142206,3.5895858844821804
3305000,RJ,Sudeste,0,0,1,0.45534730665526235,2.586640594124619
3305109,RJ,Sudeste,0,0,1,-2.275712720832972,3.9425000850214333
3305133,RJ,Sudeste,0,0,1,-1.1161397612206896,-1.7357580154470895
3305158,RJ,Sudeste,0,0,1,0.00996114016717375,-0.2292949074612238
3305208,RJ,Sudeste,0,0,1,-1.261141015611418,1.6451281668157642
3305307,RJ,Sudeste,0,0,1,-0.17725935727808662,-1.8834625408987657
3305406,RJ,Sudeste,0,0,1,-0.10663830396027478,0.8613853259980393
3305505,RJ,Sudeste,0,0,1,1.5578207251719658,4.526214896104854
3305554,RJ,Sudeste,0,0,1,-0.3756659727629598,2.5548244489990832
3305604,RJ,Sudeste,0,0,1,-1.0535874483634102,0.7928123662422849
3305703,RJ,Sudeste,0,0,1,-1.5922371933578197,0.9535705935507995
3305752,RJ,Sudeste,0,0,1,-0.8060188920233835,1.0229993452861306
3305802,RJ,Sudeste,0,0,1,-0.9511413015566252,2.8355844081945656
3305901,RJ,Sudeste,0,0,1,-1.166666916643157,-1.7620213050230042
3306008,RJ,Sudeste,0,0,1,0.523263601526335,4.184970737806836
3306107,RJ,Sudeste,0,0,1,-1.0810982010466639,2.272993188796147
3306156,RJ,Sudeste,0,0,1,-1.6475896209952081,-0.8470955392506633
3306206,RJ,Sudeste,0,0,1,-0.23574565533552932,1.5533924358980806
3306305,RJ,Sudeste,0,0,1,0.9713799043837235,3.9040539757437935
3500105,SP,Sudeste,0,0,1,2.157760454046684,1.4283975197516277
3500204,SP,Sudeste,0,0,1,3.334188094199923,-0.6227605411929222
3500303,SP,Sudeste,0,0,2,1.342543774948401,1.6712437513826843
3500402,SP,Sudeste,0,0,1,-0.018491280358274072,-0.3114190804686956
3500501,SP,Sudeste,0,0,2,1.5520910699208417,0.1353383586630794
3500550,SP,Sudeste,0,0,1,3.035347063621098,-0.8827786265762104
3500600,SP,Sudeste,0,0,1,1.5723965780377112,-0.8278004437061538
3500709,SP,Sudeste,0,0,1,1.2527330387176037,2.6372288509822597
3500758,SP,Sudeste,0,0,1,0.9097271911456869,-0.9877498985446174
3500808,SP,Sudeste,0,0,1,2.5441883958782485,0.14776813850427506
3500907,SP,Sudeste,0,0,1,2.621319235686853,-0.9251349412763561
3501004,SP,Sudeste,0,0,1,1.7796410265296072,-0.14524117624371033
3501103,SP,Sudeste,0,0,1,1.844149321620763,-0.7362779787755123
3501152,SP,Sudeste,0,0,1,2.8878251347345416,2.691089576700734
3501202,SP,Sudeste,0,0,1,1.6331254527878518,-1.6402513946373547
3501301,SP,Sudeste,0,0,1,1.7864382790437314,1.4538750592219203
3501400,SP,Sudeste,0,0,1,1.0558268351132667,-1.7298969734286533
3501509,SP,Sudeste,0,0,1,0.5909419356338971,-2.0878063482892504
3501608,SP,Sudeste,0,0,2,1.1483191370552432,3.490453032516546
3501707,SP,Sudeste,0,0,1,1.6665381554990466,2.0083664914124424
3501806,SP,Sudeste,0,0,1,1.9850873675465406,-0.7394679290201844
3501905,SP,Sudeste,0,0,2,1.7086744963678993,2.6537281136059545
3502002,SP,Sudeste,0,0,1,3.4617642995829585,-0.03728046992706597
3502101,SP,Sudeste,0,0,1,1.4189933171692062,2.259272245079213
3502200,SP,Sudeste,0,0,1,1.448698460596681,2.300734681244998
3502309,SP,Sudeste,0,0,1,2.2082320662081076,-0.46907423422816585
3502408,SP,Sudeste,0,0,1,2.354924329472952,-0.8632809786612525
3502507,SP,Sudeste,0,0,1,0.7972226750103037,0.9193828096001218
3502606,SP,Sudeste,0,0,1,3.476425809699461,0.04357057884005386
3502705,SP,Sudeste,0,0,2,0.32828544639378093,0.9651282620214761
3502754,SP,Sudeste,0,0,1,1.0182549372679857,1.9061254382570605
3502804,SP,Sudeste,0,0,1,0.8461964120294074,3.2616497748740096
3502903,SP,Sudeste,0,0,1,1.1168638152739772,2.08232728369266
3503000,SP,Sudeste,0,0,1,2.7004718365595037,-0.6160488314512652
3503109,SP,Sudeste,0,0,1,1.6049557166448818,-0.46115205475015253
3503158,SP,Sudeste,0,0,1,0.17653557097966785,-1.9435391085597735
3503208,SP,Sudeste,0,0,2,1.1577437230300152,3.1426663973475604
3503307,SP,Sudeste,0,0,2,1.292999727587757,2.935355710058296
3503356,SP,Sudeste,0,0,1,2.818311380682375,-1.8749454421588083
3503406,SP,Sudeste,0,0,1,1.8022819035068143,-0.9552907045124891
3503505,SP,Sudeste,0,0,1,-0.10883537000039266,-1.8040765138214063
3503604,SP,Sudeste,0,0,1,1.0679261723049094,-0.21123701325888317
3503703,SP,Sudeste,0,0,1,3.5825934564876185,0.9594717842928219
3503802,SP,Sudeste,0,0,1,1.3681685058291961,1.8686178608032524
3503901,SP,Sudeste,0,0,1,0.9594897804516609,3.2532736014686714
3503950,SP,Sudeste,0,0,1,1.870714795003887,-1.5058597796840425
3504008,SP,Sudeste,0,0,1,1.368954952713933,2.20234763122816
3504107,SP,Sudeste,0,0,2,0.0673154270475182,3.2773121979805073
3504206,SP,Sudeste,0,0,1,2.3215390743570223,0.07146496857048891
3504305,SP,Sudeste,0,0,1,3.7445905651258355,-0.5000151786836096
3504404,SP,Sudeste,0,0,1,2.251869231851766,1.331527498753334
3504503,SP,Sudeste,0,0,1,1.0455411507015016,2.4013713672566994
3504602,SP,Sudeste,0,0,1,0.29201059251983436,1.7333182002578806
3504701,SP,Sudeste,0,0,1,1.2893571309579765,-2.129195214776825
3504800,SP,Sudeste,0,0,1,1.6959129074827934,-0.07817090039553687
3504909,SP,Sudeste,0,0,1,-0.3670208971676605,-0.5449009716022872
3505005,SP,Sudeste,0,0,1,1.7251877175308075,-1.6136361902078893
3505104,SP,Sudeste,0,0,1,0.5094525317273519,-0.8352769237538581
3505203,SP,Sudeste,0,0,1,2.4939105917498012,1.9507828392729756
3505302,SP,Sudeste,0,0,1,2.628002864614257,1.471798431797524
3505351,SP,Sudeste,0,0,1,-1.5639214986908894,-0.5968156988582118
3505401,SP,Sudeste,0,0,1,-0.9818197508394677,-0.37970260125439065
3505500,SP,Sudeste,0,0,1,0.43803070947690453,2.7006665800037344
3505609,SP,Sudeste,0,0,1,0.38105441127102907,1.024949457020777
3505708,SP,Sudeste,0,0,1,1.690323089511297,4.375423705055467
3505807,SP,Sudeste,0,0,1,0.4896062429687001,0.9132608571810921
3505906,SP,Sudeste,0,0,2,1.633904760100738,1.9194496945914492
3506003,SP,Sudeste,0,0,2,0.756540710421375,3.7794121185526612
3506102,SP,Sudeste,0,0,1,1.2994279685767494,2.314774397776188
3506201,SP,Sudeste,0,0,1,4.1561772650954865,-0.03761101199583655
3506300,SP,Sudeste,0,0,1,2.543989378430808,0.6403137722024024
3506359,SP,Sudeste,0,0,1,-0.7358000282333846,2.3884669930310305
3506409,SP,Sudeste,0,0,1,2.8634028678538033,-0.3615731316145074
3506508,SP,Sudeste,0,0,1,1.3681199297260962,2.8420621934489643
3506607,SP,Sudeste,0,0,1,0.7888457313724971,0.321664652815592
3506706,SP,Sudeste,0,0,1,1.160039740260139,-0.36121610708316376
3506805,SP,Sudeste,0,0,1,1.7144801433491135,-0.04807820496102769
3506904,SP,Sudeste,0,0,1,0.056596314522696416,-0.5617710992684007
3507001,SP,Sudeste,0,0,1,1.1520278396957215,2.6100562226207127
3507100,SP,Sudeste,0,0,1,1.3491529027965905,2.4496839352908437
3507159,SP,Sudeste,0,0,1,1.146400826666816,-0.47571007523045616
3507209,SP,Sudeste,0,0,1,4.53933383868003,-1.2931155100438096
3507308,SP,Sudeste,0,0,1,4.047939658576691,1.7490789579405
3507407,SP,Sudeste,0,0,2,2.4037296897222338,0.25967342580459757
3507456,SP,Sudeste,0,0,1,2.230403604704366,-1.5121866850306094
3507506,SP,Sudeste,0,0,1,0.5873605487841087,3.157955435701891
3507605,SP,Sudeste,0,0,1,0.2297504380238209,3.040362447365589
3507704,SP,Sudeste,0,0,1,2.1635441849510517,-0.28756535903058167
3507753,SP,Sudeste,0,0,1,2.190390413538639,-1.8949528802805586
3507803,SP,Sudeste,0,0,1,1.5854234199452173,0.9745610021191434
3507902,SP,Sudeste,0,0,1,1.6402306936215036,1.2671193937616687
3508009,SP,Sudeste,0,0,1,0.7293895211765867,1.0087505859739947
3508108,SP,Sudeste,0,0,1,2.8991143887401214,1.815611844091642
3508207,SP,Sudeste,0,0,1,3.9404441818146023,0.29868591160511676
3508306,SP,Sudeste,0,0,1,1.6122573405182916,-0.8527040531971052
3508405,SP,Sudeste,0,0,1,1.5589259228749182,3.2528397310469215
3508504,SP,Sudeste,0,0,1,0.9808414261640962,3.6206593760307677
3508603,SP,Sudeste,0,0,1,0.28309135068920177,0.7026315361675874
3508702,SP,Sudeste,0,0,2,2.118715475296454,-0.14960223421717922
3508801,SP,Sudeste,0,0,2,1.9366389119041079,0.12003811512177644
3508900,SP,Sudeste,0,0,1,1.1881420280301604,-2.0139341475993757
3509007,SP,Sudeste,0,0,2,1.3283823722187278,3.04395576483154
3509106,SP,Sudeste,0,0,1,0.6422662765123659,-1.5677388931976663
3509205,SP,Sudeste,0,0,1,1.6988807555081007,3.8287580514512456
3509254,SP,Sudeste,0,0,1,1.5688476275054026,2.768679791685549
3509304,SP,Sudeste,0,0,1,1.89414228443875,-0.2608699613806149
3509403,SP,Sudeste,0,0,1,1.3633323203827636,0.5903545955666745
3509452,SP,Sudeste,0,0,1,1.4421703632226015,-0.43768148753789726
3509502,SP,Sudeste,0,0,2,0.5740577787276331,4.86447733592362
3509601,SP,Sudeste,0,0,1,0.3189618793905788,2.3399660404965625
3509700,SP,Sudeste,0,0,1,0.5849346697332667,1.683694357661444
3509809,SP,Sudeste,0,0,1,3.243220131385987,-0.6856385656439178
3509908,SP,Sudeste,0,0,1,0.21192658143131857,0.16181698994080818
3509957,SP,Sudeste,0,0,1,0.9228733672450751,-0.5308021178126354
3510005,SP,Sudeste,0,0,2,2.6241163424949554,1.2315797785442442
3510104,SP,Sudeste,0,0,1,2.480135665801031,-1.7332269156859599
3510153,SP,Sudeste,0,0,1,2.860207261584207,0.8749765556316257
3510203,SP,Sudeste,0,0,1,-0.24358767398363812,1.4581329729361756
3510302,SP,Sudeste,0,0,1,0.4027747103980386,0.6293200812962114
3510401,SP,Sudeste,0,0,1,1.593401326718548,2.668178311324259
3510500,SP,Sudeste,0,0,1,0.8260976090530544,2.964772434919288
3510609,SP,Sudeste,0,0,2,-0.6933520498788769,3.61239219058787
3510708,SP,Sudeste,0,0,1,1.8683027068846576,0.04567517079670776
3510807,SP,Sudeste,0,0,1,0.7980509913815272,0.6539930947709642
3510906,SP,Sudeste,0,0,1,3.1342689465963223,-1.1729436369860482
3511003,SP,Sudeste,0,0,1,1.8662118937778618,1.8231791915647166
3511102,SP,Sudeste,0,0,1,1.2121991298201773,2.8394987746180322
3511201,SP,Sudeste,0,0,1,2.0889087178248995,-0.36135651780273836
3511300,SP,Sudeste,0,0,1,2.8359354184150893,1.5706095943113665
3511409,SP,Sudeste,0,0,1,2.335016907111279,1.187145552249821
3511508,SP,Sudeste,0,0,1,1.336751703563308,2.338873375222252
3511607,SP,Sudeste,0,0,1,1.087325425543909,1.001381384821609
3511706,SP,Sudeste,0,0,1,1.3508508714453746,1.21115986015023
3511904,SP,Sudeste,0,0,1,2.0201565442587253,-0.7892256572392281
3512001,SP,Sudeste,0,0,1,3.1547341131233346,1.962515945935528
3512100,SP,Sudeste,0,0,1,1.4713629525291574,-0.10929538304220708
3512209,SP,Sudeste,0,0,1,1.5230787819048006,1.7020931757966826
3512308,SP,Sudeste,0,0,1,-0.1236472562844004,-0.32056279239947016
3512407,SP,Sudeste,0,0,1,1.641172473964505,2.176049867152067
3512506,SP,Sudeste,0,0,1,2.87447462429693,0.0605977673704866
3512605,SP,Sudeste,0,0,1,3.0238743297493627,-1.1602084021069559
3512704,SP,Sudeste,0,0,1,2.252857550581362,-0.3840440297258903
3512803,SP,Sudeste,0,0,1,1.3710426698276554,2.751034278454701
3512902,SP,Sudeste,0,0,1,3.5820749251219643,0.661347371570342
3513009,SP,Sudeste,0,0,1,-0.46926340536399425,4.617677659575512
3513108,SP,Sudeste,0,0,1,2.004364579413826,2.527163583527696
3513207,SP,Sudeste,0,0,1,3.02776554835143,-0.38350984132623267
3513306,SP,Sudeste,0,0,1,1.727402037069136,-1.0678393719842678
3513405,SP,Sudeste,0,0,1,1.0448293903346075,2.6042658174084563
3513504,SP,Sudeste,0,0,2,2.363297053520261,4.547025537832993
3513603,SP,Sudeste,0,0,1,-2.3214330032205193,0.5993612569462717
3513702,SP,Sudeste,0,0,1,2.8891118781609513,2.1713979476175287
3513801,SP,Sudeste,0,0,2,0.38210398057288675,4.159138073358968
3513850,SP,Sudeste,0,0,1,1.5678803874951386,-0.8294134130764372
3513900,SP,Sudeste,0,0,1,1.4376765600233354,0.05972100481527067
3514007,SP,Sudeste,0,0,1,0.5523756951109113,0.21622367668425516
3514106,SP,Sudeste,0,0,1,1.4348595400542676,1.2249043939208901
3514205,SP,Sudeste,0,0,1,1.9732650312061415,-1.9324712242994422
3514304,SP,Sudeste,0,0,1,2.8688409778474497,1.331758162575519
3514403,SP,Sudeste,0,0,1,1.9283472027104238,1.240853447958799
3514502,SP,Sudeste,0,0,1,2.045157607433385,-0.11874505099198578
3514601,SP,Sudeste,0,0,1,1.2771222932976611,0.7445073330846278
3514700,SP,Sudeste,0,0,1,2.612476325652663,-0.8309307005197469
3514809,SP,Sudeste,0,0,1,-1.2049695685754116,-0.10830731062611466
3514908,SP,Sudeste,0,0,1,2.300948712990004,1.8759684332865307
3514924,SP,Sudeste,0,0,1,2.4471461826814656,-1.268336721472927
3514957,SP,Sudeste,0,0,1,0.4897928120079836,-1.7801284831713964
3515004,SP,Sudeste,0,0,2,0.7686671300829664,3.798882802230049
3515103,SP,Sudeste,0,0,2,-0.6362344041573695,2.020994092433933
3515129,SP,Sudeste,0,0,1,2.4902757312654584,-2.0485859614629516
3515152,SP,Sudeste,0,0,1,1.406959256552323,0.23358185858667443
3515186,SP,Sudeste,0,0,2,1.8785171699122016,2.057902863015315
3515194,SP,Sudeste,0,0,1,2.0879379230976816,-1.4185879301052369
3515202,SP,Sudeste,0,0,1,3.883851209829489,1.573117522254007
3515301,SP,Sudeste,0,0,1,1.9493914676548878,-1.7055893023088722
3515350,SP,Sudeste,0,0,1,-0.16508291456825486,-1.0558955206479763
3515400,SP,Sudeste,0,0,1,2.527644865793722,0.35136321195680903
3515509,SP,Sudeste,0,0,2,1.4006490971681227,0.8546513268275188
3515608,SP,Sudeste,0,0,1,2.4363040219220555,-0.8139614922785601
3515657,SP,Sudeste,0,0,1,1.2038501274531035,-1.9405877786319252
3515707,SP,Sudeste,0,0,1,-0.359211934337726,3.469793213271764
3515806,SP,Sudeste,0,0,1,2.311888859255355,-2.502197051510613
3515905,SP,Sudeste,0,0,1,2.5054828534491627,-1.902279859003552
3516002,SP,Sudeste,0,0,1,1.6587210417219764,-0.25632790080205603
3516101,SP,Sudeste,0,0,1,3.2928608052407737,-0.4106782060055931
3516200,SP,Sudeste,0,0,2,0.40399521892432533,3.2239608066787806
3516309,SP,Sudeste,0,0,2,-0.9842761646026019,2.142633732172134
3516408,SP,Sudeste,0,0,2,0.001730817984951726,3.272743551943728
3516507,SP,Sudeste,0,0,1,1.942257045944208,-0.8706770592934308
3516606,SP,Sudeste,0,0,1,2.969192976980447,-0.7047536202020538
3516705,SP,Sudeste,0,0,1,1.5231967059380886,1.402037397098085
3516804,SP,Sudeste,0,0,1,1.7026901620712658,-1.4292261393163814
3516853,SP,Sudeste,0,0,1,5.113972247062141,1.8901636748968194
3516903,SP,Sudeste,0,0,1,1.2186365337710012,-0.043872662863354325
3517000,SP,Sudeste,0,0,1,1.2095716272844568,-0.4759040892620134
3517109,SP,Sudeste,0,0,1,2.2394403886387795,-0.9806437146923574
3517208,SP,Sudeste,0,0,1,1.3748136476342108,0.11654898003356282
3517307,SP,Sudeste,0,0,1,1.5021224167262701,1.3915057663474781
3517406,SP,Sudeste,0,0,1,3.149129683484418,1.9581332984247515
3517505,SP,Sudeste,0,0,1,2.035780912466204,1.5486530487997257
3517604,SP,Sudeste,0,0,1,0.020122793194559785,0.26035331305207143
3517703,SP,Sudeste,0,0,1,1.6219119917729965,0.3744158563590164
3517802,SP,Sudeste,0,0,1,3.3147410930921533,-0.791590659554675
3517901,SP,Sudeste,0,0,1,2.770796438553375,0.41324346629218806
3518008,SP,Sudeste,0,0,1,0.3032761336112951,-2.382859130488482
3518107,SP,Sudeste,0,0,1,1.8943694129059385,-0.4178271561018672
3518206,SP,Sudeste,0,0,1,2.0631540515490556,1.7309237351737654
3518305,SP,Sudeste,0,0,1,1.8793244327865115,1.9229646187804221
3518404,SP,Sudeste,0,0,1,1.5458394816395529,3.375478141485004
3518503,SP,Sudeste,0,0,1,-0.5730644758503655,-0.4727603533847923
3518602,SP,Sudeste,0,0,1,1.6725966564998014,1.760836338277471
3518701,SP,Sudeste,0,0,2,0.011445159090165503,3.421007795393559
3518800,SP,Sudeste,0,0,2,-0.3732632639902777,5.324369869520726
3518859,SP,Sudeste,0,0,1,1.971587614102446,-1.1250759425070516
3518909,SP,Sudeste,0,0,1,2.468662021908461,-1.494448567752006
3519006,SP,Sudeste,0,0,1,1.0815094168793902,0.330768424184762
3519055,SP,Sudeste,0,0,1,0.9322406278112352,0.23813027407244666
3519071,SP,Sudeste,0,0,1,0.6666367081826087,4.240070190952827
3519105,SP,Sudeste,0,0,1,2.822566648499726,0.8790828341362094
3519204,SP,Sudeste,0,0,1,3.0566759045961094,0.04172674500240661
3519253,SP,Sudeste,0,0,1,0.6131791366793434,-0.7992092956898798
3519303,SP,Sudeste,0,0,1,1.6661457631789613,2.1245774201940058
3519402,SP,Sudeste,0,0,1,2.373593119697398,-0.02104294883667253
3519501,SP,Sudeste,0,0,1,2.9538365470695434,-0.366358112391905
3519600,SP,Sudeste,0,0,1,0.4138248016742747,2.4173522920405928
3519709,SP,Sudeste,0,0,1,-0.8333491138399537,1.838014633579702
3519808,SP,Sudeste,0,0,1,2.4734391547709538,0.020845954005200115
3519907,SP,Sudeste,0,0,1,3.134651542495998,-0.3139302032395034
3520004,SP,Sudeste,0,0,1,0.22009333848633109,0.445066468677291
3520103,SP,Sudeste,0,0,1,1.727124165560639,1.4868093506026405
3520202,SP,Sudeste,0,0,1,-0.4215050854348054,0.01883185697485199
3520301,SP,Sudeste,0,0,2,0.11016142512020587,1.2258423664505693
3520400,SP,Sudeste,0,0,1,2.579003963929691,3.7675184199898624
3520426,SP,Sudeste,0,0,1,2.7649479757925897,2.452161418489691
3520442,SP,Sudeste,0,0,1,0.9161428037303827,-0.011014412286604748
3520509,SP,Sudeste,0,0,1,1.4467193538657321,4.481435471364654
3520608,SP,Sudeste,0,0,1,1.1522694639122306,-0.813952125567589
3520707,SP,Sudeste,0,0,1,1.6706479273457233,-1.6834862930745562
3520806,SP,Sudeste,0,0,1,3.0576418091553696,-1.0591016411679033
3520905,SP,Sudeste,0,0,1,2.170026735459776,0.8137315667734935
3521002,SP,Sudeste,0,0,1,0.4450081904790393,1.7928022987293457
3521101,SP,Sudeste,0,0,1,3.1116208974841877,1.8597382369934357
3521150,SP,Sudeste,0,0,1,0.12643984305550837,0.3982043587387626
3521200,SP,Sudeste,0,0,1,-2.2585364964342367,-0.3469456428298565
3521309,SP,Sudeste,0,0,1,1.4650409018637351,0.00996549466083602
3521408,SP,Sudeste,0,0,1,2.9552453425925216,2.8398111987684915
3521507,SP,Sudeste,0,0,1,2.4792501957455406,-0.6874976732592211
3521606,SP,Sudeste,0,0,1,1.6818537541037635,-0.5962880104655952
3521705,SP,Sudeste,0,0,1,0.8837988587108703,-0.07415108324810307
3521804,SP,Sudeste,0,0,1,2.362755480100598,0.3618553648557773
3521903,SP,Sudeste,0,0,1,2.7930778191382135,0.6216732194580064
3522000,SP,Sudeste,0,0,1,2.791132683306799,0.25086312779669184
3522109,SP,Sudeste,0,0,1,-1.1847601810649244,2.45918762090121
3522158,SP,Sudeste,0,0,1,-1.5386297972154634,-1.2727509793000304
3522208,SP,Sudeste,0,0,2,-0.4191630626511436,2.9452684349390643
3522307,SP,Sudeste,0,0,2,0.44547143875542045,3.142020521600196
3522406,SP,Sudeste,0,0,1,0.5547346381755268,2.2612171650684316
3522505,SP,Sudeste,0,0,1,-0.21007463952218824,4.076058431067902
3522604,SP,Sudeste,0,0,2,2.2182417448254594,3.18379806729121
3522653,SP,Sudeste,0,0,1,-0.768664172374799,-1.246027938033611
3522703,SP,Sudeste,0,0,2,1.3588984847525933,1.2267785789075953
3522802,SP,Sudeste,0,0,1,0.30934013858664094,-0.12317941785827703
3522901,SP,Sudeste,0,0,1,1.5703831461876998,1.2677218454722792
3523008,SP,Sudeste,0,0,1,1.9903717724995038,-1.705285147685727
3523107,SP,Sudeste,0,0,2,-0.13278424938322328,3.7389835334409303
3523206,SP,Sudeste,0,0,1,0.4462497116126799,1.0386109291629513
3523305,SP,Sudeste,0,0,2,-0.13437383518454438,-1.008900971388155
3523404,SP,Sudeste,0,0,1,1.6530252741664593,3.150362534110064
3523503,SP,Sudeste,0,0,1,0.4113639920115301,0.27791981431250934
3523602,SP,Sudeste,0,0,1,2.0683811484563894,1.290083323201142
3523701,SP,Sudeste,0,0,1,2.1772093996629196,-0.24032069916101131
3523800,SP,Sudeste,0,0,1,1.1691904469702659,-0.4700008895248741
3523909,SP,Sudeste,0,0,1,1.0366483453733069,3.5065676371523975
3524006,SP,Sudeste,0,0,1,1.2401116023420393,3.345810574129111
3524105,SP,Sudeste,0,0,1,2.446387696347469,1.8052970298739421
3524204,SP,Sudeste,0,0,1,1.2031723468587374,-1.2034138369563527
3524303,SP,Sudeste,0,0,1,1.49110802244922,2.2793929658273
3524402,SP,Sudeste,0,0,1,0.6815292213256312,4.25076544016783
3524501,SP,Sudeste,0,0,1,3.353922201926557,2.4176114778959237
3524600,SP,Sudeste,0,0,1,-0.24496875429189613,0.6842806284927593
3524709,SP,Sudeste,0,0,1,2.7778122312991274,3.2359956446070193
3524808,SP,Sudeste,0,0,1,1.6976951151447779,2.589845532017624
3524907,SP,Sudeste,0,0,1,2.8910748762800926,0.47131697266476935
3525003,SP,Sudeste,0,0,1,0.2580089484627789,3.1535351669180183
3525102,SP,Sudeste,0,0,1,1.55023961338692,1.8676588424644773
3525201,SP,Sudeste,0,0,1,1.1249753361167618,2.296274384884555
3525300,SP,Sudeste,0,0,1,1.039712492434727,2.7323542160891354
3525409,SP,Sudeste,0,0,1,3.500243084009185,-1.2905947118084424
3525508,SP,Sudeste,0,0,1,-0.3867765782718783,0.5327298305694708
3525607,SP,Sudeste,0,0,1,2.2661583690474574,-1.4706106200072318
3525706,SP,Sudeste,0,0,2,2.271092116174814,1.4894116227606744
3525805,SP,Sudeste,0,0,1,1.7235268489073856,-1.214422624034038
3525854,SP,Sudeste,0,0,1,3.696783928355954,0.7257976002864974
3525904,SP,Sudeste,0,0,1,0.5750203551792195,4.739514783487672
3526001,SP,Sudeste,0,0,1,2.2179216233693597,0.9098868375528515
3526100,SP,Sudeste,0,0,1,-0.29935174929478564,0.203261551594299
3526209,SP,Sudeste,0,0,2,-0.1657510233995214,0.9456665140418216
3526308,SP,Sudeste,0,0,1,1.980383774329207,-1.0920235489013157
3526407,SP,Sudeste,0,0,1,1.6859576690283322,2.0010807873049896
3526506,SP,Sudeste,0,0,1,2.216748001778646,-0.9120305571515074
3526605,SP,Sudeste,0,0,1,1.3220632164093231,-0.44394530550001576
3526704,SP,Sudeste,0,0,1,1.598369512018303,2.742900072577808
3526803,SP,Sudeste,0,0,1,2.365931141295874,3.147207561297067
3526902,SP,Sudeste,0,0,2,1.0692362995202986,3.9105415890444912
3527009,SP,Sudeste,0,0,1,1.8606879416650413,0.2658614731221782
3527108,SP,Sudeste,0,0,2,1.9395044130866104,3.6285966330406034
3527207,SP,Sudeste,0,0,1,0.7766353437431425,3.0096516543174414
3527256,SP,Sudeste,0,0,1,2.2364941836533974,-2.2272483058113517
3527306,SP,Sudeste,0,0,1,2.6139950100011173,3.1719564457025102
3527405,SP,Sudeste,0,0,1,1.9988045119265359,0.9594118102596856
3527504,SP,Sudeste,0,0,1,3.352760236995681,-1.987265223897839
3527603,SP,Sudeste,0,0,1,3.8615917055754947,1.997990931625587
3527702,SP,Sudeste,0,0,1,1.604766576490437,-1.0964224893659045
3527801,SP,Sudeste,0,0,1,1.55628348867086,-0.604538485968197
3527900,SP,Sudeste,0,0,1,2.73752395961766,-2.0039070219528576
3528007,SP,Sudeste,0,0,1,2.6416625611834412,0.8410195631658927
3528106,SP,Sudeste,0,0,1,2.5330998817649233,-0.3142603150591289
3528205,SP,Sudeste,0,0,1,1.4475148524492794,-1.5442977304764718
3528304,SP,Sudeste,0,0,1,2.738174360374298,-1.6348659582679972
3528403,SP,Sudeste,0,0,1,1.2175889522596708,2.7057686368695992
3528502,SP,Sudeste,0,0,1,-0.7971503508411878,2.6706089465744274
3528601,SP,Sudeste,0,0,1,2.3265650691796322,-0.15860882955771413
3528700,SP,Sudeste,0,0,1,1.3025881290288546,-1.792461858403964
3528809,SP,Sudeste,0,0,1,2.3391857379349603,0.13828466135751777
3528858,SP,Sudeste,0,0,1,3.9411733382055547,0.2836742114480961
3528908,SP,Sudeste,0,0,1,0.5049720711067233,-1.554044881375684
3529005,SP,Sudeste,0,0,2,0.9462112558300194,2.853966866761866
3529104,SP,Sudeste,0,0,1,2.2778698878276953,-2.2523510889048404
3529203,SP,Sudeste,0,0,1,2.216791713142733,0.6060930162577
3529302,SP,Sudeste,0,0,2,1.7185406126155471,2.943021376238614
3529401,SP,Sudeste,0,0,2,0.5246578791110761,4.487877266578585
3529500,SP,Sudeste,0,0,1,3.5846212288432824,0.9472370764205548
3529609,SP,Sudeste,0,0,1,1.9242695600831248,0.6039505675105146
3529658,SP,Sudeste,0,0,1,3.6249995798686854,-2.0600724684987908
3529708,SP,Sudeste,0,0,1,1.479455168427561,1.8929408307791256
3529807,SP,Sudeste,0,0,1,1.596693847387777,-0.5456064281246553
3529906,SP,Sudeste,0,0,1,-0.21349890511903624,-0.06569172031609029
3530003,SP,Sudeste,0,0,1,0.6901026512349482,-1.319875456034912
3530102,SP,Sudeste,0,0,1,1.0820075410189987,0.66542388867505
3530201,SP,Sudeste,0,0,2,2.007314810298202,0.4556824616437264
3530300,SP,Sudeste,0,0,1,1.8340125745091054,2.665402864846906
3530409,SP,Sudeste,0,0,1,2.101001422912286,-0.6774214196840007
3530508,SP,Sudeste,0,0,2,1.8467345821082293,2.270698372786071
3530607,SP,Sudeste,0,0,1,-0.8825770075768136,4.7408757328679
3530706,SP,Sudeste,0,0,1,1.1371481316447216,3.0468462123132256
3530805,SP,Sudeste,0,0,1,1.7420719793936519,2.693240587118229
3530904,SP,Sudeste,0,0,1,1.0454284508901814,-1.2018391627640614
3531001,SP,Sudeste,0,0,1,0.6873973554876862,-1.6015148191964452
3531100,SP,Sudeste,0,0,1,-0.022018580591022102,2.1284337574604932
3531209,SP,Sudeste,0,0,1,2.079641676140513,-0.5160072173298184
3531308,SP,Sudeste,0,0,1,2.007889115382949,1.7022509380200228
3531407,SP,Sudeste,0,0,1,1.5167821330075195,1.2769330459229558
3531506,SP,Sudeste,0,0,1,2.2871182217083406,0.4060575636991512
3531605,SP,Sudeste,0,0,1,2.3718857899061185,-1.5034435379361013
3531704,SP,Sudeste,0,0,1,0.9562161258556161,-1.0520212902146424
3531803,SP,Sudeste,0,0,1,1.1796196524323428,3.820520642815273
3531902,SP,Sudeste,0,0,1,2.507586414138112,1.4157976114435256
3532009,SP,Sudeste,0,0,1,2.151265183877568,1.4500600575734508
3532058,SP,Sudeste,0,0,1,0.950002595275147,-1.3986682093044673
3532108,SP,Sudeste,0,0,1,2.2473323231515807,-2.0357611559495985
3532157,SP,Sudeste,0,0,1,1.260038112188313,-1.2505304731619586
3532207,SP,Sudeste,0,0,1,3.369747623120436,0.3805851161136637
3532306,SP,Sudeste,0,0,1,-1.28396699982709,-1.1687003414233652
3532405,SP,Sudeste,0,0,2,-0.19968768298944792,0.8069365132825569
3532504,SP,Sudeste,0,0,1,2.456273003584811,-0.021674360905246357
3532603,SP,Sudeste,0,0,2,2.2900900816689314,-0.3313775597370418
3532702,SP,Sudeste,0,0,1,1.222594894727854,-0.5523851201988722
3532801,SP,Sudeste,0,0,1,2.2578979143932107,0.0046917369115452735
3532827,SP,Sudeste,0,0,1,0.5449093801327599,0.35644292083967627
3532843,SP,Sudeste,0,0,1,2.5058033593472335,-2.0902061895571107
3532868,SP,Sudeste,0,0,1,2.36223768509219,-2.931732654718982
3532900,SP,Sudeste,0,0,1,2.6748338632050377,0.7862794909281116
3533007,SP,Sudeste,0,0,1,2.261405806475125,0.331884741522986
3533106,SP,Sudeste,0,0,1,1.4737315836984952,-2.1615349646818007
3533205,SP,Sudeste,0,0,1,3.2327744773813074,-0.31045780524515276
3533254,SP,Sudeste,0,0,1,1.5091355715646744,-0.5772847371755441
3533304,SP,Sudeste,0,0,1,1.8413929371846558,-2.1155092888772233
3533403,SP,Sudeste,0,0,1,1.5235764742931361,2.666717035855609
3533502,SP,Sudeste,0,0,1,1.066452227390313,1.3204574374979419
3533601,SP,Sudeste,0,0,1,3.6259627275663258,1.59221089189394
3533700,SP,Sudeste,0,0,1,2.322660587482154,-0.9363231914560113
3533809,SP,Sudeste,0,0,1,2.0038048048538273,-1.6353503197820387
3533908,SP,Sudeste,0,0,1,1.4319813097892773,2.161139820722886
3534005,SP,Sudeste,0,0,1,3.4200941255501527,-0.653243370131381
3534104,SP,Sudeste,0,0,1,0.7670451932675892,-0.7990889968752184
3534203,SP,Sudeste,0,0,1,2.762127387978373,1.6376158365920894
3534302,SP,Sudeste,0,0,1,2.558511308358336,2.1726372778183953
3534401,SP,Sudeste,0,0,1,1.1044162496032397,4.917900849670026
3534500,SP,Sudeste,0,0,1,2.939036155901614,-1.7796099628033815
3534609,SP,Sudeste,0,0,1,1.652095131803777,1.6318959127574064
3534708,SP,Sudeste,0,0,2,1.6201024636522283,1.8072289186212396
3534757,SP,Sudeste,0,0,1,2.761377270970508,0.9834755984254941
3534807,SP,Sudeste,0,0,1,0.7315681588830778,-0.531278102995397
3534906,SP,Sudeste,0,0,1,1.950389413403331,-0.5680217186457502
3535002,SP,Sudeste,0,0,1,1.939109923874731,0.33010518816167533
3535101,SP,Sudeste,0,0,1,0.6328878430816736,-0.021736519348907045
3535200,SP,Sudeste,0,0,1,2.80035760418275,-0.6659857601029366
3535309,SP,Sudeste,0,0,1,2.4313252000120458,0.8758103054040215
3535408,SP,Sudeste,0,0,1,0.23856199663464375,0.1435492055150911
3535507,SP,Sudeste,0,0,1,2.3690641751913315,1.7288661360825532
3535606,SP,Sudeste,0,0,1,-0.7125485992410847,0.061183172747279246
3535705,SP,Sudeste,0,0,1,3.0176480272727666,0.7148492762019636
3535804,SP,Sudeste,0,0,1,0.84406492455474,-0.29587747659428737
3535903,SP,Sudeste,0,0,1,1.0861886621008388,-0.7465523408159671
3536000,SP,Sudeste,0,0,1,2.304692301233094,1.0565166854529584
3536109,SP,Sudeste,0,0,1,0.905890821019426,1.0307806143285398
3536208,SP,Sudeste,0,0,1,-0.12146423240284383,0.6235197155552482
3536257,SP,Sudeste,0,0,1,2.4720129582741106,-2.200911431344853
3536307,SP,Sudeste,0,0,1,2.6614533938982174,1.2639721907436998
3536406,SP,Sudeste,0,0,1,2.6175630397786147,0.04774213271533667
3536505,SP,Sudeste,0,0,1,2.8448177902210476,4.953482386146247
3536570,SP,Sudeste,0,0,1,2.6958186187895468,-2.1854896907537302
3536604,SP,Sudeste,0,0,1,1.3318630237914033,-0.23030525483921876
3536703,SP,Sudeste,0,0,1,1.9651565889182236,2.254822754259757
3536802,SP,Sudeste,0,0,1,-0.8263948029890682,-0.19809587548933844
3536901,SP,Sudeste,0,0,1,2.9324945764241965,-1.3774938753960073
3537008,SP,Sudeste,0,0,1,2.503509833572673,1.8397848468359341
3537107,SP,Sudeste,0,0,1,1.1164500364070198,2.0204951145633907
3537156,SP,Sudeste,0,0,1,1.2591314100266116,-1.4325614149893704
3537206,SP,Sudeste,0,0,1,-0.8765032410001773,-0.4909041608526712
3537305,SP,Sudeste,0,0,2,1.0675566646022787,1.5269481821455362
3537404,SP,Sudeste,0,0,1,1.6704884957673356,0.254246315715995
3537503,SP,Sudeste,0,0,1,2.1127766110016237,0.9926087808967319
3537602,SP,Sudeste,0,0,1,-0.02123362498531558,2.250078527676874
3537701,SP,Sudeste,0,0,1,1.354078255229333,0.1530608636402348
3537800,SP,Sudeste,0,0,1,-0.07313233824084588,0.8536938678124697
3537909,SP,Sudeste,0,0,1,0.7804939766996921,1.0563204733951777
3538006,SP,Sudeste,0,0,1,0.5748532776632707,3.4448272456746816
3538105,SP,Sudeste,0,0,1,1.3782224228676085,0.8874362205893219
3538204,SP,Sudeste,0,0,1,0.0016690108678676437,0.39093682621131093
3538303,SP,Sudeste,0,0,1,2.2078903908696135,-1.3496546609462488
3538501,SP,Sudeste,0,0,1,1.4323669349240744,0.6734634522299592
3538600,SP,Sudeste,0,0,1,0.24078217294004228,0.8215343145446564
3538709,SP,Sudeste,0,0,2,0.5219249134419234,4.574425377473236
3538808,SP,Sudeste,0,0,1,1.7196790307808418,1.112051323256791
3538907,SP,Sudeste,0,0,1,1.0431532399232057,0.38367587858249547
3539004,SP,Sudeste,0,0,1,2.8585624899879796,0.6102298229652762
3539103,SP,Sudeste,0,0,1,0.32144634794460386,2.0300487179594535
3539202,SP,Sudeste,0,0,1,2.0326348527906264,1.8227118600500263
3539301,SP,Sudeste,0,0,1,1.3401173765300396,2.173976926902178
3539400,SP,Sudeste,0,0,1,0.4758164851156605,-0.06498292233377546
3539509,SP,Sudeste,0,0,1,1.1210777561317873,1.3602801577041177
3539608,SP,Sudeste,0,0,1,3.0722620864947734,0.11159620599770692
3539707,SP,Sudeste,0,0,1,2.235775939761304,-0.9009806148492607
3539806,SP,Sudeste,0,0,1,0.09873860336912442,2.97881831683094
3539905,SP,Sudeste,0,0,1,0.3945732326510621,-0.5857329550439947
3540002,SP,Sudeste,0,0,1,3.1637015694343793,1.6258848286769028
3540101,SP,Sudeste,0,0,1,1.9426991898184776,-1.6316055583522042
3540200,SP,Sudeste,0,0,1,1.1003725517883551,2.172399013632964
3540259,SP,Sudeste,0,0,1,2.672741599950316,-1.5460876582666636
3540309,SP,Sudeste,0,0,1,3.0870840413817695,-1.4700683345402048
3540408,SP,Sudeste,0,0,1,2.7357525288821463,-2.001110664328008
3540507,SP,Sudeste,0,0,1,2.470223288933532,-0.5524363878023043
3540606,SP,Sudeste,0,0,1,1.9148340406589992,2.6783604931555205
3540705,SP,Sudeste,0,0,1,1.7666598049315465,2.7803507899580984
3540754,SP,Sudeste,0,0,1,-0.07256281307085388,0.7143376439858142
3540804,SP,Sudeste,0,0,1,2.398280062437808,1.8111525853028254
3540853,SP,Sudeste,0,0,1,-0.33963673301709696,-2.134481601589394
3540903,SP,Sudeste,0,0,1,3.0501470546741674,1.6753794933380635
3541000,SP,Sudeste,0,0,1,-0.28111111776833664,3.2407409244068326
3541059,SP,Sudeste,0,0,1,2.6356584466001474,-0.9412194440853379
3541109,SP,Sudeste,0,0,1,1.682798961913056,-1.765818055153717
3541208,SP,Sudeste,0,0,1,1.5536462447131223,-0.24624755889942457
3541307,SP,Sudeste,0,0,2,0.7270485960829847,1.011069167027385
3541406,SP,Sudeste,0,0,1,0.3461780209129817,3.499783558338259
3541505,SP,Sudeste,0,0,1,0.7347372707858535,0.7725053069853397
3541604,SP,Sudeste,0,0,2,1.767616088182987,2.3261715408697454
3541653,SP,Sudeste,0,0,1,1.099843194428544,-1.2263189569311788
3541703,SP,Sudeste,0,0,1,2.9479661875062697,1.3543952904374401
3541901,SP,Sudeste,0,0,1,0.296219926107823,0.28932167995463054
3542008,SP,Sudeste,0,0,1,1.028562296383694,0.23815738668871284
3542107,SP,Sudeste,0,0,1,2.883038008983272,1.1750840864431045
3542206,SP,Sudeste,0,0,1,2.2991727613595,1.4551576819850862
3542305,SP,Sudeste,0,0,1,2.1418978821621346,-1.1120361064848534
3542404,SP,Sudeste,0,0,1,1.966631982329962,1.2330378271717681
3542503,SP,Sudeste,0,0,1,1.5145633732612214,-0.945861009559638
3542602,SP,Sudeste,0,0,1,-0.3261214865058902,2.0971934866813124
3542701,SP,Sudeste,0,0,1,0.7729522596399971,-0.37333040904236436
3542800,SP,Sudeste,0,0,1,-0.08799833554847457,-1.8989502757729222
3542909,SP,Sudeste,0,0,1,2.169619721487119,-0.018819997992840922
3543006,SP,Sudeste,0,0,1,0.40612903662229144,-0.12959675875922863
3543105,SP,Sudeste,0,0,1,3.133949769670002,-0.998452261904905
3543204,SP,Sudeste,0,0,1,3.3048052840925615,-0.6019665008503783
3543238,SP,Sudeste,0,0,1,2.735194671774292,-1.9839073059818342
3543253,SP,Sudeste,0,0,1,0.5715589475617164,0.7392673145236754
3543303,SP,Sudeste,0,0,2,0.5997003136131257,2.7391667442460745
3543402,SP,Sudeste,0,0,2,1.0885832603631695,4.06513207059107
3543501,SP,Sudeste,0,0,1,1.2699477771973904,-1.3266247434122718
3543709,SP,Sudeste,0,0,1,1.3132736771328024,-0.5949755905976264
3543808,SP,Sudeste,0,0,1,2.6634671111636865,0.26894197679624826
3543907,SP,Sudeste,0,0,2,1.0842462496970084,3.7615601235961957
3544004,SP,Sudeste,0,0,1,1.214928796187094,2.036648157700352
3544103,SP,Sudeste,0,0,2,0.17760415974958885,0.9659851361377968
3544202,SP,Sudeste,0,0,1,1.9248389588612578,0.1766892721237545
3544251,SP,Sudeste,0,0,2,3.1166535050399533,2.376937055766063
3544301,SP,Sudeste,0,0,1,2.027674168530629,0.816927102877153
3544400,SP,Sudeste,0,0,1,1.5817244970112707,-1.9699714253750755
3544509,SP,Sudeste,0,0,1,1.083669501462395,-1.946922460378715
3544608,SP,Sudeste,0,0,1,2.627035931102387,-1.090494023740406
3544707,SP,Sudeste,0,0,1,2.8594326578088625,-2.387067037408727
3544806,SP,Sudeste,0,0,1,2.475830499077164,-0.4331597965341486
3544905,SP,Sudeste,0,0,1,2.223950954031583,-0.12163597744753295
3545001,SP,Sudeste,0,0,1,0.04151057643055184,0.10390455831546738
3545100,SP,Sudeste,0,0,1,1.4354484028700738,-1.3205034376666707
3545159,SP,Sudeste,0,0,1,2.1064016896790068,0.9230425576098416
3545209,SP,Sudeste,0,0,2,1.6825617122492365,3.5066150956930286
3545308,SP,Sudeste,0,0,2,1.4035180973217851,2.496047526501155
3545407,SP,Sudeste,0,0,1,2.7236298827048238,0.9182511109249409
3545506,SP,Sudeste,0,0,1,4.583590650541292,1.3373064521385267
3545605,SP,Sudeste,0,0,1,1.6617144687041472,-0.4855934863401957
3545704,SP,Sudeste,0,0,1,2.8198498706860895,0.15600620537318913
3545803,SP,Sudeste,0,0,2,0.7970266706325977,3.192258778062541
3546009,SP,Sudeste,0,0,1,-0.35061758628621215,0.6270608111609395
3546108,SP,Sudeste,0,0,1,2.9975137043666886,-2.4057101185221064
3546207,SP,Sudeste,0,0,1,1.184036014025955,-1.2338129113416871
3546256,SP,Sudeste,0,0,1,3.1311713450509977,-1.7687763016207463
3546306,SP,Sudeste,0,0,1,1.3454794211090129,0.23936618561416842
3546405,SP,Sudeste,0,0,2,2.310434098776755,2.507146297566405
3546504,SP,Sudeste,0,0,1,2.263039711075058,-0.9565181271171982
3546603,SP,Sudeste,0,0,1,2.001362528697128,1.6720344327543994
3546702,SP,Sudeste,0,0,1,2.6620741727324657,3.452606948309982
3546801,SP,Sudeste,0,0,1,0.017566437873945608,1.8878790285627582
3546900,SP,Sudeste,0,0,1,2.186481911566369,-1.023731208863354
3547007,SP,Sudeste,0,0,1,2.5664969412074177,-0.38884527121791995
3547106,SP,Sudeste,0,0,1,2.561772197600431,-1.3889994784038864
3547304,SP,Sudeste,0,0,1,1.499602854501865,3.512844463602842
3547403,SP,Sudeste,0,0,1,1.0181234678674058,-1.7358554410163352
3547502,SP,Sudeste,0,0,1,2.231684388515434,0.7809311846624689
3547601,SP,Sudeste,0,0,1,1.765514254204041,1.3763510440451752
3547650,SP,Sudeste,0,0,1,2.641924349858299,-1.3861109947954493
3547700,SP,Sudeste,0,0,1,2.3057735424755075,0.7490569134706937
3547809,SP,Sudeste,0,0,2,0.5787229235864589,4.372570580028493
3547908,SP,Sudeste,0,0,1,1.718850016285431,-1.026670220939197
3548005,SP,Sudeste,0,0,1,1.0354859386139106,1.472309859253313
3548054,SP,Sudeste,0,0,1,2.325654840190299,-0.6781855158928862
3548104,SP,Sudeste,0,0,1,3.01826542122514,-0.5777743261715395
3548203,SP,Sudeste,0,0,1,-0.1473956175155554,-0.18409619563501414
3548302,SP,Sudeste,0,0,1,1.0741297065596933,-1.3806599273577211
3548401,SP,Sudeste,0,0,1,0.8339582140568045,-1.573763635104907
3548500,SP,Sudeste,0,0,2,0.9536524843299178,3.420286036787033
3548609,SP,Sudeste,0,0,1,-0.6841460926057852,0.293908469603114
3548708,SP,Sudeste,0,0,1,1.074028616691731,4.784689372160181
3548807,SP,Sudeste,0,0,1,1.480138971317902,3.340322892237674
3548906,SP,Sudeste,0,0,2,0.9751001747130101,3.6204690668517783
3549003,SP,Sudeste,0,0,1,1.6682769301181815,-1.1380417437780035
3549102,SP,Sudeste,0,0,1,1.023449877236454,2.6218075254843893
3549201,SP,Sudeste,0,0,1,2.0171209782409902,-2.231069481864119
3549250,SP,Sudeste,0,0,1,1.2800966419032205,-2.2350475932826472
3549300,SP,Sudeste,0,0,1,2.2006364300325947,-2.3102806644220797
3549409,SP,Sudeste,0,0,2,1.297558599705416,2.4936321740766263
3549508,SP,Sudeste,0,0,1,1.3552985862248852,-0.7970944512478494
3549607,SP,Sudeste,0,0,1,-0.5006789724849806,-1.0804684574460797
3549706,SP,Sudeste,0,0,2,1.0387667806945167,1.7652694957466089
3549805,SP,Sudeste,0,0,1,0.4099432536884512,4.281083789036756
3549904,SP,Sudeste,0,0,2,1.0711937388122432,5.234080934550116
3549953,SP,Sudeste,0,0,1,-0.02401631073243554,-0.19106238331311734
3550001,SP,Sudeste,0,0,1,0.3908503710767287,-0.3841096482283615
3550100,SP,Sudeste,0,0,1,1.5679751694238857,1.7742531376740174
3550209,SP,Sudeste,0,0,1,0.15028864752778084,0.17890572623394121
3550308,SP,Sudeste,1,0,2,-0.3299364578647323,6.650864464206967
3550407,SP,Sudeste,0,0,1,1.1824281259452352,1.0089780566855957
3550506,SP,Sudeste,0,0,1,3.0207661556170735,-0.5738712071035561
3550605,SP,Sudeste,0,0,1,0.6206979548881411,2.412494048270901
3550704,SP,Sudeste,0,0,1,0.7789287411897657,2.0836948980058483
3550803,SP,Sudeste,0,0,1,2.1209458830813985,-0.4858841732687866
3550902,SP,Sudeste,0,0,2,1.2670904126441471,-0.15182423640078743
3551009,SP,Sudeste,0,0,2,-0.7325023530399082,2.764523135531256
3551108,SP,Sudeste,0,0,1,0.1875747661520467,-0.21685385014222033
3551207,SP,Sudeste,0,0,1,2.984774202917779,-1.6329399702073726
3551306,SP,Sudeste,0,0,1,2.520636537438847,0.9865573579985412
3551405,SP,Sudeste,0,0,1,0.7137840304674177,-0.6070031737937921
3551504,SP,Sudeste,0,0,1,1.3400941328208027,1.7829608157032448
3551603,SP,Sudeste,0,0,1,0.7895319818512313,1.1049279663232157
3551702,SP,Sudeste,0,0,1,1.7882125321444844,3.437684944887096
3551801,SP,Sudeste,0,0,1,-0.2799655587883236,0.36157903068867026
3551900,SP,Sudeste,0,0,1,1.6503684603944258,-0.11320756662753598
3552007,SP,Sudeste,0,0,1,-0.6146973448398243,-1.4447835830713573
3552106,SP,Sudeste,0,0,2,0.2987712475208248,1.0967308520401282
3552205,SP,Sudeste,0,0,2,0.4207294423896167,4.696213980463212
3552304,SP,Sudeste,0,0,1,2.1016925356313774,-1.1288690269470611
3552403,SP,Sudeste,0,0,2,0.6198198824531306,4.094409098582908
3552502,SP,Sudeste,0,0,2,0.7099684981930798,4.277627437751637
3552551,SP,Sudeste,0,0,1,3.851896911146781,1.03298099782113
3552601,SP,Sudeste,0,0,1,1.4917581672626705,-0.14522926951437604
3552700,SP,Sudeste,0,0,2,1.9613013434988924,-0.014158583239445653
3552809,SP,Sudeste,0,0,2,0.6014984975478955,3.5198711245274183
3552908,SP,Sudeste,0,0,1,1.0217339596720163,-0.6956001028650105
3553005,SP,Sudeste,0,0,1,1.0827910641035918,0.2729325144260613
3553104,SP,Sudeste,0,0,1,2.0557511625769007,-0.9679963475631999
3553203,SP,Sudeste,0,0,1,1.1637036516205723,-0.8674950921043008
3553302,SP,Sudeste,0,0,1,1.4248447351849562,0.8389736972564461
3553401,SP,Sudeste,0,0,1,2.22216081946078,1.8753733318091512
3553500,SP,Sudeste,0,0,1,1.2399092352516565,-0.14675195591759901
3553609,SP,Sudeste,0,0,1,1.3449385706660415,-0.3034469894203431
3553658,SP,Sudeste,0,0,1,0.32215452384957716,-2.733659972202025
3553708,SP,Sudeste,0,0,1,0.6329641774803854,1.8469637655693891
3553807,SP,Sudeste,0,0,1,1.2713499188420407,0.5706426656758496
3553856,SP,Sudeste,0,0,1,2.5293255985979632,-0.364391297725238
3553906,SP,Sudeste,0,0,1,2.320419357251384,-0.6155856843053056
3553955,SP,Sudeste,0,0,1,2.5978015418858833,2.023026963159362
3554003,SP,Sudeste,0,0,1,0.2558138899558659,2.749410988085114
3554102,SP,Sudeste,0,0,1,0.5178416077278762,3.885832424645662
3554201,SP,Sudeste,0,0,1,2.2821809242149564,-1.9202675617656113
3554300,SP,Sudeste,0,0,2,2.008312567890054,-0.03452313679755739
3554409,SP,Sudeste,0,0,1,2.165164720261759,-0.7727066391077769
3554508,SP,Sudeste,0,0,1,1.227453353252571,1.860066391869836
3554607,SP,Sudeste,0,0,1,0.9321760205991033,-2.0453055417532835
3554656,SP,Sudeste,0,0,1,1.4696504758464648,-1.0215906629055083
3554706,SP,Sudeste,0,0,1,2.08591138845436,0.5829020291708993
3554755,SP,Sudeste,0,0,1,3.0247754124824775,-2.3380242107260205
3554805,SP,Sudeste,0,0,1,0.10196053081480977,1.3661558088597805
3554904,SP,Sudeste,0,0,1,2.226558382153439,-0.471591147352105
3554953,SP,Sudeste,0,0,1,0.3842928137230534,-0.5151249635705281
3555000,SP,Sudeste,0,0,2,1.4535030330917624,1.4622967921246226
3555109,SP,Sudeste,0,0,1,1.8924144754911651,-0.3860261078651028
3555208,SP,Sudeste,0,0,1,1.7454603907042319,-2.282090920445834
3555307,SP,Sudeste,0,0,1,3.3123722223590835,-2.6018863949515856
3555356,SP,Sudeste,0,0,1,3.720217652454036,1.8746118522602728
3555406,SP,Sudeste,0,0,1,-0.28841873359773135,2.2638494933702566
3555505,SP,Sudeste,0,0,1,2.697685130802424,-1.1147193476961728
3555604,SP,Sudeste,0,0,1,3.0140410067007863,0.7734733239038575
3555703,SP,Sudeste,0,0,1,2.4021956727333484,-1.8756237311779254
3555802,SP,Sudeste,0,0,1,2.2854510472274048,-0.30837694112008174
3555901,SP,Sudeste,0,0,1,2.7365746808511275,-2.213994271825485
3556008,SP,Sudeste,0,0,1,2.67221511318078,0.15543295394069004
3556107,SP,Sudeste,0,0,1,1.7439613155515041,1.4065301760984357
3556206,SP,Sudeste,0,0,1,0.8678271918413158,3.237750509039789
3556305,SP,Sudeste,0,0,1,2.1534824985315697,2.231975375340422
3556354,SP,Sudeste,0,0,1,-1.5877314498709727,0.5628564098023258
3556404,SP,Sudeste,0,0,1,0.5788648617242712,1.4392367903841834
3556453,SP,Sudeste,0,0,1,0.16332471267481236,2.772683357497714
3556503,SP,Sudeste,0,0,1,0.7216069387896081,3.2663491387977475
3556602,SP,Sudeste,0,0,1,1.1067707472990604,-0.23633275239205667
3556701,SP,Sudeste,0,0,1,1.8727274661150082,2.9550829921395922
3556800,SP,Sudeste,0,0,1,1.4540904332824158,0.5629081616554357
3556909,SP,Sudeste,0,0,1,2.990111681290931,1.2958174086623475
3556958,SP,Sudeste,0,0,1,2.655866543248873,-1.6132323452712927
3557006,SP,Sudeste,0,0,1,0.6752590052906599,3.195055572262335
3557105,SP,Sudeste,0,0,1,0.48674611552182706,2.2937833876759006
3557154,SP,Sudeste,0,0,1,3.5103841212742943,-1.3785810520770758
3557204,SP,Sudeste,0,0,1,1.3948357592823843,-0.2237734822142673
3557303,SP,Sudeste,0,0,1,0.6442111715342718,-0.03593946069675764
4100103,PR,Sul,0,0,1,1.2223221903221315,-1.0219143875462633
4100202,PR,Sul,0,0,1,0.10703382918972794,0.701741757631628
4100301,PR,Sul,0,0,1,-0.0232195387815966,-0.47937239737745685
4100400,PR,Sul,0,0,1,-1.2124484467442218,2.3852161845818736
4100459,PR,Sul,0,0,1,2.576855031642301,-1.5297621278258886
4100509,PR,Sul,0,0,1,0.8628617081438047,-0.039572800545450745
4100608,PR,Sul,0,0,1,0.8491677609772725,0.45476649414968223
4100707,PR,Sul,0,0,1,1.2222073694440798,-0.9394086085745046
4100806,PR,Sul,0,0,1,0.6983234037796413,-0.23303209428550037
4100905,PR,Sul,0,0,1,0.7816660589070241,-1.5168839491740158
4101002,PR,Sul,0,0,1,1.313599940106106,0.9507498194658821
4101051,PR,Sul,0,0,1,3.662773711229831,-1.6281552922080456
4101101,PR,Sul,0,0,1,1.4947974569204714,0.8275713278909104
4101150,PR,Sul,0,0,1,2.309017221947734,-0.8543876359618514
4101200,PR,Sul,0,0,1,0.4113913027765736,1.3817273246688613
4101309,PR,Sul,0,0,1,1.600559279800966,-1.5588774141145427
4101408,PR,Sul,0,0,1,0.08472930594117606,2.607206087925237
4101507,PR,Sul,0,0,1,0.8470680745884022,2.8188249900772333
4101606,PR,Sul,0,0,1,1.4442294098486121,1.1128096610211267
4101655,PR,Sul,0,0,1,1.5145849513722252,-2.250861611599224
4101705,PR,Sul,0,0,1,1.0817210849917525,0.06820968328135836
4101804,PR,Sul,0,0,1,1.953384073748939,4.45945714851085
4101853,PR,Sul,0,0,1,2.1952528460315595,-2.069900746556689
4101903,PR,Sul,0,0,1,2.185615182922175,-0.004696635773932124
4102000,PR,Sul,0,0,1,1.6674540970912366,0.8657453280130495
4102109,PR,Sul,0,0,1,1.3497438594270728,0.8712315436192077
4102208,PR,Sul,0,0,1,2.4973439018087134,-0.6220229879252968
4102307,PR,Sul,0,0,1,0.9058326553892532,1.6011305152075428
4102406,PR,Sul,0,0,1,0.6736359323408161,0.22440712241497215
4102505,PR,Sul,0,0,1,1.0351567606475154,-0.9616342537444399
4102604,PR,Sul,0,0,1,-0.6704766681004696,-0.00807498527612643
4102703,PR,Sul,0,0,1,2.850688905972299,-1.2577997606410338
4102752,PR,Sul,0,0,1,1.8421115273930793,-2.134259256960988
4102802,PR,Sul,0,0,1,1.1158620858309294,0.49769857579741517
4102901,PR,Sul,0,0,1,0.9090832514241933,0.25689479175834085
4103008,PR,Sul,0,0,1,3.003456253227265,-1.4342268335014696
4103024,PR,Sul,0,0,1,2.793971414966694,-1.6480983890142757
4103040,PR,Sul,0,0,1,0.7437457920697519,0.0456136522049177
4103057,PR,Sul,0,0,1,0.8017151358762775,-0.5585149490483403
4103107,PR,Sul,0,0,1,-1.5169458067921042,1.2429544416710725
4103156,PR,Sul,0,0,1,0.6178688164589241,-1.8318880507733801
4103206,PR,Sul,0,0,1,0.5051246616267839,-1.0551497644831656
4103222,PR,Sul,0,0,1,4.00970261683379,-0.9553884783193148
4103305,PR,Sul,0,0,1,2.154200810546262,-0.8882393400425956
4103354,PR,Sul,0,0,1,1.4461292885554755,-0.5837334453332282
4103370,PR,Sul,0,0,1,1.8862617378550182,-0.800197871140822
4103404,PR,Sul,0,0,1,2.1920085009352834,-1.7500320887947272
4103453,PR,Sul,0,0,1,2.864044606109905,2.343570411010396
4103479,PR,Sul,0,0,1,1.8505376666978202,-1.7095480490342079
4103503,PR,Sul,0,0,1,1.52714452644176,-0.30906204249166763
4103602,PR,Sul,0,0,1,1.9524510251512992,0.8064000003399535
4103701,PR,Sul,0,0,1,1.0900174366499418,2.628782036170278
4103800,PR,Sul,0,0,1,0.6540054328229327,-0.45254545870579066
4103909,PR,Sul,0,0,1,1.54875159166366,0.8114031153668178
4103958,PR,Sul,0,0,1,1.676293785853309,-0.4109705539038305
4104006,PR,Sul,0,0,1,0.1621475707780238,2.1092156998534324
4104055,PR,Sul,0,0,1,3.17052829228224,-1.95012476747735
4104105,PR,Sul,0,0,1,0.24635610741308145,-0.3012431790511509
4104204,PR,Sul,0,0,1,0.9572933962297915,3.348169011314656
4104253,PR,Sul,0,0,1,-0.2060815820952004,0.7515266797067648
4104303,PR,Sul,0,0,1,1.4368285743597464,2.6249472836078978
4104402,PR,Sul,0,0,1,-1.0454227478838014,-0.1762100242493292
4104428,PR,Sul,0,0,1,1.3440494222610049,0.06428404758063733
4104451,PR,Sul,0,0,1,0.6844326208955257,0.21786711373461298
4104501,PR,Sul,0,0,1,0.9897091082339678,0.6569185680184353
4104600,PR,Sul,0,0,1,3.4191093387180915,2.60828316446218
4104659,PR,Sul,0,0,1,0.9622086257672352,1.046541741913308
4104709,PR,Sul,0,0,1,1.032138157540869,0.35874647323793984
4104808,PR,Sul,0,0,1,1.0213643297161712,3.6389994428626333
4104907,PR,Sul,0,0,1,0.8510986983044261,2.1894439067822975
4105003,PR,Sul,0,0,1,2.465713453483406,-0.6092913423921273
4105102,PR,Sul,0,0,1,1.7271883266383747,-0.5597424338705698
4105201,PR,Sul,0,0,1,-2.6147374324915558,0.9429359431427251
4105300,PR,Sul,0,0,1,2.1231539624790767,0.4695701140258248
4105409,PR,Sul,0,0,1,1.7105273439480642,0.3575079483062304
4105508,PR,Sul,0,0,1,1.0503617843197752,2.196183778730823
4105607,PR,Sul,0,0,1,1.9657659789882393,1.2357668518759715
4105706,PR,Sul,0,0,1,1.3761881975493722,0.10150915540841282
4105805,PR,Sul,0,0,1,0.28720597888492816,3.0990810097075827
4105904,PR,Sul,0,0,1,1.0049778144805066,0.9325624907051356
4106001,PR,Sul,0,0,1,0.7145322238652113,-1.0215089622360913
4106100,PR,Sul,0,0,1,2.3334264969488436,-1.488480960610959
4106209,PR,Sul,0,0,1,0.3412983884244018,0.10456069879059103
4106308,PR,Sul,0,0,1,1.5715088602522267,0.09859373060020526
4106407,PR,Sul,0,0,1,0.8758035366044273,1.287846183303127
4106456,PR,Sul,0,0,1,1.383579356956458,-1.837379685711208
4106506,PR,Sul,0,0,1,0.9015505225001054,0.8284280423076689
4106555,PR,Sul,0,0,1,1.1328240707161104,-1.8236561326580907
4106571,PR,Sul,0,0,1,3.0094924670852947,-1.3621484027044244
4106605,PR,Sul,0,0,1,2.227112299943293,1.2799384675657852
4106704,PR,Sul,0,0,1,2.6053060583897567,-1.2050789514699591
4106803,PR,Sul,0,0,1,0.1100683138441511,-0.6700688936103162
4106852,PR,Sul,0,0,1,3.26251462911447,-1.5490589579634684
4106902,PR,Sul,1,0,1,0.37875773854176775,4.994540080006494
4107009,PR,Sul,0,0,1,-0.644109218201273,-0.10556020826125385
4107108,PR,Sul,0,0,1,2.2044357846341187,1.530713309553809
4107124,PR,Sul,0,0,1,0.9709583002709361,-1.6799408562010973
4107157,PR,Sul,0,0,1,0.7279820494704846,-1.4467502390808047
4107207,PR,Sul,0,0,1,0.7901158791029902,1.5968220050204096
4107256,PR,Sul,0,0,1,1.7908677192950488,0.6876576235689849
4107306,PR,Sul,0,0,1,2.0917313641221607,-0.36745480683956155
4107405,PR,Sul,0,0,1,2.0602859046056436,-0.7734847147322096
4107504,PR,Sul,0,0,1,1.8395812433072511,-0.5417365489103377
4107520,PR,Sul,0,0,1,2.5796252212426856,-1.924494191190741
4107538,PR,Sul,0,0,1,2.6526612657612265,-0.20324154728178592
4107546,PR,Sul,0,0,1,1.090062561484478,-1.2232377671059107
4107553,PR,Sul,0,0,1,3.1781904646555272,-1.4315734325657299
4107603,PR,Sul,0,0,1,0.04767405318259668,0.5145080186817246
4107652,PR,Sul,0,0,1,-0.5085936656839357,2.87156416167965
4107702,PR,Sul,0,0,1,1.8074302042549837,-0.6962070427734988
4107736,PR,Sul,0,0,1,2.3563084986001352,-1.6113438573340597
4107751,PR,Sul,0,0,1,0.3500772809236338,-0.35979425892271627
4107801,PR,Sul,0,0,1,3.2224818125034664,-0.3619293495706018
4107850,PR,Sul,0,0,1,1.9009848337245865,-1.699520789923333
4107900,PR,Sul,0,0,1,1.9124429389012843,0.1133457694708818
4108007,PR,Sul,0,0,1,2.1768795273325656,0.7382951354151908
4108106,PR,Sul,0,0,1,2.1045623317156172,-1.3674331284546564
4108205,PR,Sul,0,0,1,3.4675128955355254,-0.7419859989120665
4108304,PR,Sul,0,0,1,1.642877412709003,5.060096483149636
4108320,PR,Sul,0,0,1,1.8965421302136887,-0.9793230452759101
4108403,PR,Sul,0,0,1,0.9331413519239843,2.008800992306485
4108452,PR,Sul,0,0,1,2.3811847112543467,-0.6122623561681808
4108502,PR,Sul,0,0,1,-1.1240635561733192,0.06399211192605993
4108551,PR,Sul,0,0,1,1.2418299475617198,-2.6266516008985845
4108601,PR,Sul,0,0,1,1.4869689121965224,0.46459555414242176
4108650,PR,Sul,0,0,1,0.2793734348233635,0.571320037029703
4108700,PR,Sul,0,0,1,2.397668463758835,-1.142555013042808
4108809,PR,Sul,0,0,1,1.065843995437189,1.0090566561359053
4108908,PR,Sul,0,0,1,3.03378063164088,-0.10052076677642151
4108957,PR,Sul,0,0,1,1.354735002659071,-1.1384351118902933
4109005,PR,Sul,0,0,1,2.168175639719099,-1.452414235353196
4109104,PR,Sul,0,0,1,3.016033730162201,-1.3167807097112763
4109203,PR,Sul,0,0,1,2.113773740291394,-1.3917858245322374
4109302,PR,Sul,0,0,1,2.209141615439483,-0.2980216362340233
4109401,PR,Sul,0,0,1,0.8087321750183953,3.4361557268497767
4109500,PR,Sul,0,0,1,-2.018645018587411,-1.2608671314031892
4109609,PR,Sul,0,0,1,-0.8901913705218526,1.488183664753837
4109658,PR,Sul,0,0,1,1.538812349613173,-1.1544843400050249
4109708,PR,Sul,0,0,1,0.8203789370216881,0.72958084933928
4109757,PR,Sul,0,0,1,2.334104730358635,-0.48557754259903385
4109807,PR,Sul,0,0,1,1.780218582278317,2.05144311806328
4109906,PR,Sul,0,0,1,2.608791045779518,0.004354748369232251
4110003,PR,Sul,0,0,1,1.275183358051997,-0.8144833793217763
4110052,PR,Sul,0,0,1,3.8204717826393786,-2.1607912951500756
4110078,PR,Sul,0,0,1,0.13230506611286508,0.5334475466866542
4110102,PR,Sul,0,0,1,0.6956774008325987,1.1842277295488204
4110201,PR,Sul,0,0,1,-0.62183621139736,-0.11706151149982817
4110300,PR,Sul,0,0,1,1.8886432625086893,-2.555554763027998
4110409,PR,Sul,0,0,1,4.0044857683481165,1.8231199138337881
4110508,PR,Sul,0,0,1,0.8654364834555647,-0.6447851154459817
4110607,PR,Sul,0,0,1,1.6222828277942225,0.36047349443551774
4110656,PR,Sul,0,0,1,3.870761944424801,-2.439431985904918
4110706,PR,Sul,0,0,1,0.40864623503231495,1.823443854585314
4110805,PR,Sul,0,0,1,-0.17925408338964066,0.01953293265863865
4110904,PR,Sul,0,0,1,-0.02005688411916889,-1.4339711911960442
4110953,PR,Sul,0,0,1,2.51212828852025,0.7816211310526373
4111001,PR,Sul,0,0,1,1.8780863883687298,-1.287559251679506
4111100,PR,Sul,0,0,1,3.207746428526471,-0.6117145129310165
4111209,PR,Sul,0,0,1,2.2845376662662673,1.0938809448972886
4111258,PR,Sul,0,0,1,-0.059229388038656995,1.3382368296800962
4111308,PR,Sul,0,0,1,2.612145320931597,-0.3009742403628588
4111407,PR,Sul,0,0,1,1.1459650751866597,-0.45103369946988947
4111506,PR,Sul,0,0,1,0.16490449035149995,0.6193109778090733
4111555,PR,Sul,0,0,1,2.3563160277252178,0.009892852581647339
4111605,PR,Sul,0,0,1,3.6370148176862784,-1.521976977340225
4111704,PR,Sul,0,0,1,2.7005392162693673,-0.9114389551764416
4111803,PR,Sul,0,0,1,1.0061377839930987,2.0341301121167397
4111902,PR,Sul,0,0,1,2.0042614370863565,2.8452585512895094
4112009,PR,Sul,0,0,1,1.3866610987152872,2.6277678268389764
4112108,PR,Sul,0,0,1,1.0569481747616232,0.8876484546683212
4112207,PR,Sul,0,0,1,2.4470001142242515,-1.0962931103532634
4112306,PR,Sul,0,0,1,1.2445782149348583,-1.8580222667346666
4112405,PR,Sul,0,0,1,2.8718312759560396,0.2797233261786891
4112504,PR,Sul,0,0,1,0.9830630222435733,0.2702952953327054
4112603,PR,Sul,0,0,1,2.686133650933149,-2.430923143509259
4112702,PR,Sul,0,0,1,2.0294504942756366,-0.41502439753877934
4112751,PR,Sul,0,0,1,2.475275081999853,-0.1385622254616224
4112801,PR,Sul,0,0,1,1.8078814036696744,0.9932626606604527
4112900,PR,Sul,0,0,1,3.4675720259729745,-1.5986981865323073
4112959,PR,Sul,0,0,1,2.331602556296154,-0.9201481666233843
4113007,PR,Sul,0,0,1,2.381804705109084,0.3981408149362301
4113106,PR,Sul,0,0,1,2.3152388499486265,-1.894751468970817
4113205,PR,Sul,0,0,1,0.8616074838517932,1.662296707648058
4113254,PR,Sul,0,0,1,-0.318499077963791,-1.6108774763500782
4113304,PR,Sul,0,0,1,-0.0018584519012738415,1.0505283466619673
4113403,PR,Sul,0,0,1,2.0573168284529273,-1.442838229827158
4113429,PR,Sul,0,0,1,1.9719300993155424,-2.398867456320836
4113452,PR,Sul,0,0,1,1.5046834825550934,-1.5584977224035068
4113502,PR,Sul,0,0,1,0.5367840508536788,1.0538898077416954
4113601,PR,Sul,0,0,1,2.661855299260786,-0.18987320622566672
4113700,PR,Sul,0,0,2,0.9020281995564033,3.580181736765326
4113734,PR,Sul,0,0,1,3.5378093009624183,-0.23678658069015385
4113759,PR,Sul,0,0,1,1.1334949168096813,-1.9540372595751017
4113809,PR,Sul,0,0,1,2.6763409651957626,-1.6793259917054983
4113908,PR,Sul,0,0,1,1.8218456809735264,0.858286720645169
4114005,PR,Sul,0,0,1,1.332828675980534,0.27911158671848296
4114104,PR,Sul,0,0,1,-0.2592542155138747,1.129724991400141
4114203,PR,Sul,0,0,1,2.37166781280525,2.3354876477838107
4114302,PR,Sul,0,0,1,0.6931245354565668,1.152892113079438
4114351,PR,Sul,0,0,1,1.7562776094915602,-2.9765363547221093
4114401,PR,Sul,0,0,1,2.0969083953944145,1.8249899392241111
4114500,PR,Sul,0,0,1,-0.4002516552796824,-0.04907065136801415
4114609,PR,Sul,0,0,1,0.9763831423337975,2.065485702977448
4114708,PR,Sul,0,0,1,2.4749269198451063,-1.3437519507879017
4114807,PR,Sul,0,0,1,1.2965194872016825,2.39674723207398
4114906,PR,Sul,0,0,1,0.9224415825195453,-0.8148544034656716
4115002,PR,Sul,0,0,1,0.7135983409496294,-0.5073731300409641
4115101,PR,Sul,0,0,1,0.8600829547041673,-0.07263251503457326
4115200,PR,Sul,0,0,2,1.4035630195233135,3.598524540346059
4115309,PR,Sul,0,0,1,2.570942791731048,-0.42663676697734
4115358,PR,Sul,0,0,1,3.1398447507923075,-0.38033462561910825
4115408,PR,Sul,0,0,1,1.3933407492231995,0.027524605966826387
4115457,PR,Sul,0,0,1,2.0877555183817345,-1.3791659606575812
4115507,PR,Sul,0,0,1,2.561211738646946,-1.5373222415758876
4115606,PR,Sul,0,0,1,1.8958138619844096,1.3596730475092436
4115705,PR,Sul,0,0,1,0.5383183756288183,1.5265156407289373
4115739,PR,Sul,0,0,1,1.536081241751429,-2.5851353886578576
4115754,PR,Sul,0,0,1,1.743910025877209,0.46046798485088464
4115804,PR,Sul,0,0,1,1.1661285280036033,2.4202405748535156
4115853,PR,Sul,0,0,1,3.1479390745428293,-0.6879210117628098
4115903,PR,Sul,0,0,1,2.147776672745064,-2.1276216269399653
4116000,PR,Sul,0,0,1,2.8671976930154077,-2.2205141486257602
4116059,PR,Sul,0,0,1,1.368380012948449,-0.3887498562460562
4116109,PR,Sul,0,0,1,1.1701295362741884,-0.6220371006749892
4116208,PR,Sul,0,0,1,-0.5749618972591538,-0.07031665660111971
4116307,PR,Sul,0,0,1,2.376152322087267,-1.5843797608207555
4116406,PR,Sul,0,0,1,2.1931135465913325,-1.9365117776446
4116505,PR,Sul,0,0,1,1.9723866881200087,-1.6583120612756408
4116604,PR,Sul,0,0,1,0.9466196663325032,-1.598951593101685
4116703,PR,Sul,0,0,1,1.9336780947505876,0.4402918107765202
4116802,PR,Sul,0,0,1,2.5781814408694217,-1.3184254608041988
4116901,PR,Sul,0,0,1,0.8786225577585746,1.0422958177969328
4116950,PR,Sul,0,0,1,1.1001456850330567,-1.8110266492406233
4117008,PR,Sul,0,0,1,1.2622383705436195,-1.3134977148996425
4117057,PR,Sul,0,0,1,0.9749398799278411,-0.8585374976772334
4117107,PR,Sul,0,0,1,1.077478419520368,1.4251079795776906
4117206,PR,Sul,0,0,1,1.6599728960760252,-0.20533370577545532
4117214,PR,Sul,0,0,1,2.017962113146799,-2.1163919174569443
4117222,PR,Sul,0,0,1,1.9547232184790295,-0.4264634500400686
4117255,PR,Sul,0,0,1,0.7444306889929023,-0.15099118140718995
4117271,PR,Sul,0,0,1,0.7807877968499521,-1.720282569915322
4117297,PR,Sul,0,0,1,2.4863514870715724,-2.0291450910688065
4117305,PR,Sul,0,0,2,1.7156107037347903,2.475963682983551
4117404,PR,Sul,0,0,1,3.257621072772272,-0.76304359134354
4117453,PR,Sul,0,0,1,3.046027787848669,-0.16005918960239468
4117503,PR,Sul,0,0,1,-0.1722938490320694,1.7666140585978576
4117602,PR,Sul,0,0,1,0.394812100379732,2.0635583363994408
4117701,PR,Sul,0,0,1,0.7422701006902922,0.8524392025002828
4117800,PR,Sul,0,0,1,0.1879848126537891,-0.4594862071209038
4117909,PR,Sul,0,0,1,2.2058402792905034,2.1466548083983987
4118006,PR,Sul,0,0,1,2.2043808488542918,0.6563231760144167
4118105,PR,Sul,0,0,1,2.836814683156301,0.4874123499602077
4118204,PR,Sul,0,0,1,0.6975604388631726,3.0253908760351718
4118303,PR,Sul,0,0,1,2.9362323254677394,-1.5248128695197203
4118402,PR,Sul,0,0,1,0.23556989849441784,2.2050496821568544
4118451,PR,Sul,0,0,1,3.1669228215864895,-0.5601858541334565
4118501,PR,Sul,0,0,1,0.8018809102101425,2.4485992967326746
4118600,PR,Sul,0,0,1,2.9013954888124855,-1.126456886649106
4118709,PR,Sul,0,0,1,1.5428870613679497,-1.445262724747648
4118808,PR,Sul,0,0,1,2.2650569601192148,-0.24750154996083432
4118857,PR,Sul,0,0,1,1.8533114452159256,-0.9580781396650081
4118907,PR,Sul,0,0,1,2.279777287391488,1.9797586834381966
4119004,PR,Sul,0,0,1,2.652679886636095,-1.520363881454004
4119103,PR,Sul,0,0,1,1.4997796413115343,1.6304848097701676
4119152,PR,Sul,0,0,1,1.3234260647935443,3.646009506753267
4119202,PR,Sul,0,0,1,2.7325581775602052,-1.3775185395081246
4119251,PR,Sul,0,0,1,2.9896447363357734,-1.6198003930184008
4119301,PR,Sul,0,0,1,1.3015221323213606,2.2801171028748954
4119400,PR,Sul,0,0,1,1.1397228306275817,1.271699859440926
4119509,PR,Sul,0,0,1,-0.9664131133819237,2.056488639512055
4119608,PR,Sul,0,0,1,0.27562512429535563,0.3235766551621547
4119657,PR,Sul,0,0,1,3.3527139154919032,-1.283070799635384
4119707,PR,Sul,0,0,1,2.8282692364162267,-1.0764370573334854
4119806,PR,Sul,0,0,1,1.8854109453410905,-0.46543097358256796
4119905,PR,Sul,0,0,1,0.12844218965031315,4.331239205352675
4119954,PR,Sul,0,0,1,1.0613333566584162,1.0239978102429752
4120002,PR,Sul,0,0,1,2.298943799847139,1.2689899335572723
4120101,PR,Sul,0,0,1,1.8341491003741863,-0.7960498120086997
4120150,PR,Sul,0,0,1,0.4795045187077033,-0.8814606219172508
4120200,PR,Sul,0,0,1,2.5174407213492076,-0.7408035657894552
4120309,PR,Sul,0,0,1,0.5432309503661007,-1.4735551430904075
4120333,PR,Sul,0,0,1,3.6366350085033656,-0.3737494990380726
4120358,PR,Sul,0,0,1,1.6311325054757981,-0.0736467390886804
4120408,PR,Sul,0,0,1,1.466880861196627,-1.1939859790524563
4120507,PR,Sul,0,0,1,1.5174087799027491,-0.8725812681072269
4120606,PR,Sul,0,0,1,-1.5313376461416994,0.9838450006653321
4120655,PR,Sul,0,0,1,2.746706318986505,-1.3124443660146752
4120705,PR,Sul,0,0,1,1.683401235045182,-0.30263443000198476
4120804,PR,Sul,0,0,1,1.9318598035149706,2.414157423387953
4120853,PR,Sul,0,0,1,3.583747269698534,-0.17238485756113947
4120903,PR,Sul,0,0,2,2.0112460442857256,1.6609647700138235
4121000,PR,Sul,0,0,1,-0.023059130685707505,-0.030390106650177804
4121109,PR,Sul,0,0,1,3.534181878644178,-0.7851226932552693
4121208,PR,Sul,0,0,1,-1.290942127113807,-0.7346649374350812
4121257,PR,Sul,0,0,1,2.673609514337016,-1.4180145936675648
4121307,PR,Sul,0,0,1,3.685360550228144,-1.2601791496360584
4121356,PR,Sul,0,0,1,4.274303608680503,-1.2565163624692148
4121406,PR,Sul,0,0,1,1.6230443133541257,0.1836136224559687
4121505,PR,Sul,0,0,1,0.04876270707418927,0.05729162288759332
4121604,PR,Sul,0,0,1,3.685782678442821,-0.8741723349398267
4121703,PR,Sul,0,0,1,-0.27766444826507897,0.42319581604807865
4121752,PR,Sul,0,0,1,0.49556751329568294,-0.6406252113519616
4121802,PR,Sul,0,0,1,0.9834028781077206,0.9420168477982273
4121901,PR,Sul,0,0,1,0.8984469777126086,-0.4444066067363173
4122008,PR,Sul,0,0,1,0.8274168735925088,-0.3309407034819241
4122107,PR,Sul,0,0,1,3.0810762820354776,-2.45489524398315
4122156,PR,Sul,0,0,2,1.4190444889733578,-0.919565396279751
4122172,PR,Sul,0,0,1,-0.3983376010562412,-1.9564795576913225
4122206,PR,Sul,0,0,1,-0.6432609328896696,2.7457324533204015
4122305,PR,Sul,0,0,1,1.1987490410949597,1.590293474715711
4122404,PR,Sul,0,0,1,1.1150456445660144,2.9705643219386557
4122503,PR,Sul,0,0,1,2.75102864969423,-0.27290600956801897
4122602,PR,Sul,0,0,1,1.020374158088808,0.19427067007403237
4122651,PR,Sul,0,0,1,0.21475577804391147,-0.6070498407843326
4122701,PR,Sul,0,0,1,2.2648710094657947,0.7966889971110627
4122800,PR,Sul,0,0,1,1.5619553269598498,-1.7922053417448491
4122909,PR,Sul,0,0,1,0.26957490470050594,-1.4930468524033185
4123006,PR,Sul,0,0,1,0.8067945745959743,0.8294243713962977
4123105,PR,Sul,0,0,1,2.1707169235892714,-2.201774853329658
4123204,PR,Sul,0,0,1,3.836347537712616,-0.3285159474559936
4123303,PR,Sul,0,0,1,2.5144611153764878,-0.8449587859104318
4123402,PR,Sul,0,0,1,1.4977988890326321,0.01914880739588443
4123501,PR,Sul,0,0,1,2.3198707799631872,1.0521678530530523
4123600,PR,Sul,0,0,1,0.9379592351779115,-3.250430861146479
4123709,PR,Sul,0,0,1,2.0471632594032934,-0.10424661484604499
4123808,PR,Sul,0,0,1,1.1215151681500737,-0.4006709957597746
4123824,PR,Sul,0,0,1,2.2795126556928516,-1.10727343896695
4123857,PR,Sul,0,0,1,-0.6641538937005129,-0.3096127940193619
4123907,PR,Sul,0,0,1,3.071461090616575,-0.7745401002701955
4123956,PR,Sul,0,0,1,0.6050938390619729,-1.9509202882414083
4124004,PR,Sul,0,0,1,2.9876617411849606,-1.1613308077263367
4124020,PR,Sul,0,0,1,1.5573864610352581,0.9416908756681406
4124053,PR,Sul,0,0,1,1.9164948592581648,1.0284825520802858
4124103,PR,Sul,0,0,1,-0.01987763727156602,1.3383023190927463
4124202,PR,Sul,0,0,1,1.7548249618986635,-2.064637917902583
4124301,PR,Sul,0,0,1,3.1148377123623225,-2.460068978570609
4124400,PR,Sul,0,0,1,1.0280200323406412,0.9353049080179272
4124509,PR,Sul,0,0,1,2.942398987155161,1.242035164189523
4124608,PR,Sul,0,0,1,3.7847138192608862,0.9730750048745203
4124707,PR,Sul,0,0,1,0.19422172219567968,-1.2299998519226765
4124806,PR,Sul,0,0,1,1.8541511861951914,0.08354770647551213
4124905,PR,Sul,0,0,1,0.9815926780940305,-1.2576583296786812
4125001,PR,Sul,0,0,1,1.2547751820974957,-0.09757004143554915
4125100,PR,Sul,0,0,1,1.097801123706948,-0.6107497759824474
4125209,PR,Sul,0,0,1,1.4557863278622192,-0.7947985765129328
4125308,PR,Sul,0,0,1,3.6045966232040554,-1.0954860870663181
4125357,PR,Sul,0,0,1,2.6574910927050084,-0.3356884066019364
4125407,PR,Sul,0,0,1,3.1701657781504227,-1.1374417292645471
4125456,PR,Sul,0,0,1,2.0976602073972326,-1.444604611052675
4125506,PR,Sul,0,0,1,0.585598152864832,4.135456769934717
4125555,PR,Sul,0,0,1,2.068988800698861,-2.3150894735169505
4125605,PR,Sul,0,0,1,-0.6535494426668059,0.9156294607141542
4125704,PR,Sul,0,0,1,0.6633270658674525,0.6473606782202956
4125753,PR,Sul,0,0,1,1.995811697284544,-0.8386667876700692
4125803,PR,Sul,0,0,1,2.595996225895943,0.21811980101373749
4125902,PR,Sul,0,0,1,2.1336885112672674,-1.4608202416147757
4126009,PR,Sul,0,0,1,2.0264988472908443,-1.0067828148988907
4126108,PR,Sul,0,0,1,1.7459385697966656,-0.7185774403464453
4126207,PR,Sul,0,0,1,0.20349930491014462,-0.705783840317301
4126256,PR,Sul,0,0,1,-0.4714455721532847,2.4261015550636307
4126272,PR,Sul,0,0,1,4.385698221996898,2.4618685088568117
4126306,PR,Sul,0,0,1,1.2423262671348432,1.2561650293196236
4126355,PR,Sul,0,0,1,3.6095432982410527,-0.9807854651535439
4126405,PR,Sul,0,0,1,2.5370688883669135,-1.333651027723015
4126504,PR,Sul,0,0,1,1.9936658155661842,0.5057602995786699
4126603,PR,Sul,0,0,1,0.37978661219112203,0.7294116193588202
4126652,PR,Sul,0,0,1,3.5641750754434085,-1.142282822244827
4126678,PR,Sul,0,0,1,2.3118991748629822,-0.6237501217963417
4126702,PR,Sul,0,0,1,2.5244152161439093,-0.2727053751859565
4126801,PR,Sul,0,0,1,1.836752971653804,1.0962306117254657
4126900,PR,Sul,0,0,1,2.3030387204146487,-1.081259401133056
4127007,PR,Sul,0,0,1,1.6227521275996049,-0.8312040486811377
4127106,PR,Sul,0,0,1,1.2250238738927732,3.8389943229041363
4127205,PR,Sul,0,0,1,1.2429522705793135,0.7835235422466432
4127304,PR,Sul,0,0,1,1.5575552211276604,0.13210858181037963
4127403,PR,Sul,0,0,1,1.9124122621517117,0.3942520763662878
4127502,PR,Sul,0,0,1,2.0797389770497556,0.5936910844259697
4127601,PR,Sul,0,0,1,-0.06695608531254914,0.3455472742435004
4127700,PR,Sul,0,0,1,1.876675302568948,3.073158303625153
4127809,PR,Sul,0,0,1,0.3175909688268436,-0.5752529012488086
4127858,PR,Sul,0,0,1,1.4678471135786229,0.061973204742487416
4127882,PR,Sul,0,0,1,0.2040285170233729,-0.36523519677374844
4127908,PR,Sul,0,0,1,2.1091302525559854,-0.6509758216231587
4127957,PR,Sul,0,0,1,2.5989895189264183,-0.8142093058007607
4127965,PR,Sul,0,0,1,1.340617752065345,0.7521889447040009
4128005,PR,Sul,0,0,1,1.832744322708885,1.4820375448033405
4128104,PR,Sul,0,0,1,0.14055947076756484,2.2685031425145685
4128203,PR,Sul,0,0,1,0.17832005475904764,1.8850206400645688
4128302,PR,Sul,0,0,1,3.0802559020507148,-2.3390184997728594
4128401,PR,Sul,0,0,1,2.065801728517581,-0.9694644121041927
4128500,PR,Sul,0,0,1,1.352322523895902,0.48561740377804186
4128534,PR,Sul,0,0,1,1.1330909222521013,-0.9844154418011495
4128559,PR,Sul,0,0,1,1.9540834461054217,-0.7765848141534928
4128609,PR,Sul,0,0,1,2.0823820624925213,-0.15628513808615693
4128625,PR,Sul,0,0,1,1.4689977005345358,-1.7104291278196324
4128633,PR,Sul,0,0,1,-1.0081616002417217,-2.094097275026952
4128658,PR,Sul,0,0,1,3.3936417105569605,-0.7107513490687387
4128708,PR,Sul,0,0,1,2.5195325662260553,-0.24262015264474127
4128807,PR,Sul,0,0,1,0.4053894394027977,-0.9495522813643569
4200051,SC,Sul,0,0,1,1.9535923575713998,-2.093136186184732
4200101,SC,Sul,0,0,2,1.517226445946744,0.10323594948885628
4200200,SC,Sul,0,0,1,1.2595882033135033,1.453509081611851
4200309,SC,Sul,0,0,1,0.7645699563499837,-0.6756424694764466
4200408,SC,Sul,0,0,1,1.2048427838723328,0.6163641361994621
4200507,SC,Sul,0,0,2,0.8132197286665619,-1.88534838892355
4200556,SC,Sul,0,0,1,3.337542161169091,-1.499744661200041
4200606,SC,Sul,0,0,1,0.0072239248123679815,-0.1417060131487945
4200705,SC,Sul,0,0,2,1.2866550601688167,-0.9115913928686736
4200754,SC,Sul,0,0,1,3.8190811253478665,-2.0676371602931134
4200804,SC,Sul,0,0,2,2.05100719777727,-1.0488986572482624
4200903,SC,Sul,0,0,2,2.3096753599600346,-0.915144795207871
4201000,SC,Sul,0,0,2,0.7177616556560327,-1.5043347682503143
4201109,SC,Sul,0,0,1,1.6292778310762928,-1.343601456075809
4201208,SC,Sul,0,0,2,3.3514259883482347,1.396993860710317
4201257,SC,Sul,0,0,1,0.7759606947081319,1.1547020792174094
4201273,SC,Sul,0,0,1,3.4109064377102682,0.29637554529525645
4201307,SC,Sul,0,0,1,1.1874166168054232,3.7833258232590046
4201406,SC,Sul,0,0,2,0.3850600648134115,1.822426944634743
4201505,SC,Sul,0,0,2,1.4849116224798447,-0.0334554857221864
4201604,SC,Sul,0,0,1,2.1998861504534517,-0.8854000025194667
4201653,SC,Sul,0,0,1,4.166471996221857,-0.08444244432042412
4201703,SC,Sul,0,0,2,1.9151505559865951,0.0580543827914385
4201802,SC,Sul,0,0,2,2.189120485397888,-1.6965239815824382
4201901,SC,Sul,0,0,2,1.3926527593626798,-0.04405494474074448
4201950,SC,Sul,0,0,1,-0.7332441878367736,0.23419710808238844
4202057,SC,Sul,0,0,1,0.08424549492197349,0.6106978438425521
4202073,SC,Sul,0,0,2,0.931775216073839,0.16960006476221878
4202081,SC,Sul,0,0,1,2.1448057376867586,-0.5898822572465581
4202099,SC,Sul,0,0,1,2.3085416342831286,-3.9777613838328554
4202107,SC,Sul,0,0,2,1.712700858803338,2.4024484509895734
4202131,SC,Sul,0,0,1,1.0603743415325126,-1.6755522071881979
4202156,SC,Sul,0,0,1,1.1355812949414967,-2.8615206077423747
4202206,SC,Sul,0,0,2,1.9912833986634064,1.352936033821718
4202305,SC,Sul,0,0,2,0.212407897464203,2.2327591465077514
4202404,SC,Sul,0,0,2,1.4024678809951028,3.7138598460688197
4202438,SC,Sul,0,0,1,1.7179380470671908,-2.418097060997127
4202453,SC,Sul,0,0,1,1.7620292870561043,1.74600436384882
4202503,SC,Sul,0,0,2,3.2852695708693562,-0.5828334192230271
4202537,SC,Sul,0,0,1,3.728617444991781,-0.633359056555841
4202578,SC,Sul,0,0,1,3.474488282939042,-2.0742631237099314
4202602,SC,Sul,0,0,2,1.7924773242921548,-0.2570743828480476
4202701,SC,Sul,0,0,2,3.4721507722432783,1.6955668622074582
4202800,SC,Sul,0,0,2,1.3168315262395813,1.5261059839107176
4202859,SC,Sul,0,0,1,2.5157172306240088,1.037331499657516
4202875,SC,Sul,0,0,2,2.5442903076864263,-2.9192876354283066
4202909,SC,Sul,0,0,2,1.4777078073586947,3.485046012654887
4203006,SC,Sul,0,0,2,2.5402696330417105,2.9718442229838753
4203105,SC,Sul,0,0,2,3.354270421168559,-0.04870145976522903
4203154,SC,Sul,0,0,1,-0.021010520715228805,-1.4155683783883373
4203303,SC,Sul,0,0,1,1.883971039762818,1.5897850222659293
4203402,SC,Sul,0,0,2,2.1163582060629724,-1.1361805383371408
4203501,SC,Sul,0,0,1,1.3972116693636203,-0.319761245266843
4203600,SC,Sul,0,0,2,1.4074076233353698,2.321118049250378
4203709,SC,Sul,0,0,2,-0.037381138286234405,0.058965527112222776
4203808,SC,Sul,0,0,2,1.4809651318359311,1.9390143992501931
4203907,SC,Sul,0,0,1,2.246606893956346,1.8275152766496876
4203956,SC,Sul,0,0,2,2.643214793967997,2.799691711014384
4204004,SC,Sul,0,0,1,2.2380778089242193,0.7822678355379866
4204103,SC,Sul,0,0,1,3.694988763900732,-0.18429177428401358
4204152,SC,Sul,0,0,1,2.2591081613762576,-2.2122295967201664
4204178,SC,Sul,0,0,1,-0.05812283154437128,-2.3409202703253156
4204194,SC,Sul,0,0,1,2.8651036668641154,-0.8391550740850484
4204202,SC,Sul,0,0,2,1.3151552889292106,3.692434946511043
4204251,SC,Sul,0,0,2,2.5960022744487623,1.6794688849009143
4204301,SC,Sul,0,0,2,2.1684395442196807,2.3680850211310585
4204350,SC,Sul,0,0,1,2.3035491837291344,0.3461255204523707
4204400,SC,Sul,0,0,1,1.6286275253106124,-0.07599563584090938
4204459,SC,Sul,0,0,1,2.554187457062299,-1.4398754998933871
4204509,SC,Sul,0,0,1,2.50035833770656,1.1323934285525454
4204558,SC,Sul,0,0,2,2.3214033499592883,1.404468266855107
4204608,SC,Sul,0,0,2,1.1525328256808336,3.200604430075572
4204707,SC,Sul,0,0,2,3.296860117150407,0.7113813489352392
4204756,SC,Sul,0,0,1,2.416262767281838,-2.10494281620198
4204806,SC,Sul,0,0,2,1.970736456010049,2.518520963175478
4204905,SC,Sul,0,0,2,2.1240697909296777,-1.2939033385528533
4205001,SC,Sul,0,0,2,0.7712608623344065,-0.43980140361085124
4205100,SC,Sul,0,0,1,2.117157857458168,0.3289207791327772
4205159,SC,Sul,0,0,1,2.356579985194207,0.3181993699594675
4205175,SC,Sul,0,0,1,1.5703038391422524,-2.5359829835350745
4205191,SC,Sul,0,0,1,0.12334170860342121,-1.0214943719435015
4205209,SC,Sul,0,0,1,2.96860179341109,-0.5140228475424565
4205308,SC,Sul,0,0,1,2.3174353867096475,0.8504559636268331
4205357,SC,Sul,0,0,1,3.4275398901239966,-2.0714839303160875
4205407,SC,Sul,1,0,2,0.7058311955923212,3.6078837605543232
4205431,SC,Sul,0,0,1,2.8933101559929035,-1.660312235567751
4205456,SC,Sul,0,0,2,1.4762143414344533,1.4395946333463592
4205506,SC,Sul,0,0,2,1.2527281856954262,1.2650543323161216
4205555,SC,Sul,0,0,1,2.3605480775489327,-1.797491554986152
4205605,SC,Sul,0,0,1,3.2658896742837102,-1.0792541555220059
4205704,SC,Sul,0,0,1,0.40213319048428997,1.172922569528115
4205803,SC,Sul,0,0,1,0.7230950693223924,2.5625437401135867
4205902,SC,Sul,0,0,2,1.5246919706461897,3.040349171778532
4206009,SC,Sul,0,0,1,0.2959223684524462,0.5020890170979825
4206108,SC,Sul,0,0,2,1.7880617029865877,-0.2502654802233897
4206207,SC,Sul,0,0,2,0.9329415475361211,0.11395395064143705
4206306,SC,Sul,0,0,1,1.9684079558662044,2.268817775961501
4206405,SC,Sul,0,0,1,2.5651590018095467,-0.3155131559574921
4206504,SC,Sul,0,0,1,0.6049655048632608,2.605077708658705
4206603,SC,Sul,0,0,1,3.2958246494334724,-0.18053858347570004
4206652,SC,Sul,0,0,2,2.0465759060131266,0.28018254167290735
4206702,SC,Sul,0,0,2,1.8996231994974886,0.9253294597998456
4206751,SC,Sul,0,0,1,3.28833341191603,-1.6211715384003444
4206801,SC,Sul,0,0,1,2.74087748656133,-0.40280856705264295
4206900,SC,Sul,0,0,1,1.4858002634432506,1.0068866755157464
4207007,SC,Sul,0,0,2,1.481849683100249,2.4699216630866228
4207106,SC,Sul,0,0,2,1.6591214368120724,1.7516453553509546
4207205,SC,Sul,0,0,2,1.1497071109285024,-1.4956144376955485
4207304,SC,Sul,0,0,2,1.529690993356372,1.6929237837651099
4207403,SC,Sul,0,0,1,2.883724543088986,-0.32747993612194626
4207502,SC,Sul,0,0,2,2.0786897941590294,2.89191889326983
4207577,SC,Sul,0,0,1,4.337706202880222,-0.7002606205702343
4207601,SC,Sul,0,0,1,2.646479641893635,-2.283227956253544
4207650,SC,Sul,0,0,2,2.580563333493151,-0.5769800619949467
4207684,SC,Sul,0,0,1,2.4779354286569895,-0.3033294204439678
4207700,SC,Sul,0,0,1,1.977190401508493,0.17413787411865406
4207759,SC,Sul,0,0,1,2.7715963679061333,-3.1256480788639
4207809,SC,Sul,0,0,2,2.5680478035786205,-0.015754860137478895
4207858,SC,Sul,0,0,1,2.049415400887823,-2.425222331202316
4207908,SC,Sul,0,0,1,1.7603272206640614,0.24587197514754783
4208005,SC,Sul,0,0,2,2.7730151642973455,-0.28118751775572187
4208104,SC,Sul,0,0,2,1.24990367819083,0.736495376003774
4208203,SC,Sul,0,0,2,1.4672878322388365,3.8090620234960983
4208302,SC,Sul,0,0,1,1.2683720785122465,2.690400753711931
4208401,SC,Sul,0,0,2,2.514236549727781,0.6256685115746381
4208450,SC,Sul,0,0,1,1.0486294227995807,1.6112282479394058
4208500,SC,Sul,0,0,2,2.3192063590290983,0.7271602578773179
4208609,SC,Sul,0,0,1,3.2163845146458687,-0.43996157884366194
4208708,SC,Sul,0,0,2,2.581221422633282,0.02086239478362548
4208807,SC,Sul,0,0,2,1.8026095954337247,1.118630952652901
4208906,SC,Sul,0,0,2,1.4813466945111382,3.8828760683065635
4208955,SC,Sul,0,0,1,3.6981097543935,-1.9804017770716162
4209003,SC,Sul,0,0,2,1.8153103180136139,1.2410841105723927
4209102,SC,Sul,0,0,2,0.750572992614096,4.7629581771697955
4209151,SC,Sul,0,0,2,0.23535406027113562,-0.6457119541874978
4209177,SC,Sul,0,0,1,3.6415963470923924,-1.9338640141724894
4209201,SC,Sul,0,0,1,3.6326344685949468,-1.1295793525804823
4209300,SC,Sul,0,0,2,0.4646775888783533,2.8817090650237267
4209409,SC,Sul,0,0,2,0.20636490041351443,0.6641178455295033
4209458,SC,Sul,0,0,1,2.676427145467729,-1.8369030406784883
4209508,SC,Sul,0,0,1,2.034531990032941,1.5659016423123484
4209607,SC,Sul,0,0,2,1.4268344472764638,0.8350486561676419
4209706,SC,Sul,0,0,2,1.1664024400382735,-0.4922238365886864
4209805,SC,Sul,0,0,1,0.1014417897004262,-0.6603623993818243
4209854,SC,Sul,0,0,1,1.670952514807432,-0.6092721782996378
4209904,SC,Sul,0,0,1,0.11313920340895611,1.1160084913783006
4210001,SC,Sul,0,0,2,1.668431425277905,0.8189388457038129
4210035,SC,Sul,0,0,1,2.9943812325057655,1.3335212544481132
4210050,SC,Sul,0,0,1,1.970339598612296,-2.606771221307479
4210100,SC,Sul,0,0,2,1.1247496456002906,1.6003335177817137
4210209,SC,Sul,0,0,1,0.6198851710441479,-1.8851956073013387
4210308,SC,Sul,0,0,1,1.3284514698014742,-0.746473627250063
4210407,SC,Sul,0,0,1,1.608742235172849,0.1616692906252716
4210506,SC,Sul,0,0,2,2.802024653420959,2.25239962480714
4210555,SC,Sul,0,0,1,1.9844060465680053,-2.649710974914028
4210605,SC,Sul,0,0,2,1.5939517705474269,0.8868079789689917
4210704,SC,Sul,0,0,1,2.273349424745233,-1.193284530589874
4210803,SC,Sul,0,0,1,1.770652284828665,0.200790982717441
4210852,SC,Sul,0,0,1,0.9720013863939164,-1.6241721890036107
4210902,SC,Sul,0,0,1,3.336106359216057,-0.8205842230040448
4211009,SC,Sul,0,0,2,2.6559168230757004,2.461426421219677
4211058,SC,Sul,0,0,1,-0.24688100215558778,0.6438275211513114
4211108,SC,Sul,0,0,2,1.8952165502835379,-0.6321056349036057
4211207,SC,Sul,0,0,1,2.266927511958889,1.8315243084102721
4211256,SC,Sul,0,0,2,3.039647354846318,-0.6052259444389209
4211306,SC,Sul,0,0,2,1.238793572463141,2.9691506763388373
4211405,SC,Sul,0,0,1,3.181117747372793,0.4710627483381578
4211454,SC,Sul,0,0,1,2.7261610408331762,-0.8039403738521403
4211504,SC,Sul,0,0,2,2.199422580727853,2.4259745585029315
4211603,SC,Sul,0,0,2,2.5535793392740236,1.3932489920801074
4211652,SC,Sul,0,0,1,4.014431014771909,-1.1975705377912242
4211702,SC,Sul,0,0,2,2.091034113553626,1.2151236097494178
4211751,SC,Sul,0,0,2,2.834743744952332,1.8044116191023556
4211801,SC,Sul,0,0,1,2.3121018218241565,-0.6494872425691629
4211850,SC,Sul,0,0,1,2.9276125756871227,-1.6817287090938167
4211876,SC,Sul,0,0,1,2.3252539024335857,-2.7296065518274553
4211892,SC,Sul,0,0,1,3.1236554379334587,-1.73175159477119
4211900,SC,Sul,0,0,2,0.29306676403221465,3.259722142160723
4212007,SC,Sul,0,0,1,1.1110686748067673,-0.6702965643401758
4212056,SC,Sul,0,0,1,2.0786603532421877,-0.20972906970685098
4212106,SC,Sul,0,0,2,2.270842976526899,-0.3347969806474864
4212205,SC,Sul,0,0,2,1.287094121229786,0.8434455914084878
4212239,SC,Sul,0,0,1,2.2789940389204215,-1.3953355416589786
4212254,SC,Sul,0,0,1,1.3402725248083993,0.47274260501290716
4212270,SC,Sul,0,0,2,2.115911186501639,-1.8239842962521173
4212304,SC,Sul,0,0,1,0.946153617378874,-0.13962399558240965
4212403,SC,Sul,0,0,1,1.9538526250234176,-0.6004828210507575
4212502,SC,Sul,0,0,1,-0.013446585380695037,1.4655463881960866
4212601,SC,Sul,0,0,1,3.3390094474444925,-0.9447598481079983
4212650,SC,Sul,0,0,1,-1.0962987364433292,-1.0647194390143775
4212700,SC,Sul,0,0,1,1.1346554177109305,-0.845198736609131
4212809,SC,Sul,0,0,1,1.553740670856694,1.8934772906762967
4212908,SC,Sul,0,0,2,2.60426152584739,2.525953381451915
4213005,SC,Sul,0,0,1,2.904269993628881,0.5466505751003254
4213104,SC,Sul,0,0,1,3.9336673802049673,1.6312128511989443
4213153,SC,Sul,0,0,1,3.1795176600906436,-0.9752259314136852
4213203,SC,Sul,0,0,1,2.6024269514900085,2.5701311950454193
4213302,SC,Sul,0,0,2,1.9670752458054757,-1.0978726222602062
4213351,SC,Sul,0,0,1,1.135897034448783,-1.1961937570006305
4213401,SC,Sul,0,0,2,1.9760183476284707,-0.0032946110161285675
4213500,SC,Sul,0,0,1,1.2174099779860854,1.8304532637104767
4213609,SC,Sul,0,0,2,1.4992290464307718,0.9066431187957682
4213708,SC,Sul,0,0,2,2.0407350656716927,1.166727597532487
4213807,SC,Sul,0,0,2,1.3032486003934758,-0.616974120489721
4213906,SC,Sul,0,0,1,2.402793315814129,-1.545552984279179
4214003,SC,Sul,0,0,2,1.5081247897460817,2.4000468843829235
4214102,SC,Sul,0,0,1,1.9517904931035013,-1.988425840165708
4214151,SC,Sul,0,0,1,3.1893458564437203,0.30689556566252923
4214201,SC,Sul,0,0,1,1.4262202615907154,1.658941326062441
4214300,SC,Sul,0,0,2,2.0333927631437048,-1.5894548395959405
4214409,SC,Sul,0,0,1,3.307983720540868,-0.5190135986441272
4214508,SC,Sul,0,0,2,2.401059130299565,-0.823256441858723
4214607,SC,Sul,0,0,2,2.5146442945578387,0.03311060102528377
4214706,SC,Sul,0,0,1,1.300150682126994,1.5955297341431853
4214805,SC,Sul,0,0,2,1.5979138271337574,2.587961154192194
4214904,SC,Sul,0,0,1,3.4712891335881277,0.2789991287546792
4215000,SC,Sul,0,0,2,2.1153181128481,2.0881643311207485
4215059,SC,Sul,0,0,1,0.5582997489632844,-2.8349226648395556
4215075,SC,Sul,0,0,1,1.5674407315076648,-1.1804650033256892
4215109,SC,Sul,0,0,2,2.7751698607032425,0.43200936910710097
4215208,SC,Sul,0,0,1,1.9705579820616685,-1.4938969016611487
4215307,SC,Sul,0,0,2,1.9979512477771515,1.0269424281388142
4215356,SC,Sul,0,0,1,1.6354836736878755,-1.3487371424435417
4215406,SC,Sul,0,0,1,3.631367910220333,0.5170838476321943
4215455,SC,Sul,0,0,2,1.764522078792116,1.1692606358000446
4215505,SC,Sul,0,0,1,1.9243251924208782,1.7449510457021677
4215554,SC,Sul,0,0,1,3.74841207266107,-1.1970068035624464
4215604,SC,Sul,0,0,1,3.4457048425367782,-1.9943246592376593
4215653,SC,Sul,0,0,2,1.579216012925994,-1.0054089259404926
4215679,SC,Sul,0,0,2,1.7384890530211408,-1.2689758712718564
4215687,SC,Sul,0,0,1,1.1671460469274764,-1.2692065380576993
4215695,SC,Sul,0,0,1,2.304142376929584,-2.28193514456884
4215703,SC,Sul,0,0,2,1.7485522228883787,2.1918465106283516
4215752,SC,Sul,0,0,1,3.0184007807559134,-0.23285329636238206
4215802,SC,Sul,0,0,2,1.858001667644365,3.247586798499535
4215901,SC,Sul,0,0,1,2.225897791952,-1.1382423815943348
4216008,SC,Sul,0,0,2,2.4589788548238767,0.6696689338730908
4216057,SC,Sul,0,0,1,1.7577258536552887,-0.24704754992916517
4216107,SC,Sul,0,0,2,2.1368216461718075,0.537647058693432
4216206,SC,Sul,0,0,2,1.4285622903852224,2.5522121250585963
4216255,SC,Sul,0,0,1,2.490338078219016,-0.24962587492284982
4216305,SC,Sul,0,0,2,1.1007776811528287,1.7448876259284125
4216354,SC,Sul,0,0,1,1.4909314233628792,0.6596383979113345
4216404,SC,Sul,0,0,1,2.7182635019883414,-0.7453982934917894
4216503,SC,Sul,0,0,2,1.9464219592776615,0.05892762245234744
4216602,SC,Sul,0,0,2,0.9552211819840714,3.194378884446096
4216701,SC,Sul,0,0,1,1.642040056213121,0.09988915096280869
4216800,SC,Sul,0,0,2,0.9745947402458418,-0.9131590094183686
4216909,SC,Sul,0,0,1,2.355674044124789,1.8868402459707834
4217006,SC,Sul,0,0,1,2.7704062185405145,1.9756839266824986
4217105,SC,Sul,0,0,2,2.0479213488565082,-1.6497297954674883
4217154,SC,Sul,0,0,1,3.0305818898407173,-1.9526986562345654
4217204,SC,Sul,0,0,2,2.1089565294737054,1.8181190796231197
4217253,SC,Sul,0,0,2,0.48622225543341563,-1.2600830245259462
4217303,SC,Sul,0,0,2,2.631857234381755,0.8433156031011835
4217402,SC,Sul,0,0,2,1.0552436197858979,1.5968206331405332
4217501,SC,Sul,0,0,2,2.283600571013157,1.6010222230454034
4217550,SC,Sul,0,0,1,3.086626415343372,-1.054742247037502
4217600,SC,Sul,0,0,2,2.6380726810460398,1.086532397266786
4217709,SC,Sul,0,0,2,1.8305805921606462,0.5810439863042026
4217758,SC,Sul,0,0,1,2.799199680586131,-2.0254970006918644
4217808,SC,Sul,0,0,2,1.718101682384488,0.5963469233235298
4217907,SC,Sul,0,0,2,3.208197619547815,0.6974211015968363
4217956,SC,Sul,0,0,1,3.278243126315438,-1.6872436277391902
4218004,SC,Sul,0,0,2,0.7780668624916635,2.25012421187535
4218103,SC,Sul,0,0,1,2.100653670747497,-1.2526340597390024
4218202,SC,Sul,0,0,2,2.4648409804095115,2.225672598014825
4218251,SC,Sul,0,0,1,2.016283549906939,0.056790992108874186
4218301,SC,Sul,0,0,2,2.8343917096650943,2.4055480673339056
4218350,SC,Sul,0,0,1,2.838822150560696,1.6288236943342067
4218400,SC,Sul,0,0,1,0.8608217733691835,-0.8763644890333994
4218509,SC,Sul,0,0,1,3.5430062983522195,2.309388724835276
4218608,SC,Sul,0,0,1,1.3779871244490465,1.1208900417249028
4218707,SC,Sul,0,0,2,1.1171298993780263,2.2695137619085894
4218756,SC,Sul,0,0,2,3.0009571575827874,-1.5647613989609475
4218806,SC,Sul,0,0,2,1.769349619462176,0.5800673585518709
4218855,SC,Sul,0,0,1,3.0153072020404283,-1.6062000547285078
4218905,SC,Sul,0,0,1,-0.4620204490634244,-0.43707516052740253
4218954,SC,Sul,0,0,2,2.4783337918495425,-2.307155358283694
4219002,SC,Sul,0,0,2,1.551218223976111,1.3890716860991563
4219101,SC,Sul,0,0,1,2.586403987503729,-0.7297523915692109
4219150,SC,Sul,0,0,1,1.9658871471791002,-1.4775488421336382
4219176,SC,Sul,0,0,2,4.710002669509403,1.5644663970895683
4219200,SC,Sul,0,0,1,1.2542966673798217,0.10754321060707638
4219309,SC,Sul,0,0,2,2.049541666400965,2.541143595323634
4219358,SC,Sul,0,0,1,1.6283329764515901,-1.5601674432932586
4219408,SC,Sul,0,0,1,2.337028751282073,0.41959543456559323
4219507,SC,Sul,0,0,2,1.6706500240515703,1.8879833092215106
4219606,SC,Sul,0,0,1,2.33850570127792,-1.7298076391471748
4219705,SC,Sul,0,0,2,2.3450629384532546,1.011303275499087
4219853,SC,Sul,0,0,1,2.5998263009477958,-1.1837175968813185
4220000,SC,Sul,0,0,2,0.6586549482875564,0.4390825132950831
4300034,RS,Sul,0,0,1,1.7204063508951823,-1.0740432995092688
4300059,RS,Sul,0,0,1,2.856588091285069,-0.16393549110672007
4300109,RS,Sul,0,0,2,2.345028192520099,-0.08474399063352048
4300208,RS,Sul,0,0,2,2.5854739814637204,-0.603853679290439
4300307,RS,Sul,0,0,2,1.2850063999711723,-0.8685940531254783
4300406,RS,Sul,0,0,2,0.8461635038384929,1.4320604813665458
4300455,RS,Sul,0,0,2,2.3861471920067285,-1.7138058838487154
4300471,RS,Sul,0,0,1,3.327690078586885,0.35221472900310424
4300505,RS,Sul,0,0,1,3.602515254161071,1.1395785608526812
4300554,RS,Sul,0,0,1,3.453772644133371,-2.351573786229805
4300570,RS,Sul,0,0,1,2.3509603896560054,-1.0166183534629618
4300604,RS,Sul,0,0,2,-0.5536281928758511,2.639971770664589
4300638,RS,Sul,0,0,2,0.16843503292851378,-1.7073386467625677
4300646,RS,Sul,0,0,2,1.2075116780636932,-0.38047612599670133
4300661,RS,Sul,0,0,1,4.233643117418896,-2.2008212191772065
4300703,RS,Sul,0,0,1,2.072507720674321,-0.6886330717492724
4300802,RS,Sul,0,0,2,2.788970261076617,1.2069247846365434
4300851,RS,Sul,0,0,1,2.0955800215958744,-1.6746041158587868
4300877,RS,Sul,0,0,1,0.529996136809605,0.7868379782986318
4300901,RS,Sul,0,0,2,4.327946746220423,2.18433815472189
4301008,RS,Sul,0,0,1,1.9212490325631282,2.022517281334736
4301057,RS,Sul,0,0,1,1.895448360307276,0.17199753491666933
4301073,RS,Sul,0,0,1,2.0893066395138,-2.895416350215199
4301107,RS,Sul,0,0,2,1.1923720480919804,0.32992848551189713
4301206,RS,Sul,0,0,2,1.3076818574035205,-0.5462763081789838
4301305,RS,Sul,0,0,2,1.742429272022556,-0.5452457104088672
4301404,RS,Sul,0,0,2,0.6413150005257495,-0.09262606854666679
4301503,RS,Sul,0,0,2,1.8656015704793496,-0.8221360331170042
4301552,RS,Sul,0,0,2,2.813693356703038,-1.640635579257504
4301602,RS,Sul,0,0,2,0.6803516310161425,1.7745026331819578
4301636,RS,Sul,0,0,1,0.7750328580780987,0.4164932275306211
4301651,RS,Sul,0,0,1,2.5798644068866134,0.0636652497477872
4301701,RS,Sul,0,0,2,2.8063995006226796,0.03737030793993157
4301750,RS,Sul,0,0,1,-0.07543635568183078,-1.941185484680534
4301800,RS,Sul,0,0,1,2.542299390198714,-0.8931760648254048
4301859,RS,Sul,0,0,1,0.2780740771353704,-2.716779255174739
4301875,RS,Sul,0,0,2,1.9243961419937015,-1.271972940361373
4301909,RS,Sul,0,0,2,-0.2884570955602328,0.09109061949870013
4301958,RS,Sul,0,0,2,3.8039023543794905,-0.6046774348448626
4302006,RS,Sul,0,0,2,0.6132867697575831,-1.5397039983696723
4302105,RS,Sul,0,0,2,1.728751251181612,3.1400708592925897
4302204,RS,Sul,0,0,2,2.4814783600790777,0.03937965795567057
4302220,RS,Sul,0,0,1,3.957879961605179,-2.1618080659390073
4302238,RS,Sul,0,0,1,2.0593915286794475,-2.5846399007664647
4302253,RS,Sul,0,0,1,3.503656284941461,-0.8454399784248241
4302303,RS,Sul,0,0,2,1.3782295520092602,0.2476349484870047
4302352,RS,Sul,0,0,2,2.7152629735288385,1.155539740459183
4302378,RS,Sul,0,0,1,1.7626852590978626,-2.826337356474129
4302402,RS,Sul,0,0,2,0.7916778142342019,1.0087427508813918
4302451,RS,Sul,0,0,1,-0.3683694804310202,-0.08762215840734901
4302501,RS,Sul,0,0,2,1.9346385959060188,-1.7440939559325586
4302584,RS,Sul,0,0,1,3.1444748740089623,-2.011720297294029
4302600,RS,Sul,0,0,2,1.5279227577116425,-0.9526902462255362
4302659,RS,Sul,0,0,2,1.8008922989172422,-1.278811085180412
4302709,RS,Sul,0,0,2,0.5957925660188499,0.7862744308933958
4302808,RS,Sul,0,0,2,0.5292968874454562,0.7071427322555617
4302907,RS,Sul,0,0,2,1.071864191480052,-0.5583691307525352
4303004,RS,Sul,0,0,2,0.5971956316594833,1.3428654923683114
4303103,RS,Sul,0,0,2,0.967835434669193,3.1850338757099124
4303202,RS,Sul,0,0,1,1.8696569306048958,-1.4720825250508718
4303301,RS,Sul,0,0,1,1.2302598362212736,-1.165714839305826
4303400,RS,Sul,0,0,1,1.928207601212232,-1.420527605877296
4303509,RS,Sul,0,0,2,0.8374111677675726,1.7225748229135505
4303558,RS,Sul,0,0,1,2.4549929823360936,0.929454938256544
4303608,RS,Sul,0,0,2,1.6306018613442963,-0.6076025868791787
4303673,RS,Sul,0,0,1,3.0938242543635224,-1.7336476094557296
4303707,RS,Sul,0,0,1,1.3780544843790705,-1.067517817475117
4303806,RS,Sul,0,0,2,3.2193419002065076,-0.7625842432760014
4303905,RS,Sul,0,0,2,2.1411507662248392,3.048611272927132
4304002,RS,Sul,0,0,2,2.047696196961085,-0.48666731622800863
4304101,RS,Sul,0,0,2,2.549749573527793,-1.812013403577665
4304200,RS,Sul,0,0,2,0.6757486244326104,0.6225357460168578
4304309,RS,Sul,0,0,2,2.6286303825619353,-0.7211824210472828
4304358,RS,Sul,0,0,2,2.7010795683957327,3.2765128010615814
4304408,RS,Sul,0,0,2,0.6934836842174908,1.62790892147055
4304507,RS,Sul,0,0,2,-0.4094533021383016,0.49152661708431183
4304606,RS,Sul,0,0,2,0.7229057641786177,4.417774708680467
4304622,RS,Sul,0,0,1,2.4744977587105126,-1.3808393524693625
4304630,RS,Sul,0,0,2,1.5038056065963719,1.9274648981070306
4304655,RS,Sul,0,0,1,3.788765286689314,-0.9530419881884231
4304663,RS,Sul,0,0,2,0.9749124615533533,0.8929510354366275
4304671,RS,Sul,0,0,1,3.163784049445939,-0.8585343010126132
4304689,RS,Sul,0,0,1,0.0608060972404897,0.32931779517622894
4304697,RS,Sul,0,0,1,2.5763336823790075,-1.805017183264266
4304705,RS,Sul,0,0,2,1.7570174860033059,1.8289833256010157
4304713,RS,Sul,0,0,1,-0.8299531112132473,-1.5138339736117186
4304804,RS,Sul,0,0,2,2.6478759431816887,3.004029001055073
4304853,RS,Sul,0,0,1,2.9129336742031176,-3.075510275827101
4304903,RS,Sul,0,0,2,2.0723912494733017,0.4838514862521663
4304952,RS,Sul,0,0,1,3.3798397314999797,-1.2632383302891974
4305009,RS,Sul,0,0,2,2.0182520677402223,-0.003664652614698052
4305108,RS,Sul,0,0,2,1.197022316358714,4.233115289453837
4305116,RS,Sul,0,0,2,2.4307059850084474,-2.635228320005954
4305124,RS,Sul,0,0,1,1.2076250721009334,-2.2116936531731097
4305132,RS,Sul,0,0,1,1.7297893537964892,-2.6506303414332884
4305157,RS,Sul,0,0,2,2.597640273210712,-3.10332954372752
4305173,RS,Sul,0,0,2,-0.10532410157623918,-0.907065153138072
4305207,RS,Sul,0,0,2,2.080216913133603,0.7395805467828546
4305306,RS,Sul,0,0,1,2.808037557676556,-1.2761423397085194
4305355,RS,Sul,0,0,2,1.3306489504296943,2.15571829201814
4305371,RS,Sul,0,0,1,2.948381208792813,-2.6437762298158063
4305405,RS,Sul,0,0,2,3.1147104847477465,-1.3531304936773976
4305439,RS,Sul,0,0,2,2.7953665654228987,-0.07948330778484589
4305447,RS,Sul,0,0,1,1.2776163605684077,-1.780418427230854
4305454,RS,Sul,0,0,2,1.3564365854590175,-0.029754663531149056
4305504,RS,Sul,0,0,2,1.8800842956434538,-2.0007852187532196
4305587,RS,Sul,0,0,1,3.3455441529430696,-2.444285439728459
4305603,RS,Sul,0,0,2,2.8892034879364155,-1.248307416855839
4305702,RS,Sul,0,0,2,2.145735299972763,-0.7483518596639178
4305801,RS,Sul,0,0,2,1.724530037714465,-0.49781954213878593
4305850,RS,Sul,0,0,1,4.429370187105347,-2.597306017092173
4305871,RS,Sul,0,0,1,3.546557967721793,-1.1496418185651025
4305900,RS,Sul,0,0,2,1.5236627048313116,-1.085906118668085
4305959,RS,Sul,0,0,1,3.75517965858692,0.08295619298499603
4305975,RS,Sul,0,0,1,4.147772105315468,-1.5724410630194279
4306007,RS,Sul,0,0,1,1.8852508052859769,0.10938361572632273
4306056,RS,Sul,0,0,2,1.2730576419196171,-0.6532216331436346
4306072,RS,Sul,0,0,1,2.594412578754315,-2.852432307038608
4306106,RS,Sul,0,0,2,1.6078516796110656,1.6836908438436633
4306130,RS,Sul,0,0,1,2.874923720791802,-2.2861021478162167
4306205,RS,Sul,0,0,1,1.5328960182551776,0.3221772664410345
4306304,RS,Sul,0,0,2,1.6027481390889151,-1.5080883077406644
4306320,RS,Sul,0,0,1,1.6553386509785128,-1.5435591766121426
4306379,RS,Sul,0,0,1,1.9173850148141915,-2.105359984698927
4306403,RS,Sul,0,0,2,2.3406240880010487,2.7691181976475203
4306452,RS,Sul,0,0,1,3.2776872261117873,-0.7298352071384434
4306502,RS,Sul,0,0,2,0.767016624259347,-0.7116727306419476
4306551,RS,Sul,0,0,1,1.4865819834511027,-1.9495357450804407
4306601,RS,Sul,0,0,2,0.3350947643038958,0.5814511815686102
4306700,RS,Sul,0,0,1,3.226385616714695,-2.0944095978402846
4306734,RS,Sul,0,0,1,3.1320036802650972,-0.4806667859274435
4306759,RS,Sul,0,0,1,3.886291142687876,-2.5756486011157844
4306767,RS,Sul,0,0,2,0.06312615851531601,1.966460856092305
4306809,RS,Sul,0,0,2,2.0467575068492514,1.698242803906893
4306908,RS,Sul,0,0,2,1.2030282487004356,-0.22552321301040185
4306924,RS,Sul,0,0,1,0.9790869415577308,-2.342462030563695
4306932,RS,Sul,0,0,2,0.9707797030406755,0.3502756022843049
4306957,RS,Sul,0,0,2,4.547938072326993,1.1349724561328693
4306973,RS,Sul,0,0,2,1.5168427424012874,-1.0255345914266172
4307005,RS,Sul,0,0,2,2.026626462114744,3.112190141390113
4307054,RS,Sul,0,0,1,3.2278420892254895,-2.1496197054273907
4307104,RS,Sul,0,0,2,0.7151809311464772,-1.5789056622098714
4307203,RS,Sul,0,0,2,1.954419888255146,-1.6269810379469
4307302,RS,Sul,0,0,1,0.1987110318336244,-0.7222618824520189
4307401,RS,Sul,0,0,1,3.6732664500093466,-1.0231940137165572
4307450,RS,Sul,0,0,1,2.5178894426756226,-1.8296525584706997
4307500,RS,Sul,0,0,2,2.480903731520268,-0.03751518253651891
4307559,RS,Sul,0,0,1,2.411076524689422,-0.04202081324874797
4307609,RS,Sul,0,0,2,1.7438163605332637,1.8075642222370472
4307708,RS,Sul,0,0,2,1.7749047970362752,2.344820508015283
4307807,RS,Sul,0,0,2,1.9087674609312777,1.974404833129218
4307815,RS,Sul,0,0,1,2.483740218178694,-2.719801005651107
4307831,RS,Sul,0,0,1,3.3355384436455244,-2.1560743095032406
4307864,RS,Sul,0,0,1,3.126135413657147,-1.4199742901281047
4307906,RS,Sul,0,0,2,1.70030694160046,2.622223413082778
4308003,RS,Sul,0,0,2,1.8574722620685202,-0.1886073262685763
4308052,RS,Sul,0,0,1,3.7468724178856476,-2.497615668763767
4308078,RS,Sul,0,0,1,1.219020061014158,-1.1158015250438171
4308102,RS,Sul,0,0,2,1.0874636501598414,0.5028907084304077
4308201,RS,Sul,0,0,2,2.326819280775163,2.1762795151032104
4308250,RS,Sul,0,0,1,2.8524941944779876,-3.794453572361444
4308300,RS,Sul,0,0,2,0.8354875374429998,-0.7728854499557051
4308409,RS,Sul,0,0,2,1.4304457758675222,-1.3945998113224605
4308433,RS,Sul,0,0,1,1.811350008038772,-2.941914183858508
4308458,RS,Sul,0,0,2,1.7682151869928884,-0.7865321529432098
4308508,RS,Sul,0,0,2,1.3198871488282662,1.0323839982491274
4308607,RS,Sul,0,0,2,2.057191451738138,2.939593059502277
4308706,RS,Sul,0,0,1,2.0259656334195535,0.5872140590766304
4308805,RS,Sul,0,0,1,-0.014649880647677636,-0.4093782227186475
4308854,RS,Sul,0,0,1,2.600802983005595,-2.7279267255916038
4308904,RS,Sul,0,0,2,2.14306063599661,0.9766732269658207
4309001,RS,Sul,0,0,2,1.8294984020622995,0.33778787263718524
4309050,RS,Sul,0,0,1,-0.015706953996807823,1.7359274326521859
4309100,RS,Sul,0,0,2,1.9096648532275817,1.5448630016775398
4309126,RS,Sul,0,0,1,1.8258007333696504,-3.434165528161522
4309159,RS,Sul,0,0,1,2.897657759911354,-2.365364352700829
4309209,RS,Sul,0,0,2,0.6255569757202379,3.813366425708322
4309258,RS,Sul,0,0,1,3.3565986325176485,-2.8239126086053625
4309308,RS,Sul,0,0,2,1.3399924873934588,3.102324610019587
4309407,RS,Sul,0,0,2,2.529679478249507,1.7247005453240165
4309506,RS,Sul,0,0,2,2.555225528395863,-0.22077533809829245
4309555,RS,Sul,0,0,2,2.7256693127857203,-0.1480113269893215
4309571,RS,Sul,0,0,1,2.8160916302350545,-2.352981939664712
4309605,RS,Sul,0,0,1,2.81221884549079,2.4261169595284473
4309654,RS,Sul,0,0,2,2.1073498835278572,-0.5247176770222277
4309704,RS,Sul,0,0,1,2.7411691728017975,-1.4957451014034413
4309753,RS,Sul,0,0,2,1.8417578523934477,-2.0971499056044056
4309803,RS,Sul,0,0,2,3.812953927653298,-1.4355650347880236
4309902,RS,Sul,0,0,1,1.642043308783754,-1.4374050819438857
4309951,RS,Sul,0,0,2,2.129462706065445,-1.580239816832
4310009,RS,Sul,0,0,2,2.343562009288369,1.2313625838823528
4310108,RS,Sul,0,0,2,1.7515489979964556,2.4072170040916427
4310207,RS,Sul,0,0,2,1.7141756377914614,2.4220811968118046
4310306,RS,Sul,0,0,1,1.1141616666471783,-0.9596746471706203
4310330,RS,Sul,0,0,2,0.8148601274603529,1.054985114673932
4310363,RS,Sul,0,0,1,5.4265364688983215,1.3160189627998848
4310405,RS,Sul,0,0,1,2.8823724874293113,0.432187325829147
4310413,RS,Sul,0,0,1,2.533775964194831,-2.0873413156557996
4310439,RS,Sul,0,0,2,1.7662100295536627,-1.218153308653033
4310462,RS,Sul,0,0,1,3.868021904003253,-1.7334132938829656
4310504,RS,Sul,0,0,1,1.4436874138366114,-1.7806101997653394
4310538,RS,Sul,0,0,1,0.6015128898135687,0.27932416915119646
4310553,RS,Sul,0,0,1,1.4787355879901225,-2.3739459368578815
4310579,RS,Sul,0,0,1,3.0310740986969504,-3.022086551280438
4310603,RS,Sul,0,0,2,2.0184288078636174,0.9886057030966184
4310652,RS,Sul,0,0,2,1.7672721973923307,-2.4818090524764282
4310702,RS,Sul,0,0,2,1.7540835620595945,-2.4420958740675185
4310751,RS,Sul,0,0,1,1.0851627280641258,-3.3325903414665667
4310801,RS,Sul,0,0,1,1.6511756598658789,1.3561212917762326
4310850,RS,Sul,0,0,2,3.1456392617733706,-2.147142252803974
4310900,RS,Sul,0,0,1,2.751416375848625,-1.6886897345489735
4311007,RS,Sul,0,0,2,1.1558818376485447,-0.11099220295349037
4311106,RS,Sul,0,0,2,1.5996952703495422,-0.565232728743227
4311122,RS,Sul,0,0,2,1.6782857676202707,-1.514889852703674
4311130,RS,Sul,0,0,1,2.874063437601846,-2.9320789093386623
4311155,RS,Sul,0,0,1,1.8493934841938833,-0.6209131701614733
4311205,RS,Sul,0,0,2,2.353473153464356,0.04049329282968498
4311239,RS,Sul,0,0,1,0.7891793067617361,-3.922603053461449
4311254,RS,Sul,0,0,2,1.370572258827894,-2.1218908043172924
4311270,RS,Sul,0,0,1,2.78014184194448,-1.7394547755912637
4311304,RS,Sul,0,0,2,1.6726925541358222,1.4201953195806138
4311403,RS,Sul,0,0,2,1.6843815067177448,2.324192059236045
4311429,RS,Sul,0,0,2,0.28826570616701286,-2.3848718474210155
4311502,RS,Sul,0,0,1,1.8848487019065556,-2.070353951834833
4311601,RS,Sul,0,0,2,1.8346277389953995,-2.312518743013133
4311627,RS,Sul,0,0,2,3.095211309650701,1.8677839021173663
4311643,RS,Sul,0,0,1,3.4716196152820453,-3.0981223204764197
4311700,RS,Sul,0,0,2,1.9475685063971635,-1.1800269372301309
4311718,RS,Sul,0,0,2,3.613027386168265,-2.233134748955253
4311734,RS,Sul,0,0,1,0.9613437439424328,-1.9947612660582459
4311759,RS,Sul,0,0,2,2.073275791843313,-1.3768798201251595
4311775,RS,Sul,0,0,1,1.0841895299388986,-0.9327886548447719
4311791,RS,Sul,0,0,1,1.6552136816924632,-2.728622957819237
4311809,RS,Sul,0,0,2,2.396495635201212,2.4160861250437327
4311908,RS,Sul,0,0,1,2.570554769406862,-1.7516363045867396
4311981,RS,Sul,0,0,1,0.9631484354370172,-1.9253528938112676
4312005,RS,Sul,0,0,1,2.2011411758938477,-1.7774037101463855
4312054,RS,Sul,0,0,1,3.022768811453262,-1.4177505804643127
4312104,RS,Sul,0,0,2,1.2580943894471468,-1.1703652490751595
4312138,RS,Sul,0,0,1,1.6529914495511853,-2.228595792953173
4312153,RS,Sul,0,0,2,2.2885476838359256,-0.19314244345148582
4312179,RS,Sul,0,0,1,2.185846102649701,-2.4981940533962868
4312203,RS,Sul,0,0,2,1.7047863703154746,-1.3498898130096573
4312252,RS,Sul,0,0,2,1.9494152919693724,-0.4902368351305356
4312302,RS,Sul,0,0,2,0.5333765615198457,-0.054426875712734746
4312351,RS,Sul,0,0,1,3.9184899752782747,-2.4303130945020097
4312377,RS,Sul,0,0,1,2.314753763338418,-1.8137560121972462
4312385,RS,Sul,0,0,1,1.7872227230945932,-2.2216509669812434
4312401,RS,Sul,0,0,2,1.2389165193868026,3.2515876564659463
4312427,RS,Sul,0,0,1,2.0636996033547814,-1.8224778265579824
4312443,RS,Sul,0,0,2,1.4499373798177202,-2.836229793968717
4312450,RS,Sul,0,0,2,0.9773480005560763,-1.2582920754527385
4312476,RS,Sul,0,0,2,2.1125478952954,0.6813470178209597
4312500,RS,Sul,0,0,2,1.741544017817344,-0.006723985977767782
4312609,RS,Sul,0,0,2,3.576331566602479,0.6802495690086688
4312617,RS,Sul,0,0,2,4.469010389729295,-0.40473911940840496
4312625,RS,Sul,0,0,1,1.4267525594495623,-2.0721963267148666
4312658,RS,Sul,0,0,2,2.7737429098563817,1.8135645757816612
4312708,RS,Sul,0,0,2,0.5950251471838475,0.3039782364690926
4312757,RS,Sul,0,0,2,1.862700624067346,-0.8456774645875398
4312807,RS,Sul,0,0,1,3.356510852296356,0.6276538958871574
4312906,RS,Sul,0,0,2,2.921316938151751,1.573256186725149
4312955,RS,Sul,0,0,1,3.954648002460065,-0.9202727717077896
4313003,RS,Sul,0,0,1,1.8262345436417418,-0.9930027420123791
4313011,RS,Sul,0,0,1,2.7978115096589375,-0.8190451358059392
4313037,RS,Sul,0,0,2,2.3055949360662513,-0.967165701429276
4313060,RS,Sul,0,0,2,1.7144383050237315,2.173724071960776
4313086,RS,Sul,0,0,1,2.6099770990700746,-1.6277789056748975
4313102,RS,Sul,0,0,2,1.837935914035645,0.5190745423848446
4313201,RS,Sul,0,0,2,2.402682876754669,1.1507005547898401
4313300,RS,Sul,0,0,2,2.1002025562761246,1.6990488353480038
4313334,RS,Sul,0,0,1,3.424377640184984,-1.8089352241067407
4313359,RS,Sul,0,0,1,3.05880418700551,-0.028793176715867973
4313375,RS,Sul,0,0,1,0.6572562195094699,2.3611726609953116
4313391,RS,Sul,0,0,1,0.8773572505155781,-1.727885059171427
4313409,RS,Sul,0,0,2,0.7305307564545164,3.397762491392714
4313425,RS,Sul,0,0,1,2.739826852155674,-1.8311761802754944
4313441,RS,Sul,0,0,1,2.5299854965143718,-2.5716625914990927
4313490,RS,Sul,0,0,2,1.3858548289812165,-1.3040467845775916
4313508,RS,Sul,0,0,2,1.062453572290614,1.6122504309880474
4313607,RS,Sul,0,0,1,2.617395021778854,-1.7219525767950532
4313656,RS,Sul,0,0,2,1.5335380964904277,1.0592070266286084
4313706,RS,Sul,0,0,2,1.0002323115554874,0.32474434740108704
4313805,RS,Sul,0,0,2,1.5368018357880575,-0.7138548376330971
4313904,RS,Sul,0,0,2,2.1011807618141307,2.3437905610145995
4313953,RS,Sul,0,0,2,2.131197013104427,0.18849181447732594
4314001,RS,Sul,0,0,2,2.752572014972153,-0.02917719849794529
4314027,RS,Sul,0,0,2,2.1140718334271087,-1.7084002480399159
4314035,RS,Sul,0,0,1,1.6765344575990615,-1.2126038534828654
4314050,RS,Sul,0,0,2,1.5353975784539153,1.9011343402779657
4314068,RS,Sul,0,0,1,1.3016517775148817,-1.9203918989559112
4314076,RS,Sul,0,0,2,1.5713135036668984,-0.437628168087669
4314100,RS,Sul,0,0,2,0.6888764051151268,3.1911892062374587
4314134,RS,Sul,0,0,1,3.4229816118812364,-0.3708813687229131
4314159,RS,Sul,0,0,2,1.6829380748099154,0.2635742338510963
4314175,RS,Sul,0,0,1,3.0493762534831017,-3.76299079026367
4314209,RS,Sul,0,0,2,1.873881298412777,-0.7212247473982943
4314308,RS,Sul,0,0,2,3.600913718413614,-1.6816095254122432
4314407,RS,Sul,0,0,2,0.40439181776473104,2.646681762363904
4314423,RS,Sul,0,0,1,2.3086712058119727,1.1517346415743408
4314456,RS,Sul,0,0,1,3.447496863907429,-1.1018560231293892
4314464,RS,Sul,0,0,1,2.955064322678032,0.19912799510813484
4314472,RS,Sul,0,0,2,3.9700294190562677,2.2981164305584407
4314498,RS,Sul,0,0,2,1.1424041390442932,-2.079051166931115
4314506,RS,Sul,0,0,2,1.3428192947780846,0.4980286379872397
4314555,RS,Sul,0,0,1,3.6905600774975773,-2.7247165404255744
4314605,RS,Sul,0,0,2,0.5810216538685226,-0.954939156397133
4314704,RS,Sul,0,0,2,0.26337554881644354,-0.22651978875393247
4314753,RS,Sul,0,0,1,2.987435712593097,-1.1878748055711343
4314779,RS,Sul,0,0,1,2.924179181305315,-2.2589135708317514
4314787,RS,Sul,0,0,1,2.628665244389277,-2.4798562284880283
4314803,RS,Sul,0,0,2,1.8288516845094296,1.794469496737089
4314902,RS,Sul,1,0,2,0.31748267386440376,4.4566153747431745
4315008,RS,Sul,0,0,2,1.617987788761961,-1.6476874684768685
4315057,RS,Sul,0,0,1,2.4526832570312584,-2.5163739550029636
4315073,RS,Sul,0,0,1,0.12908499628551895,-3.2935153901758483
4315107,RS,Sul,0,0,2,0.6120306277617584,-0.832006303986202
4315131,RS,Sul,0,0,1,2.3747286561031813,-3.5583070559134047
4315149,RS,Sul,0,0,1,1.1356208138225363,0.4136762669706773
4315156,RS,Sul,0,0,1,1.44623826516514,-2.4994698785146414
4315172,RS,Sul,0,0,1,3.236772203232866,-1.6209943355349656
4315206,RS,Sul,0,0,1,3.0457685117509583,-1.357217216289615
4315305,RS,Sul,0,0,2,0.34504599720416357,0.23543524084302941
4315313,RS,Sul,0,0,1,2.701712994085493,-2.3155234327599463
4315321,RS,Sul,0,0,1,3.521581040392919,-0.9303257639691905
4315354,RS,Sul,0,0,2,2.3341393444090675,-1.3674220943775195
4315404,RS,Sul,0,0,2,-0.13823867350941305,-0.8564123704658103
4315503,RS,Sul,0,0,2,1.0374052462533918,-0.13109684225622406
4315552,RS,Sul,0,0,2,1.5917087562635392,-2.87048036457472
4315602,RS,Sul,0,0,2,0.2809611763341271,3.102506272839633
4315701,RS,Sul,0,0,2,0.04161832259493737,0.9151284360960991
4315750,RS,Sul,0,0,2,1.3289313756161314,0.1199010222599199
4315800,RS,Sul,0,0,1,2.0016348898217267,1.3821610900976304
4315909,RS,Sul,0,0,2,2.45664945904532,-0.8043204691317908
4316006,RS,Sul,0,0,2,1.3185341191626678,1.5653193138696786
4316105,RS,Sul,0,0,2,1.7432535608935351,-0.8105590247791872
4316204,RS,Sul,0,0,1,3.320348117539008,-0.9703599899613229
4316303,RS,Sul,0,0,2,2.4383058650283065,0.5889104307437946
4316402,RS,Sul,0,0,2,0.5968517485541827,0.8117433072765793
4316428,RS,Sul,0,0,1,1.7879054432608288,-1.9946833749594999
4316436,RS,Sul,0,0,1,2.883152858115967,-1.7650499458550186
4316451,RS,Sul,0,0,2,1.9276373816754033,2.2490105360494477
4316477,RS,Sul,0,0,2,3.127124842715749,-1.1660975144921644
4316501,RS,Sul,0,0,1,2.0062030983541352,-0.15320619686709355
4316600,RS,Sul,0,0,2,2.0970064558988524,0.5897772061597333
4316709,RS,Sul,0,0,2,3.7131954687823048,-0.9273146170305675
4316733,RS,Sul,0,0,1,2.83950264257762,-1.8944910840304876
4316758,RS,Sul,0,0,2,1.9349207271181768,1.1302110781209824
4316808,RS,Sul,0,0,2,2.1078773122852144,3.20369177611267
4316907,RS,Sul,0,0,2,0.505287617937381,2.852944479191167
4316956,RS,Sul,0,0,1,1.7871549031661855,-0.6200379651624609
4316972,RS,Sul,0,0,1,3.146842288111641,-1.170367542968474
4317004,RS,Sul,0,0,2,0.4278318817627884,-1.4414225817221251
4317103,RS,Sul,0,0,2,-0.0112711897301188,1.6447395295136107
4317202,RS,Sul,0,0,2,1.2724623888397963,2.162862958093229
4317301,RS,Sul,0,0,2,1.2614654284620757,0.40247015312183587
4317400,RS,Sul,0,0,2,0.7106794352012048,0.7187819478821608
4317509,RS,Sul,0,0,2,0.8187129212049835,1.9125835848695087
4317558,RS,Sul,0,0,1,3.3209851624752003,-2.4864766441359865
4317608,RS,Sul,0,0,2,0.5910570711994759,1.555317423433782
4317707,RS,Sul,0,0,2,0.5980409214140303,-0.12069460967138869
4317756,RS,Sul,0,0,1,2.966193329397049,-2.0585536633215975
4317806,RS,Sul,0,0,2,2.5718148278852393,-0.30775666079049707
4317905,RS,Sul,0,0,2,2.8070920520173908,-0.03825949847767634
4317954,RS,Sul,0,0,2,3.1080268916348937,-2.70827929871797
4318002,RS,Sul,0,0,2,1.0254898711123788,0.9157795375854286
4318051,RS,Sul,0,0,1,3.1234259782048683,-0.8295114838252298
4318101,RS,Sul,0,0,2,0.6944452336732225,-0.3913014989616615
4318200,RS,Sul,0,0,2,0.5944950973401306,0.14907195218652153
4318309,RS,Sul,0,0,2,0.514304425188568,1.533065329836399
4318408,RS,Sul,0,0,2,0.01636667080226996,1.1260984191852461
4318424,RS,Sul,0,0,2,3.300965343285915,-1.5016545325979938
4318432,RS,Sul,0,0,1,2.7147186273980286,-1.0186721606935152
4318440,RS,Sul,0,0,1,3.4953098840238885,-1.61966467142629
4318457,RS,Sul,0,0,1,2.9609922604721444,-2.3789124257209697
4318465,RS,Sul,0,0,1,3.2945907070278926,-2.8346746096388826
4318481,RS,Sul,0,0,1,0.722626108544227,-0.8409320890624944
4318499,RS,Sul,0,0,1,2.1029088556058406,-1.3071657145175948
4318507,RS,Sul,0,0,2,-0.2981651403762071,0.03115397800758475
4318606,RS,Sul,0,0,2,2.5531602654267487,-1.0882163219189063
4318614,RS,Sul,0,0,1,0.81760040931407,-2.3818398844930506
4318622,RS,Sul,0,0,1,1.0202465334847801,-0.6004502583443564
4318705,RS,Sul,0,0,2,0.988969720444489,3.3125474999397064
4318804,RS,Sul,0,0,2,1.3030523817684156,0.4813368395859281
4318903,RS,Sul,0,0,2,1.50754477768137,1.2874624795122842
4319000,RS,Sul,0,0,2,2.3267531546512394,1.5849545839566985
4319109,RS,Sul,0,0,1,3.5458424161662934,-0.619957061278947
4319125,RS,Sul,0,0,2,2.8561350905881704,-2.0903458155754993
4319158,RS,Sul,0,0,2,2.040399007525798,-0.7516086847559066
4319208,RS,Sul,0,0,2,2.2004373764413376,-1.4917390523075156
4319307,RS,Sul,0,0,1,2.6714481484555455,-1.6018187084206255
4319356,RS,Sul,0,0,1,2.4262464523785865,-1.2159346416493477
4319364,RS,Sul,0,0,1,1.0669564639008842,-3.3744934240962525
4319372,RS,Sul,0,0,2,3.2716247826727054,-1.820393812075263
4319406,RS,Sul,0,0,2,1.354036792791516,-0.15216194133115804
4319505,RS,Sul,0,0,2,0.5076189715150142,1.339164910438212
4319604,RS,Sul,0,0,2,2.0229632011531837,-0.1688935496508326
4319703,RS,Sul,0,0,1,2.3837353702194726,-1.8376337154029003
4319711,RS,Sul,0,0,1,2.928813870186108,-0.704227466656374
4319737,RS,Sul,0,0,1,2.2740763901184438,-2.7712755038150645
4319752,RS,Sul,0,0,2,3.3185490624788265,-0.7173582226568511
4319802,RS,Sul,0,0,2,3.1594549627212074,0.4134445938416494
4319901,RS,Sul,0,0,2,1.6424266850779867,3.2629345501952196
4320008,RS,Sul,0,0,2,1.0367186083355817,2.9577308349405143
4320107,RS,Sul,0,0,2,1.9566383902881468,0.8116770029714113
4320206,RS,Sul,0,0,2,2.7340447360192695,0.012541814228520562
4320230,RS,Sul,0,0,1,3.5950429645930697,-1.5639702348054045
4320263,RS,Sul,0,0,2,0.5421915718543422,-1.4017537672849876
4320305,RS,Sul,0,0,2,2.4692844313548616,-1.0301733029144307
4320321,RS,Sul,0,0,1,2.080573405028485,-1.7209799678061042
4320354,RS,Sul,0,0,1,0.16263351329742673,-1.743830196246748
4320404,RS,Sul,0,0,2,1.8628243106386773,1.035267757248184
4320453,RS,Sul,0,0,1,2.6468946572645695,-3.9930699471948796
4320503,RS,Sul,0,0,1,3.2426452051200885,-2.181668115509131
4320552,RS,Sul,0,0,1,0.6273621837419627,0.4235689177532311
4320578,RS,Sul,0,0,1,2.650217344712914,-3.251462684592937
4320602,RS,Sul,0,0,1,1.3334348120903678,-1.519742965015609
4320651,RS,Sul,0,0,1,-0.04495694370781805,-2.3414395411060247
4320677,RS,Sul,0,0,1,0.11847841402127038,-0.9793024379894611
4320701,RS,Sul,0,0,2,1.4662624283379944,0.22938351871064913
4320800,RS,Sul,0,0,2,1.3567363852205083,1.2284626023901433
4320859,RS,Sul,0,0,2,0.6832306503425912,-1.9529132727891094
4320909,RS,Sul,0,0,2,2.745828698166675,2.121108024298049
4321006,RS,Sul,0,0,2,2.6388966505557505,0.010532116076788448
4321105,RS,Sul,0,0,2,1.3159740718280584,-0.2653077299468921
4321204,RS,Sul,0,0,2,0.2939143146852896,1.4656116601561207
4321303,RS,Sul,0,0,2,1.477994158759977,1.5020904686363574
4321329,RS,Sul,0,0,2,3.5775288283717903,-1.31821857355867
4321352,RS,Sul,0,0,2,-0.009363196644492101,-0.7763024815113633
4321402,RS,Sul,0,0,2,1.3415106258914788,0.05539259155149155
4321436,RS,Sul,0,0,2,0.30434797407489783,-0.71834658356983
4321451,RS,Sul,0,0,2,1.6561833710723455,2.261795991895442
4321469,RS,Sul,0,0,1,1.8013425365682314,-1.4459138488369874
4321477,RS,Sul,0,0,1,0.9773387102425141,0.21779367099024027
4321493,RS,Sul,0,0,1,2.3593650506066863,-3.129527555736482
4321501,RS,Sul,0,0,2,0.526698835732757,1.4624179692481465
4321600,RS,Sul,0,0,2,0.7571900065916398,1.6321004726949555
4321626,RS,Sul,0,0,1,2.455656096249402,-2.576855734419092
4321634,RS,Sul,0,0,1,2.738928044223265,-2.0150276513934866
4321667,RS,Sul,0,0,2,1.2202355199910422,-0.06763878704476335
4321709,RS,Sul,0,0,1,2.082080269958575,1.5987064471843553
4321808,RS,Sul,0,0,2,1.5178959915909545,0.8764129690532283
4321832,RS,Sul,0,0,2,1.054622481938125,-2.444955784812394
4321857,RS,Sul,0,0,2,2.7829145795617474,-1.624917448490472
4321907,RS,Sul,0,0,2,1.962401411460939,1.0725768077980247
4321956,RS,Sul,0,0,2,0.944610461985482,0.7959280477087789
4322004,RS,Sul,0,0,2,2.7909222094782264,3.3915985466404974
4322103,RS,Sul,0,0,2,3.1673759997617044,-0.6922034989660049
4322152,RS,Sul,0,0,1,-0.5342563531433159,-1.908785469109387
4322202,RS,Sul,0,0,2,2.1389502459716208,-0.12532918244615393
4322251,RS,Sul,0,0,1,2.956814314941034,0.9342023335359363
4322301,RS,Sul,0,0,2,1.5330476292011548,0.43690434013967344
4322327,RS,Sul,0,0,1,2.668226491996845,-2.208931571961647
4322343,RS,Sul,0,0,1,0.8819320980474814,-3.216054415449917
4322376,RS,Sul,0,0,2,1.788061685799788,-3.085183881351756
4322400,RS,Sul,0,0,2,0.14135995740657178,1.7637225501722305
4322509,RS,Sul,0,0,2,0.7292048152907927,1.426250903098366
4322525,RS,Sul,0,0,1,1.9422525462651683,-2.2956028472198575
4322533,RS,Sul,0,0,2,1.148671217833692,-1.0397280042730432
4322541,RS,Sul,0,0,2,2.4807205963226724,0.2853129723355143
4322558,RS,Sul,0,0,1,2.719551571716316,-2.6521503910101707
4322608,RS,Sul,0,0,2,1.0317819793579504,2.8094734355054314
4322707,RS,Sul,0,0,2,1.0226331524528347,0.8327111244293299
4322806,RS,Sul,0,0,1,2.479995817907925,2.0026183587928474
4322855,RS,Sul,0,0,1,3.9284111446404717,-2.3579168244266566
4322905,RS,Sul,0,0,2,3.5984603368392305,-1.9060333352057084
4323002,RS,Sul,0,0,2,-1.0966535729491547,2.915133915102379
4323101,RS,Sul,0,0,1,2.6807966444653983,-2.180452034240662
4323200,RS,Sul,0,0,1,2.9643649396380276,-1.5569087661024055
4323309,RS,Sul,0,0,1,4.246638771943543,0.16404181097177828
4323358,RS,Sul,0,0,1,4.026750903092424,-1.773163227429556
4323408,RS,Sul,0,0,2,3.8781236693112895,-0.45788298041914866
4323457,RS,Sul,0,0,1,2.0164375444760783,-1.3200652891434037
4323507,RS,Sul,0,0,2,2.9209972084299793,-2.212014569007817
4323606,RS,Sul,0,0,1,3.909966889577576,-2.658311834223462
4323705,RS,Sul,0,0,1,2.6623734328907265,-2.259286154648345
4323754,RS,Sul,0,0,1,2.355964830720789,-1.0443908131531552
4323770,RS,Sul,0,0,1,2.4671337359041874,-1.0141682410671444
4323804,RS,Sul,0,0,1,1.894344681825637,0.7225862914281241
5000203,MS,Centro-Oeste,0,0,1,1.0029127480542284,1.8668708840045334
5000252,MS,Centro-Oeste,0,0,1,2.1168596417924896,-0.3462747757493631
5000609,MS,Centro-Oeste,0,0,1,-0.20919039557625205,1.3558912820758795
5000708,MS,Centro-Oeste,0,0,2,0.698345190109111,0.47017115070741383
5000807,MS,Centro-Oeste,0,0,1,2.070887384405237,-0.4794429390363713
5000856,MS,Centro-Oeste,0,0,2,2.464426348463556,0.8739529937142004
5000906,MS,Centro-Oeste,0,0,1,1.111796054554637,0.5477690177864522
5001003,MS,Centro-Oeste,0,0,1,1.7097956137579784,1.9283991367627917
5001102,MS,Centro-Oeste,0,0,1,-1.4940748292823103,1.3276804021789006
5001243,MS,Centro-Oeste,0,0,1,1.2517672217414662,-0.357227886472705
5001508,MS,Centro-Oeste,0,0,1,1.6776597880194486,-0.8653598642027506
5001904,MS,Centro-Oeste,0,0,1,1.0653952413724854,1.4750182917644057
5002001,MS,Centro-Oeste,0,0,1,2.1249849419146676,0.39374989475547184
5002100,MS,Centro-Oeste,0,0,1,-0.6269598009225441,-0.13707665631402566
5002159,MS,Centro-Oeste,0,0,1,-1.1495749064899805,0.5899305685689962
5002209,MS,Centro-Oeste,0,0,1,0.22831735090295416,0.7451201969628094
5002308,MS,Centro-Oeste,0,0,1,2.4095058724612834,-0.2838749480070932
5002407,MS,Centro-Oeste,0,0,2,1.9880029451332426,0.7670580323084923
5002605,MS,Centro-Oeste,0,0,2,1.7663519691594014,-0.5353171121884986
5002704,MS,Centro-Oeste,1,0,2,-0.45801913037004693,4.103315293167014
5002803,MS,Centro-Oeste,0,0,1,1.3446878803483755,-1.2406432430924204
5002902,MS,Centro-Oeste,0,0,1,1.0242523443207834,0.6100822401624845
5002951,MS,Centro-Oeste,0,0,1,0.7442694631156863,0.6839572093779498
5003108,MS,Centro-Oeste,0,0,1,1.5571961382986934,-0.9637767023921731
5003157,MS,Centro-Oeste,0,0,1,-0.602138202846991,-0.1180327495768358
5003207,MS,Centro-Oeste,0,0,1,-0.4305744647192153,1.8827769384788684
5003256,MS,Centro-Oeste,0,0,1,2.9502215898490083,1.417424037502687
5003306,MS,Centro-Oeste,0,0,1,0.37676029474200123,1.1377466135255379
5003454,MS,Centro-Oeste,0,0,2,1.3857626839038173,-0.37551228625387323
5003488,MS,Centro-Oeste,0,0,1,0.11602135564582096,-0.9781031213443342
5003504,MS,Centro-Oeste,0,0,1,1.5811621876697473,-0.830433379467619
5003702,MS,Centro-Oeste,0,0,2,1.1672292036552725,2.839267020838994
5003751,MS,Centro-Oeste,0,0,1,1.139325242808502,0.35895461248469235
5003801,MS,Centro-Oeste,0,0,1,1.0596533103604695,0.7820511179393602
5003900,MS,Centro-Oeste,0,0,1,3.195716553887406,-1.427977779222029
5004007,MS,Centro-Oeste,0,0,1,2.024314188288718,-0.42333404756348597
5004106,MS,Centro-Oeste,0,0,1,0.5358900003752203,0.20275530910835593
5004304,MS,Centro-Oeste,0,0,1,0.5879589039216712,0.07695382606703911
5004403,MS,Centro-Oeste,0,0,1,0.9455145230517694,-0.7669861730616699
5004502,MS,Centro-Oeste,0,0,2,1.1863569529554696,-0.12626426738431035
5004601,MS,Centro-Oeste,0,0,1,0.747409143772458,1.0187639216513649
5004700,MS,Centro-Oeste,0,0,1,0.7872161356413193,1.441462120648596
5004809,MS,Centro-Oeste,0,0,2,0.3445457925968192,-1.0306689787553187
5004908,MS,Centro-Oeste,0,0,1,0.34535139941742776,-0.6834070686467596
5005004,MS,Centro-Oeste,0,0,1,-0.6079424762108386,0.14911734072125987
5005103,MS,Centro-Oeste,0,0,2,3.3424745032545977,-2.0579209398346965
5005152,MS,Centro-Oeste,0,0,1,2.2974125506815413,-0.10815663056918033
5005202,MS,Centro-Oeste,0,0,1,-1.1622168758054852,0.14157215471043158
5005251,MS,Centro-Oeste,0,0,1,2.364762229444793,-0.549202412935294
5005400,MS,Centro-Oeste,0,0,1,0.9885987369849826,1.1671603710384937
5005608,MS,Centro-Oeste,0,0,1,-0.5733833390885752,-0.23620288528688518
5005681,MS,Centro-Oeste,0,0,2,2.0163243083426874,1.3868953694866566
5005707,MS,Centro-Oeste,0,0,1,1.4660315785689852,2.140257911958599
5005806,MS,Centro-Oeste,0,0,1,-0.45601259005442063,0.09695272713945415
5006002,MS,Centro-Oeste,0,0,1,1.5318392774390834,0.9741312755590282
5006200,MS,Centro-Oeste,0,0,1,1.5207758790667456,1.9333408378294192
5006259,MS,Centro-Oeste,0,0,1,3.2695424158272792,-0.1725228508811811
5006275,MS,Centro-Oeste,0,0,1,4.144697275695576,0.2585832002024818
5006309,MS,Centro-Oeste,0,0,1,1.3625050576924018,1.7484474081280659
5006358,MS,Centro-Oeste,0,0,1,-0.2017939628029049,-0.34508463891573765
5006408,MS,Centro-Oeste,0,0,1,1.856982639680642,-0.3079001590606099
5006606,MS,Centro-Oeste,0,0,2,1.0106957370941638,1.412519002478031
5006903,MS,Centro-Oeste,0,0,1,-0.1423767281799947,-1.031478681877028
5007109,MS,Centro-Oeste,0,0,1,1.4754023455988527,0.40885466321759295
5007208,MS,Centro-Oeste,0,0,1,1.8148008988613427,2.1946946316454765
5007307,MS,Centro-Oeste,0,0,1,2.1268819637200855,-0.7581279088248415
5007406,MS,Centro-Oeste,0,0,1,1.4414216259620112,0.14618635164134497
5007505,MS,Centro-Oeste,0,0,1,1.5906883435214536,0.5378915182345294
5007554,MS,Centro-Oeste,0,0,1,1.5248828037360658,-0.6512888462111809
5007695,MS,Centro-Oeste,0,0,2,1.610485045493017,0.9727010245990817
5007703,MS,Centro-Oeste,0,0,1,0.5947083231680061,-0.8426470182808193
5007802,MS,Centro-Oeste,0,0,1,3.6373445595720653,2.9354215756339186
5007901,MS,Centro-Oeste,0,0,1,-0.5121213959851597,1.1430959751481475
5007935,MS,Centro-Oeste,0,0,1,2.0303590779610796,0.4123691368119737
5007950,MS,Centro-Oeste,0,0,1,-0.4244304719341332,-1.0043089519863215
5007976,MS,Centro-Oeste,0,0,1,3.0560602799290093,-0.9183484978602713
5008008,MS,Centro-Oeste,0,0,2,1.3687547133290938,0.018053053556591352
5008305,MS,Centro-Oeste,0,0,1,1.9665926844234405,4.3456651966638065
5008404,MS,Centro-Oeste,0,0,2,2.696886450294343,-0.5423320949850234
5100102,MT,Centro-Oeste,0,1,1,-2.8521947406557135,3.264822139335479
5100201,MT,Centro-Oeste,0,1,1,0.29272315897442613,1.3339244537249562
5100250,MT,Centro-Oeste,0,1,1,1.1971336892168631,2.056688788337464
5100300,MT,Centro-Oeste,0,1,1,0.7582758617332657,1.609332931498789
5100359,MT,Centro-Oeste,0,1,1,-0.11632583410572324,-0.12111175093375622
5100409,MT,Centro-Oeste,0,1,1,2.6620372660660223,0.46190889249857703
5100508,MT,Centro-Oeste,0,1,1,-0.6813420557776398,-1.173684802511645
5100607,MT,Centro-Oeste,0,1,1,2.836729362809563,0.337479024625194
5100805,MT,Centro-Oeste,0,1,1,-0.7843248715890134,0.4761087874575696
5101001,MT,Centro-Oeste,0,1,1,0.33120853262102157,-1.044795746200257
5101209,MT,Centro-Oeste,0,1,1,1.3761647659187402,-2.545269414522954
5101258,MT,Centro-Oeste,0,1,1,1.4798781006394464,2.086750678414419
5101308,MT,Centro-Oeste,0,1,1,0.7543406824724559,0.4309109626665503
5101407,MT,Centro-Oeste,0,1,1,1.1592377881740068,3.0468991548488042
5101605,MT,Centro-Oeste,0,1,2,-1.2426575650189469,-1.3470114032418568
5101704,MT,Centro-Oeste,0,1,1,-0.9037894209533773,2.1946900301106074
5101803,MT,Centro-Oeste,0,1,2,-0.1472782589610279,2.0350861614960927
5101852,MT,Centro-Oeste,0,1,1,1.42668749677143,-0.38736428248332766
5101902,MT,Centro-Oeste,0,1,1,0.12515176009045734,0.35283870101280806
5102504,MT,Centro-Oeste,0,1,1,-1.553198712278831,1.9126566449518307
5102603,MT,Centro-Oeste,0,1,1,-1.6309164438115868,-0.4005427621683425
5102637,MT,Centro-Oeste,0,1,2,1.186670368537125,1.6055913981467052
5102678,MT,Centro-Oeste,0,1,2,2.094465478126922,1.4543445489652729
5102686,MT,Centro-Oeste,0,1,1,3.1810092766794926,0.7571582159420066
5102694,MT,Centro-Oeste,0,1,1,2.8289468123806665,-0.6264332865223243
5102702,MT,Centro-Oeste,0,1,1,0.08509142793154602,1.0191025019167512
5102793,MT,Centro-Oeste,0,1,1,-0.292519715630491,0.02564444861773755
5102850,MT,Centro-Oeste,0,1,1,0.8629592551309014,-0.7675700286110457
5103007,MT,Centro-Oeste,0,1,1,-1.0414454297949942,0.7897630146675815
5103056,MT,Centro-Oeste,0,1,1,2.3798622946235053,1.0750795357721867
5103106,MT,Centro-Oeste,0,1,1,0.9677031231592373,-0.049390344419014305
5103205,MT,Centro-Oeste,0,1,1,0.19596056670438033,2.3749171859649625
5103254,MT,Centro-Oeste,0,1,1,-1.6354711762905656,1.220133378528591
5103304,MT,Centro-Oeste,0,1,1,-0.4875227790860749,1.4990571138753734
5103353,MT,Centro-Oeste,0,1,1,-0.0020320691339392933,1.6096501005021666
5103361,MT,Centro-Oeste,0,1,1,0.17239833121871395,-0.9238002492719244
5103379,MT,Centro-Oeste,0,1,1,0.2593627158460986,0.30392999251314656
5103403,MT,Centro-Oeste,1,1,2,-0.1626681447589894,4.167026156121075
5103437,MT,Centro-Oeste,0,1,1,1.3384538883946753,-0.6667597548470121
5103452,MT,Centro-Oeste,0,1,1,1.133399018558892,-0.1826769571330927
5103502,MT,Centro-Oeste,0,1,2,2.554719831649302,1.0634033399674132
5103601,MT,Centro-Oeste,0,1,1,1.1430957687416248,-0.1884808529571375
5103700,MT,Centro-Oeste,0,1,1,0.06887434097423387,0.7102954107263116
5103809,MT,Centro-Oeste,0,1,1,1.2159833107006888,-0.9855448852554225
5103858,MT,Centro-Oeste,0,1,1,0.5269178107793617,0.10233611378013058
5103908,MT,Centro-Oeste,0,1,2,-0.2742430773489387,-0.37316246995922947
5103957,MT,Centro-Oeste,0,1,1,2.6726707008202655,-1.4704037518274273
5104104,MT,Centro-Oeste,0,1,1,-1.8790608685919765,1.9939309278797732
5104203,MT,Centro-Oeste,0,1,1,0.8616304698808488,-0.22662621719217813
5104500,MT,Centro-Oeste,0,1,1,2.406669277392618,-0.2749539139684524
5104526,MT,Centro-Oeste,0,1,1,4.116066958744511,0.06715433338112782
5104542,MT,Centro-Oeste,0,1,1,1.977748673747921,-0.3567331372024583
5104559,MT,Centro-Oeste,0,1,1,2.258323571827502,-0.49401674896363423
5104609,MT,Centro-Oeste,0,1,1,1.938455177863596,1.1014122208881554
5104807,MT,Centro-Oeste,0,1,1,1.420372080513447,1.422217283469336
5104906,MT,Centro-Oeste,0,1,2,-0.9057706823293361,-0.21754017585372004
5105002,MT,Centro-Oeste,0,1,1,1.8206448345972297,1.63470351818763
5105101,MT,Centro-Oeste,0,1,2,-0.5713518947854759,1.6206912743674535
5105150,MT,Centro-Oeste,0,1,1,0.22846894744421054,1.4007239182335822
5105176,MT,Centro-Oeste,0,1,1,-1.0830237023171774,0.7079294915197373
5105200,MT,Centro-Oeste,0,1,1,0.8079925055002244,0.4140312749724181
5105234,MT,Centro-Oeste,0,1,1,1.5897018854618605,-0.8497326185903625
5105259,MT,Centro-Oeste,0,1,1,1.5159381610829208,2.7186260857642486
5105309,MT,Centro-Oeste,0,1,1,-0.8716890070017067,-2.6112241725377587
5105507,MT,Centro-Oeste,0,1,2,0.2029729970794713,0.34091124170958004
5105580,MT,Centro-Oeste,0,1,1,1.1455549130876712,0.7188853398056556
5105606,MT,Centro-Oeste,0,1,1,1.2729033237235023,1.3153066359936798
5105622,MT,Centro-Oeste,0,1,2,0.4535989154821995,0.567182419169292
5105903,MT,Centro-Oeste,0,1,2,1.3212878867220825,2.162303187888346
5106000,MT,Centro-Oeste,0,1,1,1.030153210894599,-0.7951584164518344
5106109,MT,Centro-Oeste,0,1,2,-0.6599416636424742,1.0063641382950765
5106158,MT,Centro-Oeste,0,1,1,-0.6426245315590368,-0.6019002630145752
5106174,MT,Centro-Oeste,0,1,1,-1.0321440236199437,-2.2993438699523705
5106182,MT,Centro-Oeste,0,1,1,0.5764574867662372,0.4909629962803091
5106190,MT,Centro-Oeste,0,1,1,2.1299224951324143,0.0687594739741511
5106208,MT,Centro-Oeste,0,1,1,0.9432730374149442,0.13703844399572163
5106216,MT,Centro-Oeste,0,1,1,0.7216441176987483,1.1384901388764126
5106224,MT,Centro-Oeste,0,1,1,1.9654890103857414,2.4189699682697894
5106232,MT,Centro-Oeste,0,1,1,2.3496438474810164,1.2622145187658038
5106240,MT,Centro-Oeste,0,1,1,1.425007767917718,0.5699780598432855
5106257,MT,Centro-Oeste,0,1,1,1.286791413697673,1.5536110028000223
5106265,MT,Centro-Oeste,0,1,1,0.9750356697684304,-0.32733571568507913
5106273,MT,Centro-Oeste,0,1,1,1.903011931957431,-0.7131147512602583
5106281,MT,Centro-Oeste,0,1,1,1.9270664984098114,-1.324920083086938
5106299,MT,Centro-Oeste,0,1,1,0.7925212557642152,1.9253251542889362
5106307,MT,Centro-Oeste,0,1,1,0.2719092967863,0.6841783217983165
5106315,MT,Centro-Oeste,0,1,1,0.5609385823133392,-1.7522036541155475
5106372,MT,Centro-Oeste,0,1,1,0.7721211023266012,1.6785266021130307
5106422,MT,Centro-Oeste,0,1,1,-0.5165519567904145,1.1682045577606013
5106455,MT,Centro-Oeste,0,1,1,1.7668237057844416,-0.6765912888252714
5106505,MT,Centro-Oeste,0,1,1,-1.6276423256891848,0.8692399011956706
5106653,MT,Centro-Oeste,0,1,1,0.6689290291178007,-0.8757738337310935
5106703,MT,Centro-Oeste,0,1,1,1.2029370538052788,-2.5604569537784774
5106752,MT,Centro-Oeste,0,1,1,1.1109997308623076,2.843609733926669
5106778,MT,Centro-Oeste,0,1,1,0.09476439043205426,0.07508136754071879
5106802,MT,Centro-Oeste,0,1,1,3.2243993419789247,-0.5212338484190076
5106828,MT,Centro-Oeste,0,1,1,0.048868767539693846,-0.3220255579834563
5106851,MT,Centro-Oeste,0,1,1,-0.7245635703538765,-1.9611329572860645
5107008,MT,Centro-Oeste,0,1,2,0.4485609412312659,0.3201063935727378
5107040,MT,Centro-Oeste,0,1,2,1.7697824290767354,2.314495215172039
5107065,MT,Centro-Oeste,0,1,1,1.4680457349650216,1.7249872109378697
5107107,MT,Centro-Oeste,0,1,1,-1.1231965940428594,0.24120678619698518
5107156,MT,Centro-Oeste,0,1,1,1.0589576825849638,-2.1586502099535623
5107180,MT,Centro-Oeste,0,1,1,-0.9865745401191606,0.26669842091081936
5107198,MT,Centro-Oeste,0,1,1,2.524353128222631,-1.464690555341364
5107206,MT,Centro-Oeste,0,1,1,1.2762155685465015,-0.14428135275097964
5107248,MT,Centro-Oeste,0,1,1,3.830886517478156,0.27861697069180585
5107263,MT,Centro-Oeste,0,1,1,3.123272791479798,-1.4954844461444323
5107297,MT,Centro-Oeste,0,1,1,1.4034282858267022,-1.6927928442521567
5107305,MT,Centro-Oeste,0,1,1,0.2674713257504271,0.9457406861810109
5107354,MT,Centro-Oeste,0,1,1,1.6775779318453607,-0.549796272228999
5107404,MT,Centro-Oeste,0,1,1,1.4756474495138976,-1.0289449655300726
5107578,MT,Centro-Oeste,0,1,2,-0.6078555728252364,-2.10877816185356
5107602,MT,Centro-Oeste,0,1,1,-0.06405425665767751,3.853669574316041
5107701,MT,Centro-Oeste,0,1,1,-0.7848575134355364,-1.2869649111220187
5107743,MT,Centro-Oeste,0,1,1,1.9862762412029729,-1.2499805853763981
5107750,MT,Centro-Oeste,0,1,1,1.9998377281435884,-1.0738745952200348
5107768,MT,Centro-Oeste,0,1,1,3.582071868964504,0.05867642304571774
5107776,MT,Centro-Oeste,0,1,1,-0.5024298082661722,-1.9911073743177925
5107792,MT,Centro-Oeste,0,1,1,1.7365300181743264,-1.1199001337286771
5107800,MT,Centro-Oeste,0,1,1,-0.5536391991613562,0.5153528852020973
5107859,MT,Centro-Oeste,0,1,1,-0.22502319121603898,0.8675342130829569
5107875,MT,Centro-Oeste,0,1,1,1.0726393222528756,1.148008927341519
5107883,MT,Centro-Oeste,0,1,1,1.9812164118083002,-1.9256358308264567
5107909,MT,Centro-Oeste,0,1,2,0.7546621751208212,3.4515650603898744
5107925,MT,Centro-Oeste,0,1,1,1.9274022534150383,2.585022355447694
5107941,MT,Centro-Oeste,0,1,1,1.1482341226363886,0.012161514922225329
5107958,MT,Centro-Oeste,0,1,1,-0.1911824938734927,3.090483421464997
5108006,MT,Centro-Oeste,0,1,1,2.7777995724412947,0.42221851425556617
5108055,MT,Centro-Oeste,0,1,1,0.20819674799253438,0.5473360195720576
5108105,MT,Centro-Oeste,0,1,1,3.066706782112557,-2.9914808022719703
5108204,MT,Centro-Oeste,0,1,1,1.0322759874712903,-0.9003764921615315
5108303,MT,Centro-Oeste,0,1,1,3.927585371224123,-0.5941679849847862
5108352,MT,Centro-Oeste,0,1,1,-0.7124685984807545,-1.5155905570639785
5108402,MT,Centro-Oeste,0,1,2,-0.8108513150899541,3.922898468107118
5108501,MT,Centro-Oeste,0,1,1,1.982968153399742,0.4385820245770977
5108600,MT,Centro-Oeste,0,1,1,-0.7530998849442151,0.8070153713122009
5108808,MT,Centro-Oeste,0,1,1,-0.001826263314507981,-0.4122051570741176
5108857,MT,Centro-Oeste,0,1,1,2.2483425539008026,0.7234608511406443
5108907,MT,Centro-Oeste,0,1,1,2.6665358015993736,-0.28260025842843334
5108956,MT,Centro-Oeste,0,1,1,0.7098224984924467,0.27068796496249775
5200050,GO,Centro-Oeste,0,0,1,-0.46978561852170175,1.576821053939842
5200100,GO,Centro-Oeste,0,0,1,-0.9300141906433953,0.7634008259875262
5200134,GO,Centro-Oeste,0,0,1,2.0291312615284305,1.0401462846936034
5200159,GO,Centro-Oeste,0,0,1,1.2895299140662007,-1.4323832720943368
5200175,GO,Centro-Oeste,0,0,1,1.7454790716294069,-1.1933734811312635
5200209,GO,Centro-Oeste,0,0,1,1.5017141683551998,-1.2255426482112284
5200258,GO,Centro-Oeste,0,0,1,-2.100381975505781,2.968316476524837
5200308,GO,Centro-Oeste,0,0,1,-0.13866065638108774,2.6094821460244177
5200506,GO,Centro-Oeste,0,0,1,1.7670282975461875,-2.917171768414798
5200555,GO,Centro-Oeste,0,0,1,3.8124322828605233,2.8686425622351135
5200605,GO,Centro-Oeste,0,0,1,-0.2418691583804706,0.6612759825470105
5200803,GO,Centro-Oeste,0,0,1,-0.6788779850255343,-0.12350762683857745
5200829,GO,Centro-Oeste,0,0,1,1.6840213029295241,-3.1066982330162136
5200852,GO,Centro-Oeste,0,0,1,0.6008412077932204,-0.5264180172852343
5200902,GO,Centro-Oeste,0,0,1,1.7419217585136098,-2.153298492199616
5201108,GO,Centro-Oeste,0,0,1,0.1905865436831675,4.834073367164966
5201207,GO,Centro-Oeste,0,0,1,1.0500820272917029,-3.171820681540993
5201306,GO,Centro-Oeste,0,0,1,-0.4442960813723192,1.7483473521292627
5201405,GO,Centro-Oeste,0,0,1,-0.8389422190279641,4.698315177009419
5201454,GO,Centro-Oeste,0,0,1,3.0137854669447504,-1.252971928456739
5201504,GO,Centro-Oeste,0,0,1,1.7301811934020415,0.5733972450127511
5201603,GO,Centro-Oeste,0,0,1,1.4199451343859986,-0.6871803200502227
5201702,GO,Centro-Oeste,0,0,1,-0.3637975541262749,0.9173172209130093
5201801,GO,Centro-Oeste,0,0,1,-1.5409671155224163,0.04454892444878894
5202155,GO,Centro-Oeste,0,0,1,-0.25172531659330744,-1.0401998904333432
5202353,GO,Centro-Oeste,0,0,1,4.110146305559283,0.06376515162519657
5202502,GO,Centro-Oeste,0,0,1,2.084048344564148,-0.3336808263232208
5202601,GO,Centro-Oeste,0,0,1,2.483280115701231,-0.6009614290809022
5202809,GO,Centro-Oeste,0,0,1,2.0068469340454844,-1.8455574642856478
5203104,GO,Centro-Oeste,0,0,1,1.3990629646625923,-1.5750575616609066
5203203,GO,Centro-Oeste,0,0,1,3.218106315290622,3.165393207083043
5203302,GO,Centro-Oeste,0,0,1,1.0929403974092113,2.696966370884252
5203401,GO,Centro-Oeste,0,0,1,2.7822788006552113,-1.0226038492185823
5203500,GO,Centro-Oeste,0,0,1,0.8113653154042891,0.9807833393073612
5203559,GO,Centro-Oeste,0,0,1,-0.13167629747406767,0.057561768302917385
5203575,GO,Centro-Oeste,0,0,1,0.8907618601563654,-1.5135241476554782
5203609,GO,Centro-Oeste,0,0,1,-0.13945009303379713,0.7259103856471143
5203807,GO,Centro-Oeste,0,0,1,1.3590105045528191,-0.2923084079071029
5203906,GO,Centro-Oeste,0,0,1,1.204581873524513,0.49502007592508546
5203939,GO,Centro-Oeste,0,0,1,2.427578219248531,-1.1691444271476061
5203962,GO,Centro-Oeste,0,0,1,1.4859926934363816,1.8582928258510045
5204003,GO,Centro-Oeste,0,0,1,1.1461172637118855,-0.7391365010789078
5204102,GO,Centro-Oeste,0,0,1,0.8828695222682168,0.7894618027148064
5204201,GO,Centro-Oeste,0,0,1,1.8507984836592755,-2.1072244396533018
5204250,GO,Centro-Oeste,0,0,1,2.734674696663571,1.2923722084336484
5204300,GO,Centro-Oeste,0,0,1,1.7986607549475624,1.7919675718018024
5204409,GO,Centro-Oeste,0,0,1,0.09679702611753428,0.11960975673567303
5204508,GO,Centro-Oeste,0,0,1,-0.3165373754068247,2.8073347707161203
5204557,GO,Centro-Oeste,0,0,1,0.7236134923953889,-0.5824685391341361
5204607,GO,Centro-Oeste,0,0,1,0.6889805827856099,-0.3243270004307315
5204656,GO,Centro-Oeste,0,0,1,0.3959512589926188,-1.5338061114343797
5204706,GO,Centro-Oeste,0,0,1,-0.511793019855802,-0.226563648650132
5204805,GO,Centro-Oeste,0,0,1,2.337058799411334,-0.35535307473293687
5204854,GO,Centro-Oeste,0,0,1,1.8715571438388383,0.3500227842114645
5204904,GO,Centro-Oeste,0,0,1,-1.0729535193800783,0.6648420240650095
5204953,GO,Centro-Oeste,0,0,1,0.2201200207425129,-0.6200199811083217
5205000,GO,Centro-Oeste,0,0,1,1.2643580705787567,0.6617167686235961
5205059,GO,Centro-Oeste,0,0,1,1.177390951121646,-1.3605283734440068
5205109,GO,Centro-Oeste,0,0,1,0.8711563038117222,3.3261656995670776
5205208,GO,Centro-Oeste,0,0,1,0.8333829239559659,-0.6526518385017392
5205307,GO,Centro-Oeste,0,0,1,0.5001767259208357,0.8098164931311312
5205406,GO,Centro-Oeste,0,0,1,1.5893215538448406,1.5131394404742442
5205455,GO,Centro-Oeste,0,0,1,2.2581693057482473,1.705693266194846
5205471,GO,Centro-Oeste,0,0,1,3.6625426334003968,2.310363136211908
5205497,GO,Centro-Oeste,0,0,1,-0.46522340417281727,2.234123929526638
5205513,GO,Centro-Oeste,0,0,1,0.9269139722388849,1.1542707520812194
5205521,GO,Centro-Oeste,0,0,1,0.8205060502151715,-1.5224629576212914
5205703,GO,Centro-Oeste,0,0,1,3.345970829776318,-2.0938428605480857
5205802,GO,Centro-Oeste,0,0,1,0.18049669192908344,-0.5271615225543886
5205901,GO,Centro-Oeste,0,0,1,1.9733416490366698,0.6907386364527761
5206206,GO,Centro-Oeste,0,0,1,1.2705952142974664,1.7441243364265284
5206305,GO,Centro-Oeste,0,0,1,2.227315214739246,-0.0830624970713096
5206404,GO,Centro-Oeste,0,0,1,1.6362997186116073,0.8218830845918936
5206503,GO,Centro-Oeste,0,0,1,1.3915502813516258,-1.5676250617010434
5206602,GO,Centro-Oeste,0,0,1,1.6425942661351673,-0.6124641436472793
5206701,GO,Centro-Oeste,0,0,1,-0.9829329389552446,-1.3399906878549679
5206800,GO,Centro-Oeste,0,0,1,2.213376378362897,-1.5183215303177844
5206909,GO,Centro-Oeste,0,0,1,3.0202131176644946,1.5928194127482425
5207105,GO,Centro-Oeste,0,0,1,2.410438905320572,-1.772600091135052
5207253,GO,Centro-Oeste,0,0,1,2.0289093633581907,-1.2376170285915213
5207352,GO,Centro-Oeste,0,0,1,3.9614298171531375,0.6502964981738906
5207402,GO,Centro-Oeste,0,0,1,2.383243169881587,1.6565261358422732
5207501,GO,Centro-Oeste,0,0,1,1.9751536824582043,-0.596235662807993
5207535,GO,Centro-Oeste,0,0,1,-0.8642867010410172,-0.9702949584126245
5207600,GO,Centro-Oeste,0,0,1,0.428820619169698,-1.3387607672257984
5207808,GO,Centro-Oeste,0,0,1,0.5297926063345054,0.5587026095095216
5207907,GO,Centro-Oeste,0,0,1,-0.9221590203112338,-0.5697848055046396
5208004,GO,Centro-Oeste,0,0,1,-1.1089131811565738,2.6335518299618417
5208103,GO,Centro-Oeste,0,0,1,1.0965635491033694,-0.3315926580067931
5208152,GO,Centro-Oeste,0,0,1,3.297439502288422,-1.431015573090631
5208301,GO,Centro-Oeste,0,0,1,0.25503772059558505,-1.5326185117912086
5208400,GO,Centro-Oeste,0,0,1,1.116408809550244,0.7065923557462703
5208509,GO,Centro-Oeste,0,0,1,2.1815944051284597,0.13883275998572792
5208608,GO,Centro-Oeste,0,0,1,0.309980688398948,2.9859019398960696
5208707,GO,Centro-Oeste,1,0,1,-0.3746246039955058,4.750248708744195
5208806,GO,Centro-Oeste,0,0,1,-0.24815942361977275,2.6734827557075267
5208905,GO,Centro-Oeste,0,0,1,0.5771091730991367,0.08842544732504093
5209101,GO,Centro-Oeste,0,0,1,0.8626855736044694,1.8762405374965963
5209150,GO,Centro-Oeste,0,0,1,2.8907428957736503,-1.0805476194450976
5209200,GO,Centro-Oeste,0,0,1,0.24169480492928136,0.5863762946003493
5209291,GO,Centro-Oeste,0,0,1,2.368884366313418,-3.120780991797215
5209408,GO,Centro-Oeste,0,0,1,-0.09902316764252898,-0.7156691581313425
5209457,GO,Centro-Oeste,0,0,1,-6.935816362873839e-05,-1.937484027825019
5209606,GO,Centro-Oeste,0,0,1,0.428733465181515,-1.307168560672762
5209705,GO,Centro-Oeste,0,0,1,0.559371765558802,1.8429910518164876
5209804,GO,Centro-Oeste,0,0,1,2.3703766854850614,-0.9116593612713184
5209903,GO,Centro-Oeste,0,0,1,-0.5079025766855585,0.8512354078082358
5209937,GO,Centro-Oeste,0,0,1,1.3451436975979902,-0.9987851996762749
5209952,GO,Centro-Oeste,0,0,1,0.2165235660365118,1.1078458982123671
5210000,GO,Centro-Oeste,0,0,1,0.10415829842271045,2.2770762457171516
5210109,GO,Centro-Oeste,0,0,1,1.7012680400325968,2.146467766977323
5210158,GO,Centro-Oeste,0,0,1,1.727275190190819,-2.8340823610947528
5210208,GO,Centro-Oeste,0,0,1,-0.31309015255039585,0.9627404742876711
5210307,GO,Centro-Oeste,0,0,1,0.7654079660131449,-1.920475915220441
5210406,GO,Centro-Oeste,0,0,1,0.6699685461128806,2.9054798578231744
5210562,GO,Centro-Oeste,0,0,1,1.2599120352837987,-0.8950032499027503
5210604,GO,Centro-Oeste,0,0,1,0.871859328862499,-0.46374293512090947
5210802,GO,Centro-Oeste,0,0,1,2.188172387907419,-1.78566840147772
5210901,GO,Centro-Oeste,0,0,1,0.9807461800701873,1.03337406666339
5211008,GO,Centro-Oeste,0,0,1,1.1542149551916536,-0.43651354356685
5211206,GO,Centro-Oeste,0,0,1,0.382685929376295,0.8345063912267486
5211305,GO,Centro-Oeste,0,0,1,1.6892519577805514,0.11023158684034458
5211404,GO,Centro-Oeste,0,0,1,0.8799714511552764,-0.18462580997506933
5211503,GO,Centro-Oeste,0,0,1,1.063664027863154,3.0357803646326817
5211602,GO,Centro-Oeste,0,0,1,2.5306809263442327,-0.18226358518202582
5211701,GO,Centro-Oeste,0,0,1,1.3401862674389031,0.7087543285924603
5211800,GO,Centro-Oeste,0,0,1,-0.7803957267408469,1.5665467529053148
5211909,GO,Centro-Oeste,0,0,1,0.620938076010936,3.2649221721218415
5212006,GO,Centro-Oeste,0,0,1,2.7791715360532816,-1.55702765636758
5212055,GO,Centro-Oeste,0,0,1,1.0441465753968793,-2.1484848085225328
5212105,GO,Centro-Oeste,0,0,1,2.658613148979934,0.03144009001153569
5212204,GO,Centro-Oeste,0,0,1,0.4650482278789556,0.2831344667800685
5212253,GO,Centro-Oeste,0,0,1,2.329478812935692,-2.068490799526088
5212303,GO,Centro-Oeste,0,0,1,0.05417240297255601,-0.640340398428414
5212501,GO,Centro-Oeste,0,0,1,-0.9378572397241364,3.8525347118325963
5212600,GO,Centro-Oeste,0,0,1,3.122212927618385,-1.5772475821819212
5212709,GO,Centro-Oeste,0,0,1,-1.7793733530298392,-0.31631152505750204
5212808,GO,Centro-Oeste,0,0,1,2.261509990093466,-0.27531373408617205
5212907,GO,Centro-Oeste,0,0,1,1.4351263224808153,-1.1137045886851586
5212956,GO,Centro-Oeste,0,0,1,1.852497690635407,-1.562632984106722
5213004,GO,Centro-Oeste,0,0,1,0.566998572443271,-0.3651053370900536
5213053,GO,Centro-Oeste,0,0,1,0.7105075019248481,-1.8140393831044175
5213087,GO,Centro-Oeste,0,0,1,1.0889725391094605,2.5668495580611386
5213103,GO,Centro-Oeste,0,0,1,-0.3753887083010771,2.5305578481819926
5213400,GO,Centro-Oeste,0,0,1,1.8895152814170175,-3.9223065264614396
5213509,GO,Centro-Oeste,0,0,1,-1.7256534924290272,-0.6840199072085933
5213707,GO,Centro-Oeste,0,0,1,1.4194964614680485,0.028195238554100725
5213756,GO,Centro-Oeste,0,0,1,1.9122545075840724,0.899734125149499
5213772,GO,Centro-Oeste,0,0,1,-0.24952096726875894,-1.15366008793865
5213806,GO,Centro-Oeste,0,0,1,-0.2720157345063754,2.5219332793130893
5213855,GO,Centro-Oeste,0,0,1,1.9555157929561178,-1.8070733264486938
5213905,GO,Centro-Oeste,0,0,1,1.8024661938498534,-0.9671515856221435
5214002,GO,Centro-Oeste,0,0,1,1.689995664084799,2.6086122997298586
5214051,GO,Centro-Oeste,0,0,1,1.2700305103419627,-1.0291882238623113
5214101,GO,Centro-Oeste,0,0,1,0.14457768610507693,-0.8179843034618561
5214408,GO,Centro-Oeste,0,0,1,1.8049271800822586,1.607199568783342
5214507,GO,Centro-Oeste,0,0,1,1.0588885210044527,2.624309676649955
5214606,GO,Centro-Oeste,0,0,1,-0.1686811983681157,0.6203719755623176
5214705,GO,Centro-Oeste,0,0,1,2.367282516300823,-2.0556935732029964
5214804,GO,Centro-Oeste,0,0,1,2.129068914501616,-0.4257589850453022
5214838,GO,Centro-Oeste,0,0,1,1.0247338438721452,-0.6064248375047423
5214861,GO,Centro-Oeste,0,0,1,-0.497450879108996,-1.47018650017144
5214879,GO,Centro-Oeste,0,0,1,1.3883466215954194,-1.680749193775699
5214903,GO,Centro-Oeste,0,0,1,-1.4691413589770392,-0.9208798886508176
5215009,GO,Centro-Oeste,0,0,1,0.7417134396246825,1.1385034422782612
5215207,GO,Centro-Oeste,0,0,1,2.097886917846779,-1.7735998821824133
5215231,GO,Centro-Oeste,0,0,1,-2.5100983334306473,2.3856049610999572
5215256,GO,Centro-Oeste,0,0,1,1.7501278793116573,-1.2192487007640505
5215306,GO,Centro-Oeste,0,0,1,-0.18441874552896698,1.1053735686260544
5215405,GO,Centro-Oeste,0,0,1,3.418532452434002,-1.252179761159572
5215504,GO,Centro-Oeste,0,0,1,4.239065476047432,1.8919517433080528
5215603,GO,Centro-Oeste,0,0,1,-0.5447510813488714,0.9306566955387914
5215652,GO,Centro-Oeste,0,0,1,3.210534115262311,-1.3887217043401128
5215702,GO,Centro-Oeste,0,0,1,1.3603935157765745,2.7719112111501807
5215801,GO,Centro-Oeste,0,0,1,1.7418387361554806,-2.4101342406217108
5215900,GO,Centro-Oeste,0,0,1,3.0149733063351087,-1.0754221441973297
5216007,GO,Centro-Oeste,0,0,1,2.937266546705521,-0.8703135461053892
5216304,GO,Centro-Oeste,0,0,1,1.869838285416303,-0.031198477964707965
5216403,GO,Centro-Oeste,0,0,1,2.5115328601343556,0.12748967149477208
5216452,GO,Centro-Oeste,0,0,1,3.6655839556501704,1.292099581104456
5216809,GO,Centro-Oeste,0,0,1,1.014965891612102,-0.602711361013503
5216908,GO,Centro-Oeste,0,0,1,2.8621069668874743,-0.9733902890044073
5217104,GO,Centro-Oeste,0,0,1,0.19617440700406796,0.48346228706381333
5217203,GO,Centro-Oeste,0,0,1,2.8204406462295966,1.4178233545947172
5217302,GO,Centro-Oeste,0,0,1,-0.5654540454089361,1.5152306567707237
5217401,GO,Centro-Oeste,0,0,1,1.7285133102223078,2.120542357611241
5217609,GO,Centro-Oeste,0,0,1,-1.4064431957155041,2.1603602978042673
5217708,GO,Centro-Oeste,0,0,1,0.09699652177145592,0.24234173397270278
5218003,GO,Centro-Oeste,0,0,1,-0.9984656772119973,1.7025866703465142
5218052,GO,Centro-Oeste,0,0,1,2.600330985399947,-1.0013900288629984
5218102,GO,Centro-Oeste,0,0,1,2.4065261903984254,-0.30346504787332057
5218300,GO,Centro-Oeste,0,0,1,-0.9026420464218492,1.557560816010776
5218391,GO,Centro-Oeste,0,0,1,0.43913890332950034,-1.3928763417769447
5218508,GO,Centro-Oeste,0,0,1,0.9572588916391569,2.663947501280795
5218607,GO,Centro-Oeste,0,0,1,1.842433348733226,0.9476972918537302
5218706,GO,Centro-Oeste,0,0,1,0.7801976454741864,-0.38962177086440875
5218789,GO,Centro-Oeste,0,0,1,1.8961504835271399,-0.3705747871076067
5218805,GO,Centro-Oeste,0,0,1,-0.6345710847151683,4.160283789113056
5218904,GO,Centro-Oeste,0,0,1,0.3324337388650957,1.9614690082854351
5219001,GO,Centro-Oeste,0,0,1,1.9839755383608404,0.45720793830200857
5219100,GO,Centro-Oeste,0,0,1,1.6021845261029792,0.3816725511733491
5219209,GO,Centro-Oeste,0,0,1,3.5660081644152557,-2.584618163600687
5219258,GO,Centro-Oeste,0,0,1,2.3652101698150156,0.8168752307857776
5219357,GO,Centro-Oeste,0,0,1,2.402281847776594,-1.9570177449905832
5219407,GO,Centro-Oeste,0,0,1,0.764625068686605,-0.8057450871674219
5219456,GO,Centro-Oeste,0,0,1,1.419063601043288,-2.4920411039076473
5219506,GO,Centro-Oeste,0,0,1,2.536194366606172,-1.25026597618213
5219605,GO,Centro-Oeste,0,0,1,1.6564359008709681,-1.5113160644615564
5219704,GO,Centro-Oeste,0,0,1,-0.7972426294472872,-1.0563384120795158
5219712,GO,Centro-Oeste,0,0,1,2.936595897986211,1.0268187753965545
5219738,GO,Centro-Oeste,0,0,1,1.4685341278229687,0.7438231684855077
5219753,GO,Centro-Oeste,0,0,1,-1.388877489733537,1.7313695023187792
5219803,GO,Centro-Oeste,0,0,1,-0.0011565853858738456,0.38427437510684137
5219902,GO,Centro-Oeste,0,0,1,1.8918691135531143,-0.3883002237341418
5220009,GO,Centro-Oeste,0,0,1,0.2576228066216074,-0.9671394963457337
5220058,GO,Centro-Oeste,0,0,1,2.5957596344638674,-1.6452235592158393
5220108,GO,Centro-Oeste,0,0,1,0.6944096920874375,2.4533090858887183
5220157,GO,Centro-Oeste,0,0,1,1.0332901065639832,-0.5443609062696145
5220207,GO,Centro-Oeste,0,0,1,-0.6338162187492657,0.6388725486310842
5220264,GO,Centro-Oeste,0,0,1,3.008094742379352,-1.279978005136048
5220280,GO,Centro-Oeste,0,0,1,2.7654260910920483,-1.6944077958508204
5220405,GO,Centro-Oeste,0,0,1,2.2529055041713737,2.95890156637621
5220454,GO,Centro-Oeste,0,0,1,0.32054270311025423,3.711902342348489
5220504,GO,Centro-Oeste,0,0,1,1.7430869200932224,1.2808693998290661
5220603,GO,Centro-Oeste,0,0,1,1.9223786274499783,0.5086001839600405
5220686,GO,Centro-Oeste,0,0,1,1.389796595100768,1.0022009311055269
5220702,GO,Centro-Oeste,0,0,1,-0.30880440579369695,-2.9848775181252813
5221007,GO,Centro-Oeste,0,0,1,1.6964863735257727,-0.6070919153389801
5221080,GO,Centro-Oeste,0,0,1,-0.0040487793267741075,-1.4410241018929157
5221197,GO,Centro-Oeste,0,0,1,0.6919123551205285,0.9728315015251507
5221304,GO,Centro-Oeste,0,0,1,0.5831908105683153,-1.8895767109135875
5221403,GO,Centro-Oeste,0,0,1,-0.2705276250126803,3.4158646149382577
5221452,GO,Centro-Oeste,0,0,1,2.329046852215395,-1.833377355004854
5221502,GO,Centro-Oeste,0,0,1,1.1463471000563292,-0.0697410250838532
5221551,GO,Centro-Oeste,0,0,1,1.7779185259971158,0.26410640398893437
5221577,GO,Centro-Oeste,0,0,1,0.5700831086469779,-1.816199994076802
5221601,GO,Centro-Oeste,0,0,2,0.005307277361027393,1.5433068308555233
5221700,GO,Centro-Oeste,0,0,1,0.4889208079548645,0.5812685839907432
5221809,GO,Centro-Oeste,0,0,1,3.1625897650649444,-1.3072903626848167
5221858,GO,Centro-Oeste,0,0,1,-1.0403930124779608,2.7946120776286367
5221908,GO,Centro-Oeste,0,0,1,1.856798657283393,-0.16675180469554218
5222005,GO,Centro-Oeste,0,0,1,1.044938067689958,0.06310568273068769
5222054,GO,Centro-Oeste,0,0,1,2.4347147631085413,0.7363373075119514
5222203,GO,Centro-Oeste,0,0,1,0.3667746982551854,0.4605062877731526
5222302,GO,Centro-Oeste,0,0,1,1.7724652172321789,-0.695307994201536
5300108,DF,Centro-Oeste,1,0,1,-1.3683248265606613,4.4676059317702475
